time/time_elapsed,time/total_timesteps,time/iterations,rollout/ep_len_mean,time/fps,rollout/ep_rew_mean,train/entropy_loss,train/value_loss,train/n_updates,train/learning_rate,train/clip_range,train/loss,train/approx_kl,train/policy_gradient_loss,train/clip_fraction,train/explained_variance,eval/mean_reward,eval/mean_ep_length
2,2048,1,218.0,905,-65.32423466666667,,,,,,,,,,,,
5,4096,2,245.875,816,-68.8431346875,-3.211621541529894,120.64691383689642,10,0.0003,0.2,61.21099090576172,0.010925669,-0.01151462264097063,0.088671875,-0.0005156993865966797,,
7,6144,3,244.44,805,-67.69828315999999,-3.2034412644803525,114.22154337838292,20,0.0003,0.2,54.85926055908203,0.012396634,-0.012895762122934685,0.128662109375,0.30475616455078125,,
10,8192,4,246.9090909090909,800,-67.60535009090908,-3.1924790680408477,101.59752544909716,30,0.0003,0.2,32.101837158203125,0.010207636,-0.011002966803789604,0.070751953125,0.4164047837257385,,
,10000,,,,,-3.1731634855270388,73.42157751396299,40,0.0003,0.2,29.832496643066406,0.010460331,-0.01041307387786219,0.081494140625,0.5834375023841858,-64.34003143310547,255.2
14,10240,5,252.07692307692307,712,-69.62780005128204,,,,,,,,,,,,
17,12288,6,263.0869565217391,719,-70.25753480434781,-3.1572701893746853,100.54789157956839,50,0.0003,0.2,2.6014933586120605,0.0109296935,-0.01257641700140084,0.115869140625,0.5332329273223877,,
19,14336,7,260.22222222222223,729,-71.7502797962963,-3.1509259156882763,68.86489920169114,60,0.0003,0.2,13.742416381835938,0.0091968365,-0.009693396073998883,0.067724609375,0.634758472442627,,
22,16384,8,264.72131147540983,734,-70.22357932786889,-3.1404677376151087,93.57188441120088,70,0.0003,0.2,37.51274871826172,0.014337736,-0.015947411372326314,0.16064453125,0.6413567066192627,,
24,18432,9,270.3529411764706,740,-69.22217102941177,-3.1176691889762878,24.65641594454646,80,0.0003,0.2,5.327913284301758,0.011156598,-0.010078738130323473,0.092578125,0.846776008605957,,
,20000,,,,,-3.0789790242910384,37.40797179080546,90,0.0003,0.2,41.04081344604492,0.0075086257,-0.007857874438923319,0.038720703125,0.7833306193351746,-54.167802810668945,305.4
29,20480,10,279.64383561643837,699,-69.46707732876712,,,,,,,,,,,,
31,22528,11,286.11538461538464,705,-68.05477705128204,-3.0775558561086656,38.55791757330299,100,0.0003,0.2,8.562627792358398,0.010128329,-0.007090902554773492,0.049560546875,0.7759348750114441,,
34,24576,12,295.1463414634146,711,-67.85177721951219,-3.055469150096178,9.248716413974762,110,0.0003,0.2,6.265176773071289,0.012635505,-0.010442771195812384,0.063330078125,0.8541765213012695,,
37,26624,13,303.7241379310345,716,-67.36954610344827,-3.0002104908227922,17.8192010005936,120,0.0003,0.2,7.841131210327148,0.008953593,-0.007470532049774192,0.0390625,0.7760743498802185,,
39,28672,14,311.1847826086956,721,-66.01642870652175,-2.946202650666237,28.537031799182294,130,0.0003,0.2,23.48027801513672,0.011634904,-0.008263641934172483,0.071630859375,0.8148523569107056,,
,30000,,,,,-2.8933771714568137,10.219584538042545,140,0.0003,0.2,10.989411354064941,0.0096231215,-0.007364301598863676,0.07666015625,0.7545030117034912,-53.74052429199219,703.2
46,30720,15,324.78723404255317,664,-66.03725346808511,,,,,,,,,,,,
48,32768,16,333.9381443298969,670,-66.01997464948454,-2.8345783181488513,33.88974157180637,150,0.0003,0.2,12.310105323791504,0.011918483,-0.010661356647324283,0.141845703125,0.4952419400215149,,
51,34816,17,346.01,678,-66.17496030000001,-2.7962239302694796,21.990907049924136,160,0.0003,0.2,3.785207986831665,0.013039948,-0.009825514795375056,0.143017578125,0.7998625636100769,,
53,36864,18,356.77,683,-66.16183978,-2.7331889264285563,45.00944168753922,170,0.0003,0.2,3.8468589782714844,0.01204094,-0.012767938609613338,0.18671875,0.5294302701950073,,
56,38912,19,374.51,689,-66.02714281,-2.683069659024477,41.79936512056738,180,0.0003,0.2,4.139784812927246,0.010387196,-0.004950475539953913,0.04833984375,0.5910251140594482,,
,40000,,,,,-2.6110185854136945,35.696000774018465,190,0.0003,0.2,1.5935903787612915,0.010799393,-0.003052127145201666,0.093017578125,0.5957485437393188,-73.68675842285157,856.6
63,40960,20,382.62,642,-65.91714281,,,,,,,,,,,,
66,43008,21,408.65,647,-66.76709546000001,-2.6811036191880704,2.0076199367642404,200,0.0003,0.2,1.929748773574829,0.016330786,-0.015376082027796657,0.18603515625,0.9367517232894897,,
68,45056,22,421.81,652,-67.67598939999999,-2.6693328894674777,83.47892566248774,210,0.0003,0.2,75.29484558105469,0.0046183793,-0.005198265232320409,0.008203125,0.5895130634307861,,
71,47104,23,436.36,658,-67.66944296000001,-2.6982229955494406,47.03916818536818,220,0.0003,0.2,2.137666940689087,0.009433245,-0.0056098377739544954,0.072607421875,0.7267436981201172,,
74,49152,24,450.82,663,-68.33681253,-2.7366329342126847,65.85763067305088,230,0.0003,0.2,94.59896850585938,0.007934403,-0.005299306308006635,0.08125,0.6399564743041992,,
,50000,,,,,-2.692430581152439,86.82809924185275,240,0.0003,0.2,130.89947509765625,0.009308465,-0.0046583358714997304,0.04833984375,0.5984233021736145,-72.19607887268066,883.0
81,51200,25,468.54,628,-68.82315764,,,,,,,,,,,,
84,53248,26,482.92,632,-69.73518415000001,-2.675388153642416,54.59488814882934,250,0.0003,0.2,53.59379959106445,0.008230386,-0.005816982054966502,0.068896484375,0.5426589250564575,,
86,55296,27,498.44,637,-70.99306458,-2.6477966248989104,81.54902527965605,260,0.0003,0.2,1.8732119798660278,0.0040994855,-0.002910265732498374,0.0052734375,0.6600468158721924,,
89,57344,28,513.25,642,-71.27745899,-2.650822491943836,78.36179001182317,270,0.0003,0.2,5.44891881942749,0.008217257,-0.005031338091794168,0.0697265625,0.7068133354187012,,
91,59392,29,528.89,645,-71.72870579,-2.6397843889892103,64.10479530915617,280,0.0003,0.2,26.515350341796875,0.009956044,-0.005247036857326748,0.070703125,0.4226282238960266,,
,60000,,,,,-2.6548528753221037,64.61762610320002,290,0.0003,0.2,1.4914050102233887,0.011276513,-0.004362038022372871,0.0662109375,0.6052126884460449,-100.0,1000.0
100,61440,30,544.0,612,-72.24991791,,,,,,,,,,,,
103,63488,31,558.9,615,-72.83460541000001,-2.601024004071951,68.63181040361523,300,0.0003,0.2,2.652862787246704,0.013668476,-0.0038137686780828515,0.228564453125,0.26458191871643066,,
105,65536,32,573.94,619,-73.68630996,-2.5569665975868703,86.95803605243563,310,0.0003,0.2,95.48764038085938,0.0071765287,-0.00460255580037483,0.0580078125,0.7522724270820618,,
108,67584,33,588.52,624,-74.34351105,-2.605770383030176,85.64787710905075,320,0.0003,0.2,26.838130950927734,0.012235401,-0.005220121110687615,0.03486328125,0.7103050947189331,,
110,69632,34,602.86,628,-74.94443078,-2.6393087178468706,74.25921292454004,330,0.0003,0.2,17.083633422851562,0.008972796,-0.004921908252435969,0.13642578125,0.6260603666305542,,
,70000,,,,,-2.6465402327477934,81.69081866256893,340,0.0003,0.2,80.65454864501953,0.017614812,-0.004246210453857202,0.119677734375,0.5105347633361816,-100.0,1000.0
119,71680,35,616.82,601,-75.01680578,,,,,,,,,,,,
121,73728,36,631.69,605,-75.49843456,-2.6801112361252306,84.33137643299997,350,0.0003,0.2,79.78629302978516,0.016031878,-0.005929130434378749,0.161376953125,0.3962576985359192,,
124,75776,37,643.5,609,-75.62719613,-2.6803039692342283,83.80276668518782,360,0.0003,0.2,161.80426025390625,0.010035127,-0.004719724574533757,0.188720703125,0.3107888698577881,,
126,77824,38,657.58,612,-76.15290063,-2.6325163945555685,68.22030972242355,370,0.0003,0.2,46.52180099487305,0.007271258,-0.005924564340966753,0.061328125,0.32138609886169434,,
129,79872,39,673.69,616,-76.84433438,-2.621435261517763,80.81190642938017,380,0.0003,0.2,9.974504470825195,0.0026305749,-0.0019456946047284873,0.00048828125,0.3873300552368164,,
,80000,,,,,-2.5795655228197574,66.60151786766946,390,0.0003,0.2,46.70845413208008,0.006132455,-0.002779992159048561,0.00810546875,0.6276819705963135,-100.0,1000.0
137,81920,40,686.36,595,-77.18949807,,,,,,,,,,,,
140,83968,41,701.47,599,-77.77620755,-2.538825935870409,79.26044188849627,400,0.0003,0.2,20.7296142578125,0.009072045,-0.0026649927778635172,0.037451171875,0.5042142868041992,,
142,86016,42,724.08,602,-78.86905623000001,-2.470371200889349,71.81363101936877,410,0.0003,0.2,21.765621185302734,0.0061957855,-0.004232736859557917,0.017578125,0.6286561489105225,,
145,88064,43,739.48,606,-78.90812548999999,-2.486482545733452,125.82269652187824,420,0.0003,0.2,116.45149993896484,0.018650597,-0.004396237069158815,0.18330078125,0.18599635362625122,,
,90000,,,,,-2.48400871604681,78.72620896324516,430,0.0003,0.2,66.95513916015625,0.008050237,-0.004871804718277417,0.077734375,0.37225645780563354,-100.0,1000.0
153,90112,44,751.96,587,-79.58260466,,,,,,,,,,,,
156,92160,45,766.56,590,-80.29700682999999,-2.4122467644512655,82.04262972213328,440,0.0003,0.2,43.00159454345703,0.011831207,-0.0003375523410795722,0.117724609375,0.2248293161392212,,
158,94208,46,780.88,594,-81.17314319,-2.3877914264798163,83.37130221202969,450,0.0003,0.2,65.43126678466797,0.007646297,-0.0071531222347402945,0.06787109375,0.5605391263961792,,
160,96256,47,795.54,598,-82.35699736000001,-2.4692840434610845,73.32059368118644,460,0.0003,0.2,43.49406433105469,0.0054333457,-0.001627887340146117,0.013232421875,0.30054497718811035,,
163,98304,48,809.19,601,-83.03973545000001,-2.4678113095462324,85.48790517449379,470,0.0003,0.2,34.00857925415039,0.008676428,-0.0056172021930251505,0.053271484375,0.48792314529418945,,
,100000,,,,,-2.464007656276226,86.70169947743416,480,0.0003,0.2,33.259498596191406,0.009018501,-0.004269289062358439,0.146435546875,0.4753929376602173,-100.0,1000.0
171,100352,49,822.11,585,-83.42103956999999,,,,,,,,,,,,
174,102400,50,836.16,588,-84.58220028,-2.417741683125496,81.4475646533072,490,0.0003,0.2,79.00592041015625,0.01483758,-0.003603685116104316,0.061572265625,0.39297622442245483,,
176,104448,51,849.68,591,-85.16876846,-2.396519322693348,88.23655798509716,500,0.0003,0.2,125.15235900878906,0.0057254825,-0.004342212688061409,0.067138671875,0.40713149309158325,,
179,106496,52,860.81,594,-86.03501845999999,-2.3863673500716684,85.67524240985513,510,0.0003,0.2,47.71925735473633,0.0078119794,-0.007560427952557802,0.051611328125,0.4735743999481201,,
181,108544,53,872.35,597,-86.75981013,-2.4285463877022266,78.0744558006525,520,0.0003,0.2,40.1390495300293,0.00955303,-0.005899348280217964,0.05283203125,0.3501846194267273,,
,110000,,,,,-2.458361230790615,75.48244968988001,530,0.0003,0.2,86.61119079589844,0.006331154,-0.004078911426768172,0.049169921875,0.42943447828292847,-100.0,1000.0
189,110592,54,884.94,583,-87.68769475,,,,,,,,,,,,
192,112640,55,896.83,586,-88.57055048000001,-2.4284438721835615,72.3743408292532,540,0.0003,0.2,31.544677734375,0.009789266,-0.006290016935963649,0.070947265625,0.6235793828964233,,
194,114688,56,906.82,589,-89.41481926,-2.471853642165661,85.56725302860141,550,0.0003,0.2,2.319838285446167,0.008260466,-0.0037164921333896926,0.041015625,0.38993167877197266,,
197,116736,57,917.98,591,-90.01481926000001,-2.4941782243549824,85.43236154988408,560,0.0003,0.2,21.280704498291016,0.003144119,-0.002317654683429282,0.000732421875,0.4210178852081299,,
199,118784,58,929.18,594,-91.24190259,-2.507185795158148,91.75253373533488,570,0.0003,0.2,12.187172889709473,0.0049546575,-0.0045417476394504774,0.0099609375,0.4608954191207886,,
,120000,,,,,-2.4782562755048274,83.28965546935797,580,0.0003,0.2,42.64973831176758,0.011570169,-0.00928512219543336,0.07392578125,0.5410230159759521,-100.0,1000.0
207,120832,59,941.03,581,-91.84417531999999,,,,,,,,,,,,
210,122880,60,951.82,584,-92.62986670999999,-2.443608932197094,72.68693670555949,590,0.0003,0.2,7.317694187164307,0.011122456,-0.005380349335609935,0.035302734375,0.30854928493499756,,
212,124928,61,961.86,587,-93.5420258,-2.3121119141578674,78.27124961987138,600,0.0003,0.2,5.257019996643066,0.013342019,-0.00881820197610068,0.162890625,0.6799254417419434,,
215,126976,62,973.71,590,-94.91816217,-2.388681188225746,74.19949510246515,610,0.0003,0.2,70.55493927001953,0.010653511,-0.0038518962828675285,0.1541015625,0.32195085287094116,,
217,129024,63,976.75,592,-95.76159165000001,-2.3491971991956233,89.2842881128192,620,0.0003,0.2,117.1182632446289,0.008094346,-0.006456514752790099,0.072900390625,0.6609398722648621,,
,130000,,,,,-2.2482409439980984,76.16824038550257,630,0.0003,0.2,47.685272216796875,0.010737348,0.0013779609056655318,0.160791015625,0.010125219821929932,-100.0,1000.0
225,131072,64,986.08,579,-96.61390116999999,,,,,,,,,,,,
228,133120,65,993.99,582,-97.47831628,-2.24691464304924,80.11003120839595,640,0.0003,0.2,22.105424880981445,0.008487511,-0.006075228513418551,0.0818359375,0.7049237489700317,,
231,135168,66,999.18,584,-97.93115719000001,-2.199554745107889,73.67354117333889,650,0.0003,0.2,55.5625,0.0068834564,-0.0061376032390398905,0.0923828125,0.5816744565963745,,
233,137216,67,999.18,587,-97.93115719,-2.1571769692003726,68.37870656438172,660,0.0003,0.2,44.70391082763672,0.012015082,-0.006064792274992214,0.1185546875,0.48129820823669434,,
236,139264,68,1004.52,589,-99.25689582999999,-2.1652916952967645,82.27633577212691,670,0.0003,0.2,49.321041107177734,0.0061312877,-0.0037434933001350146,0.0341796875,0.5168697834014893,,
,140000,,,,,-2.1127187579870226,88.40842803269625,680,0.0003,0.2,5.297815322875977,0.0066260966,-0.0033626691281824607,0.02421875,0.7923848032951355,-100.0,1000.0
244,141312,69,1000.0,578,-99.91377082999999,,,,,,,,,,,,
247,143360,70,1001.73,579,-100.007,-2.059447334706783,66.73922198116779,690,0.0003,0.2,45.62940216064453,0.010073821,-0.0035420883068582043,0.054931640625,0.6952505111694336,,
249,145408,71,1003.17,582,-100.0,-2.018696052953601,74.28549917414784,700,0.0003,0.2,36.14502716064453,0.0056990664,-0.003700218998346827,0.018994140625,0.6943222880363464,,
252,147456,72,1003.17,584,-100.0,-2.027105477824807,74.14559394046664,710,0.0003,0.2,29.016075134277344,0.0108142365,-0.003509879308694508,0.051708984375,0.6714845895767212,,
254,149504,73,1003.17,586,-100.0,-2.0629032500088216,85.63968593031169,720,0.0003,0.2,39.511749267578125,0.011779468,-0.008702729917422403,0.084619140625,0.7950882315635681,,
,150000,,,,,-2.0314982857555153,68.28204141780733,730,0.0003,0.2,75.4998550415039,0.011470794,-0.005970219562004786,0.0857421875,0.5501406788825989,-100.0,1000.0
262,151552,74,1000.0,576,-100.0,,,,,,,,,,,,
265,153600,75,1000.0,578,-100.0,-2.0421512641012667,37.89369399100542,740,0.0003,0.2,9.923158645629883,0.01042395,-0.004625438767106971,0.078369140625,0.5806007385253906,,
267,155648,76,1000.0,580,-100.0,-2.051221365481615,88.66631957739591,750,0.0003,0.2,91.0276870727539,0.011079152,-0.004215893323998898,0.006640625,0.7135928869247437,,
270,157696,77,1000.0,582,-100.0,-2.0280145347118377,79.74759754389524,760,0.0003,0.2,23.8309268951416,0.011267317,-0.007142711935739498,0.112939453125,0.7137504816055298,,
273,159744,78,1000.0,584,-100.0,-1.9399768453091384,83.50527453273534,770,0.0003,0.2,88.01399230957031,0.0146690365,-0.00689284825566574,0.143896484375,0.8246212005615234,,
,160000,,,,,-1.913548482209444,71.4229045510292,780,0.0003,0.2,8.615398406982422,0.0057645356,-0.005442904598021414,0.041552734375,0.5831849575042725,-100.0,1000.0
281,161792,79,1000.0,575,-100.0,,,,,,,,,,,,
283,163840,80,1000.0,577,-100.0,-1.8845720373094081,75.43773164302111,790,0.0003,0.2,3.004863977432251,0.008087087,-0.004356663217185997,0.12060546875,0.45555877685546875,,
286,165888,81,1000.0,579,-100.0,-1.9232581950724126,83.06943400353194,800,0.0003,0.2,10.217632293701172,0.0013314646,-0.0016842892873683013,0.000634765625,0.7942272424697876,,
288,167936,82,1000.0,581,-100.0,-1.9190257981419563,78.4286847114563,810,0.0003,0.2,4.570316314697266,0.0054895645,-0.0017060904487152585,0.0095703125,0.7041645050048828,,
291,169984,83,1000.0,583,-100.0,-1.774223518371582,74.54498899877072,820,0.0003,0.2,43.90006637573242,0.010211284,-0.0035077225053100846,0.0291015625,0.6954314708709717,,
,170000,,,,,-1.6868631657212974,58.11065352410078,830,0.0003,0.2,4.313258171081543,0.004971726,-0.0032315669770468956,0.016162109375,0.7618781328201294,-100.0,1000.0
299,172032,84,1000.0,574,-100.0,,,,,,,,,,,,
302,174080,85,1000.0,576,-100.0,-1.7883961260318757,84.42410404034891,840,0.0003,0.2,52.17109298706055,0.0206412,-0.002247813486610539,0.108349609375,0.26738959550857544,,
304,176128,86,1000.0,578,-100.0,-1.765774293616414,77.27151832524687,850,0.0003,0.2,0.42393893003463745,0.008003224,-0.0019821582798613237,0.197607421875,0.0008188486099243164,,
307,178176,87,1000.0,580,-100.0,-1.7797779627144337,79.00613507181406,860,0.0003,0.2,36.14973068237305,0.0026362543,-0.0022018349631252932,0.00146484375,0.7281724214553833,,
,180000,,,,,-1.7870674654841423,64.19900035001338,870,0.0003,0.2,14.51768970489502,0.004635126,-0.0028850426577264445,0.062451171875,0.789474606513977,-100.0,1000.0
315,180224,88,1000.0,572,-100.0,,,,,,,,,,,,
317,182272,89,1000.0,574,-100.0,-1.7447351969778537,73.31242689266801,880,0.0003,0.2,4.402827739715576,0.0077807037,-0.0024010953242395773,0.014599609375,0.3397483229637146,,
320,184320,90,1000.0,575,-100.0,-1.7236101057380437,72.12892639636993,890,0.0003,0.2,45.69179916381836,0.014821237,-0.005039780979132047,0.0486328125,0.842147707939148,,
322,186368,91,1000.0,577,-100.0,-1.6529868327081203,79.43455060049891,900,0.0003,0.2,93.83264923095703,0.0082991915,-0.005005615585832857,0.10283203125,0.4250904321670532,,
325,188416,92,1000.0,579,-100.0,-1.6323217671364545,78.32472777366638,910,0.0003,0.2,23.265426635742188,0.011775449,-0.0030888010798662434,0.070166015625,0.17538553476333618,,
,190000,,,,,-1.6139151260256768,66.34820136129856,920,0.0003,0.2,49.33665084838867,0.0070917495,-0.0016588940598012414,0.002099609375,0.7692688703536987,-100.0,1000.0
332,190464,93,1000.0,572,-100.0,,,,,,,,,,,,
335,192512,94,1000.0,574,-100.0,-1.6147494789212942,77.62727438360453,930,0.0003,0.2,22.78855323791504,0.005555935,-0.00474464036669815,0.07763671875,0.4522838592529297,,
337,194560,95,1000.0,575,-100.0,-1.5230273723602294,74.33146631419659,940,0.0003,0.2,55.443477630615234,0.006205529,-0.005237289430806413,0.0697265625,0.8094585537910461,,
340,196608,96,1000.0,577,-100.0,-1.5606265917420388,73.71759926527739,950,0.0003,0.2,79.0860366821289,0.008436231,-0.004117501224391163,0.062890625,0.6750802397727966,,
342,198656,97,1000.0,579,-100.0,-1.6617438394576312,81.42189585976303,960,0.0003,0.2,4.588259220123291,0.004433561,-0.005243806789803784,0.12568359375,0.12933874130249023,,
,200000,,,,,-1.5805678896605968,67.2359837166965,970,0.0003,0.2,13.525934219360352,0.0056342892,-0.0049354230432072654,0.059423828125,0.511978030204773,-100.0,1000.0
350,200704,98,1000.0,572,-100.0,,,,,,,,,,,,
353,202752,99,1000.0,573,-100.0,-1.6393841162323952,82.73626140356063,980,0.0003,0.2,9.31126594543457,0.009661341,-0.0019811993985058506,0.047216796875,0.21102666854858398,,
356,204800,100,1000.0,575,-100.0,-1.6054716739803552,73.26073549315333,990,0.0003,0.2,16.33922576904297,0.010866344,-0.0032769178615126293,0.127783203125,-0.013225078582763672,,
358,206848,101,1000.0,576,-100.0,-1.542532018944621,91.18696451485157,1000,0.0003,0.2,26.796236038208008,0.010795413,-0.005379750685824547,0.06943359375,0.7652777433395386,,
361,208896,102,1000.0,578,-100.0,-1.5439806897193193,71.79284287542104,1010,0.0003,0.2,10.790772438049316,0.0068656895,-0.003920348986866884,0.06162109375,0.7442063093185425,,
,210000,,,,,-1.5638924051076173,62.1844254527241,1020,0.0003,0.2,60.94572448730469,0.007587135,-0.0024370910330617336,0.066162109375,0.4020155668258667,-100.0,1000.0
369,210944,103,1000.0,571,-100.0,,,,,,,,,,,,
371,212992,104,1000.0,572,-100.0,-1.4704629898071289,73.11390521004796,1030,0.0003,0.2,5.212592124938965,0.007060431,-0.00322529222103185,0.069873046875,0.1922871470451355,,
374,215040,105,1000.0,574,-100.0,-1.547951204702258,80.55443912968039,1040,0.0003,0.2,119.60712432861328,0.010626119,-0.004467059415037511,0.11064453125,0.3982110023498535,,
376,217088,106,1000.0,575,-100.0,-1.4825690031051635,116.78013280108571,1050,0.0003,0.2,34.90970993041992,0.011558402,-0.003751277583069168,0.0609375,0.6230849027633667,,
379,219136,107,1000.0,577,-100.0,-1.3590134900063275,90.32710203155875,1060,0.0003,0.2,9.063096046447754,0.008241671,-0.0014204143946699333,0.090771484375,0.6410164833068848,,
,220000,,,,,-1.2366154663264752,89.77769098207355,1070,0.0003,0.2,8.191437721252441,0.007755126,-0.003735612807213329,0.03740234375,0.6306600570678711,-100.0,1000.0
387,221184,108,1000.0,570,-100.0,,,,,,,,,,,,
389,223232,109,1000.0,572,-100.0,-1.1963440790772437,82.84479701668025,1080,0.0003,0.2,63.36463928222656,0.006899875,-0.00036040192644577474,0.046875,0.44465702772140503,,
392,225280,110,1000.0,573,-100.0,-1.0146620281040668,68.7165098309517,1090,0.0003,0.2,1.825063705444336,0.0053431885,-0.0015084533806657419,0.05341796875,0.3858168125152588,,
395,227328,111,1000.0,575,-100.0,-0.9814863139763474,88.71913759261369,1100,0.0003,0.2,12.325395584106445,0.00378181,-0.002165326911926968,0.024072265625,0.6851528882980347,,
397,229376,112,1000.0,576,-100.0,-1.0207261001691221,83.82047297935932,1110,0.0003,0.2,40.21409225463867,0.0023364266,-0.000486972803628305,0.042431640625,0.10380959510803223,,
,230000,,,,,-1.068959441408515,87.05384318828582,1120,0.0003,0.2,57.152645111083984,0.0056754462,-0.0036247694974008483,0.0408203125,0.4402790665626526,-100.0,1000.0
405,231424,113,1000.0,570,-100.0,,,,,,,,,,,,
753,233472,114,1000.0,309,-100.0,-1.0642110688611865,89.71999880224466,1130,0.0003,0.2,9.46533489227295,0.0012880943,-0.001635933822763036,0.05,0.6958646774291992,,
756,235520,115,1000.0,311,-100.0,-1.0286659337580204,83.7782346656546,1140,0.0003,0.2,11.774805068969727,0.0043830643,-0.0022969418794673404,0.079296875,0.13556510210037231,,
758,237568,116,1000.0,313,-100.0,-1.0538606507703663,77.57624638527632,1150,0.0003,0.2,4.437476634979248,0.0037174881,-0.001990937805021531,0.067529296875,0.1531727910041809,,
761,239616,117,1000.0,314,-100.0,-1.1329970121383668,79.95205382928252,1160,0.0003,0.2,7.232721328735352,0.004601189,-0.002679948067088844,0.086181640625,0.289534330368042,,
,240000,,,,,-1.0689864987507463,71.13380469530821,1170,0.0003,0.2,53.330570220947266,0.005351223,-0.0008223301174439257,0.014501953125,0.35123372077941895,-100.0,1000.0
769,241664,118,1000.0,314,-100.0,,,,,,,,,,,,
771,243712,119,1000.0,315,-100.0,-1.0448515525087714,81.05598320811987,1180,0.0003,0.2,47.84059143066406,0.0052538505,-0.0012666371316299775,0.021484375,0.47141700983047485,,
774,245760,120,1000.0,317,-100.0,-1.0726527228951455,54.594809756428006,1190,0.0003,0.2,10.571758270263672,0.005520327,-0.0033952642283111346,0.05751953125,0.5690619945526123,,
776,247808,121,1000.0,318,-100.0,-1.1385232906788587,70.26796924732625,1200,0.0003,0.2,72.15245056152344,0.0022543008,-0.00033203957427758725,0.024853515625,0.4272218942642212,,
779,249856,122,1000.0,320,-100.0,-1.1734311036765575,76.24676315784454,1210,0.0003,0.2,7.810778617858887,0.005216358,-0.00327839157962444,0.0693359375,0.6406135559082031,,
,250000,,,,,-1.2779617100954055,77.57622181177139,1220,0.0003,0.2,12.075655937194824,0.0043075006,-0.0028887498541735114,0.101025390625,0.31461113691329956,-100.0,1000.0
786,251904,123,1000.0,320,-100.0,,,,,,,,,,,,
789,253952,124,1000.0,321,-100.0,-1.3717703495174647,75.44127365499735,1230,0.0003,0.2,5.452925682067871,0.008330577,-0.00114234996799496,0.080029296875,0.6008570194244385,,
792,256000,125,1000.0,323,-100.0,-1.5037456933408975,73.84475327692925,1240,0.0003,0.2,3.6936609745025635,0.0101513425,-0.004181180533487349,0.090673828125,0.38224416971206665,,
794,258048,126,1000.0,324,-100.0,-1.4826047737151384,65.75950056761504,1250,0.0003,0.2,8.355645179748535,0.0046693906,-0.0034868844340962823,0.03828125,0.3116474151611328,,
,260000,,,,,-1.4094546299427748,89.8178544819355,1260,0.0003,0.2,3.3181707859039307,0.008979048,-0.003007394673477393,0.116357421875,0.662822961807251,-100.0,1000.0
801,260096,127,1000.0,324,-100.0,,,,,,,,,,,,
804,262144,128,1000.0,325,-100.0,-1.3974240798503161,80.95322243720292,1270,0.0003,0.2,7.019409656524658,0.005547339,-0.004383593742386438,0.079150390625,0.5688388347625732,,
806,264192,129,1000.0,327,-100.0,-1.2606496576219797,75.25439689382911,1280,0.0003,0.2,90.80984497070312,0.007338475,-0.0039972084712644575,0.06220703125,0.5438432693481445,,
809,266240,130,1000.0,328,-100.0,-1.316874235123396,71.6591474160552,1290,0.0003,0.2,59.70817184448242,0.0066931183,-0.0029659492029168177,0.089697265625,0.5359954833984375,,
811,268288,131,1000.0,330,-100.0,-1.23410237506032,64.80656566768884,1300,0.0003,0.2,2.4097516536712646,0.004015911,-0.0032749059617344757,0.036962890625,0.8325084447860718,,
,270000,,,,,-1.2331265900284052,83.17376781776548,1310,0.0003,0.2,8.794099807739258,0.0036357879,-0.0010512256969377632,0.015625,0.524777352809906,-100.0,1000.0
819,270336,132,1000.0,329,-100.0,,,,,,,,,,,,
822,272384,133,1000.0,331,-100.0,-1.2911839324980974,80.3900950551033,1320,0.0003,0.2,4.2361884117126465,0.0036771814,3.8780522299930456e-05,0.03779296875,0.026723802089691162,,
824,274432,134,1000.0,332,-100.0,-1.2839646883308888,63.61929543018341,1330,0.0003,0.2,23.99553871154785,0.0049099247,-0.0009204846384818666,0.027734375,0.2549930214881897,,
827,276480,135,1000.0,334,-100.0,-1.247202818095684,69.27713708430528,1340,0.0003,0.2,170.71624755859375,0.009306373,-0.003995213842426892,0.10205078125,0.21100729703903198,,
829,278528,136,1000.0,335,-100.0,-1.384200419485569,80.65422983691096,1350,0.0003,0.2,30.912023544311523,0.008474017,-0.003978933150938247,0.13779296875,0.6038240790367126,,
,280000,,,,,-1.3747705474495888,89.10588470939547,1360,0.0003,0.2,58.065250396728516,0.004833067,-0.001416796255216468,0.0431640625,0.5735730528831482,-100.0,1000.0
837,280576,137,1000.0,335,-100.0,,,,,,,,,,,,
839,282624,138,1000.0,336,-100.0,-1.4592556189745665,36.64947857679799,1370,0.0003,0.2,20.70538330078125,0.010015203,-0.0006321085937088355,0.06708984375,0.24932760000228882,,
842,284672,139,1000.0,337,-100.0,-1.395233691483736,88.05928876325488,1380,0.0003,0.2,8.03576374053955,0.014032052,-0.005527823654847453,0.131640625,0.5907872915267944,,
844,286720,140,1000.0,339,-100.0,-1.3655105698853731,91.75645924806595,1390,0.0003,0.2,3.973581075668335,0.0068676737,-0.003459302689589094,0.064111328125,0.8138697743415833,,
847,288768,141,1000.0,340,-100.0,-1.3339419994503259,87.2786599367857,1400,0.0003,0.2,78.75081634521484,0.00506824,-0.001517331672948785,0.077685546875,0.6060763597488403,,
,290000,,,,,-1.3734967898577453,89.3751162301749,1410,0.0003,0.2,27.204973220825195,0.004216875,-0.0021324308501789345,0.030126953125,0.5681959390640259,-100.0,1000.0
855,290816,142,1000.0,340,-100.0,,,,,,,,,,,,
857,292864,143,1000.0,341,-100.0,-1.425942774489522,76.59120299220085,1420,0.0003,0.2,7.785067081451416,0.008647512,-0.006487344598281197,0.118994140625,0.6317165493965149,,
860,294912,144,1000.0,342,-100.0,-1.5732241429388523,80.06638304628432,1430,0.0003,0.2,48.462833404541016,0.027754031,-0.0016197306336835026,0.1900390625,0.33256983757019043,,
862,296960,145,1000.0,344,-100.0,-1.613349201902747,84.6922245040536,1440,0.0003,0.2,52.11195373535156,0.010017694,-0.001428460563874978,0.130419921875,0.5645538568496704,,
864,299008,146,1000.0,345,-100.0,-1.6335920300334692,77.23909827023745,1450,0.0003,0.2,34.52413558959961,0.0063252496,-0.0022628402672125957,0.0267578125,0.532612144947052,,
,300000,,,,,-1.5195978190749884,106.59008645266294,1460,0.0003,0.2,27.416969299316406,0.020360978,-0.006463036911736708,0.23310546875,0.3065441846847534,-100.0,1000.0
872,301056,147,1000.0,345,-100.0,,,,,,,,,,,,
874,303104,148,1000.0,346,-100.0,-1.4009323205798865,88.9787045782432,1470,0.0003,0.2,13.435059547424316,0.009427564,-0.001563772588269785,0.148193359375,0.6239535212516785,,
877,305152,149,1000.0,347,-100.0,-1.4716022063046694,84.9827415582724,1480,0.0003,0.2,70.70674133300781,0.0042777318,-0.0010715266267652622,0.11455078125,0.014443397521972656,,
879,307200,150,1000.0,349,-100.0,-1.561992287263274,82.24315642081201,1490,0.0003,0.2,9.043852806091309,0.007949224,-0.004315042365487898,0.0501953125,0.573768138885498,,
882,309248,151,1000.0,350,-100.0,-1.5678784564137458,92.61396248321981,1500,0.0003,0.2,7.364067554473877,0.006688266,-0.005300880451977718,0.09736328125,0.7518784403800964,,
,310000,,,,,-1.6325787760317325,87.18214881792665,1510,0.0003,0.2,33.1883430480957,0.014105178,-0.0026621268363669513,0.057861328125,0.3291269540786743,-100.0,1000.0
890,311296,152,1000.0,349,-100.0,,,,,,,,,,,,
892,313344,153,1000.0,351,-100.0,-1.6258350130170585,84.42978914640844,1520,0.0003,0.2,65.45748138427734,0.018502211,-0.004030717500427272,0.19365234375,0.04495662450790405,,
895,315392,154,1000.0,352,-100.0,-1.6090582605451345,89.81605792418122,1530,0.0003,0.2,222.55697631835938,0.012528947,-0.0016978496190859006,0.1291015625,0.3668484091758728,,
897,317440,155,1000.0,353,-100.0,-1.576190546900034,83.8595960341394,1540,0.0003,0.2,30.194866180419922,0.01618045,-0.0030351630033692346,0.099609375,0.07143968343734741,,
900,319488,156,1000.0,354,-100.0,-1.5136827629059553,85.12262465655803,1550,0.0003,0.2,1.4832643270492554,0.010843417,-0.007044001972826663,0.1650390625,0.050862252712249756,,
,320000,,,,,-1.5077428646385669,81.50320362597704,1560,0.0003,0.2,19.406692504882812,0.0079467185,-0.00400673710682895,0.041650390625,0.7009272575378418,-100.0,1000.0
907,321536,157,1000.0,354,-100.0,,,,,,,,,,,,
910,323584,158,1000.0,355,-100.0,-1.50212971419096,69.44875210355967,1570,0.0003,0.2,50.41196823120117,0.0026838533,-0.000999342709837947,0.010009765625,0.38078612089157104,,
912,325632,159,1000.0,356,-100.0,-1.5141967248171568,96.7061027623713,1580,0.0003,0.2,34.70063018798828,0.0031383282,-0.0022202720945642797,0.019482421875,0.7735323905944824,,
915,327680,160,1000.0,357,-100.0,-1.533555255457759,87.50399640873074,1590,0.0003,0.2,52.7992057800293,0.003592709,-0.0020421766654180828,0.05302734375,0.6034733057022095,,
917,329728,161,1000.0,359,-100.0,-1.4915080923587083,85.63690497130156,1600,0.0003,0.2,51.68497085571289,0.0069850506,-0.0013059908582363279,0.035986328125,0.4369862675666809,,
,330000,,,,,-1.4743986632674932,85.63538237214088,1610,0.0003,0.2,27.62449836730957,0.010372527,-0.003311184136691736,0.1162109375,0.45138925313949585,-100.0,1000.0
925,331776,162,1000.0,358,-100.0,,,,,,,,,,,,
928,333824,163,1000.0,359,-100.0,-1.4116414114832878,83.44493295550346,1620,0.0003,0.2,99.5465316772461,0.008036095,-0.0038401710233301857,0.06865234375,0.25538790225982666,,
930,335872,164,1000.0,360,-100.0,-1.3467678647488355,81.50447551682592,1630,0.0003,0.2,40.34919357299805,0.0063301176,-0.0022810920749179787,0.092724609375,0.2960546612739563,,
933,337920,165,1000.0,362,-100.0,-1.2845712289214135,81.4965217910707,1640,0.0003,0.2,52.98387908935547,0.0072290804,-0.0038754233348299747,0.143115234375,0.353063702583313,,
935,339968,166,1000.0,363,-100.0,-1.1890609201043845,82.12056514918804,1650,0.0003,0.2,26.62929916381836,0.0044377344,-0.004147129257034976,0.03896484375,0.3001393675804138,,
,340000,,,,,-1.1395003966987134,74.84876093603671,1660,0.0003,0.2,14.403848648071289,0.003935853,-0.002136583261017222,0.0296875,0.1564585566520691,-100.0,1000.0
943,342016,167,1000.0,362,-100.0,,,,,,,,,,,,
945,344064,168,1000.0,363,-100.0,-1.1114212475717067,110.54230367839337,1670,0.0003,0.2,24.05113410949707,0.005688193,-0.003339351756585529,0.026220703125,0.013699710369110107,,
947,346112,169,1000.0,365,-100.0,-1.1223852582275868,85.09334909636527,1680,0.0003,0.2,198.77976989746094,0.0049117925,-0.002566483944974607,0.04150390625,0.045320093631744385,,
950,348160,170,1000.0,366,-100.0,-1.1569109071046113,89.04817491061985,1690,0.0003,0.2,52.170501708984375,0.008360626,-0.0036595360390492713,0.074755859375,0.29167354106903076,,
,350000,,,,,-1.2563181534409522,88.71736017540097,1700,0.0003,0.2,18.674715042114258,0.0072399527,-0.004810138145694509,0.07431640625,0.49138277769088745,-100.0,1000.0
957,350208,171,1000.0,365,-100.0,,,,,,,,,,,,
960,352256,172,1000.0,366,-100.0,-1.3197442907840014,76.1089389540255,1710,0.0003,0.2,69.45893096923828,0.0058785398,-0.003899504019864253,0.056884765625,0.6669567823410034,,
962,354304,173,1000.0,368,-100.0,-1.366968034207821,87.46662603728473,1720,0.0003,0.2,10.711261749267578,0.008218896,-0.005400096805533394,0.167236328125,0.05408519506454468,,
965,356352,174,1000.0,369,-100.0,-1.3528486553579568,86.95558193288744,1730,0.0003,0.2,85.06012725830078,0.005444411,-0.0006360458748531528,0.058837890625,0.43564826250076294,,
967,358400,175,1000.0,370,-100.0,-1.4559094000607729,84.05909851752222,1740,0.0003,0.2,63.55617141723633,0.0054783584,-0.0014757877041120082,0.05986328125,0.12611550092697144,,
,360000,,,,,-1.3951101433485746,85.25666457638144,1750,0.0003,0.2,2.15930438041687,0.0044223783,-0.001833898497716291,0.035302734375,0.16103315353393555,-100.0,1000.0
975,360448,176,1000.0,369,-100.0,,,,,,,,,,,,
977,362496,177,1000.0,370,-100.0,-1.4291896425187587,95.35542594641447,1760,0.0003,0.2,134.13601684570312,0.010599092,-0.0021299360079865435,0.031982421875,0.8223556280136108,,
980,364544,178,1000.0,371,-100.0,-1.3634559243917466,86.66305372975766,1770,0.0003,0.2,72.70728302001953,0.012185544,-0.005743883972900221,0.1482421875,0.38050705194473267,,
982,366592,179,1000.0,373,-100.0,-1.2938221290707588,85.32586784362793,1780,0.0003,0.2,12.038853645324707,0.01279357,-0.006598692401894368,0.1123046875,0.21446073055267334,,
985,368640,180,1000.0,374,-100.0,-1.3166984755545854,86.93400625102223,1790,0.0003,0.2,14.86089038848877,0.0031700933,-0.0006446522020269185,0.07587890625,0.1212320327758789,,
,370000,,,,,-1.3127746284008026,84.75321750789881,1800,0.0003,0.2,10.638774871826172,0.0030335519,-0.0013441974166198633,0.0291015625,0.22982323169708252,-100.0,1000.0
992,370688,181,1000.0,373,-100.0,,,,,,,,,,,,
995,372736,182,1000.0,374,-100.0,-1.3075536828488112,64.79147822670639,1810,0.0003,0.2,1.8755303621292114,0.0028143073,-0.0005042755110480357,0.034765625,0.2839670181274414,,
997,374784,183,1000.0,375,-100.0,-1.317055094242096,77.51435511298477,1820,0.0003,0.2,6.455749988555908,0.0060814437,-0.003975208116753492,0.03173828125,0.6152843832969666,,
1000,376832,184,1000.0,376,-100.0,-1.3644351616501809,88.53929658308626,1830,0.0003,0.2,111.31820678710938,0.002917714,-0.00274291467940202,0.042529296875,0.34326404333114624,,
1002,378880,185,1000.0,377,-100.0,-1.3750701673328876,90.48302328884601,1840,0.0003,0.2,51.48163986206055,0.0038108265,-0.0024594294161943255,0.03056640625,0.644131064414978,,
,380000,,,,,-1.4169439472258092,85.01689425855875,1850,0.0003,0.2,4.289461135864258,0.007314925,-0.0035900407689041457,0.083056640625,0.6119247674942017,-100.0,1000.0
1010,380928,186,1000.0,376,-100.0,,,,,,,,,,,,
1012,382976,187,1000.0,378,-100.0,-1.4010035209357738,78.81977272816002,1860,0.0003,0.2,59.9338264465332,0.008655215,0.000683661998482421,0.052685546875,0.0017150044441223145,,
1015,385024,188,1000.0,379,-100.0,-1.3247396286576987,72.12351243700832,1870,0.0003,0.2,83.7486343383789,0.005912978,-0.0031490749461227097,0.0705078125,0.32835817337036133,,
1237,387072,189,1000.0,312,-100.0,-1.2748483084142208,124.22062925025821,1880,0.0003,0.2,51.990455627441406,0.008976649,-0.005075713105907198,0.09521484375,-0.10350143909454346,,
1240,389120,190,1000.0,313,-100.0,-1.2561948515474797,89.67358642034233,1890,0.0003,0.2,73.7278060913086,0.0063737086,-0.0030741178881726226,0.098828125,0.012211382389068604,,
,390000,,,,,-1.42808875516057,82.0411848962307,1900,0.0003,0.2,64.47046661376953,0.0061456366,-0.0022867559295264074,0.089990234375,0.057551026344299316,-100.0,1000.0
1248,391168,191,1000.0,313,-100.0,,,,,,,,,,,,
1250,393216,192,1000.0,314,-100.0,-1.3350825399160384,90.46095297858119,1910,0.0003,0.2,34.28580093383789,0.008844305,-0.005747014479129575,0.1033203125,0.19080930948257446,,
1253,395264,193,1000.0,315,-100.0,-1.4058899484574794,87.92060225084424,1920,0.0003,0.2,5.400918483734131,0.00789592,-0.003894745555589907,0.111474609375,0.1979750394821167,,
1255,397312,194,1000.0,316,-100.0,-1.406755045801401,86.7760326763615,1930,0.0003,0.2,18.984468460083008,0.0036779738,0.001916345296194777,0.097314453125,0.02992326021194458,,
1258,399360,195,1000.0,317,-100.0,-1.3930749252438546,86.79626814406365,1940,0.0003,0.2,22.77457046508789,0.00933566,-0.0033482087848824447,0.095849609375,0.07571494579315186,,
,400000,,,,,-1.4015300810337066,85.81583670908586,1950,0.0003,0.2,83.25547790527344,0.02931325,-0.0009797115708352067,0.16005859375,0.0008460879325866699,-100.0,1000.0
1265,401408,196,1000.0,317,-100.0,,,,,,,,,,,,
1268,403456,197,1000.0,318,-100.0,-1.4157676871865987,85.26228785812854,1960,0.0003,0.2,73.08858489990234,0.011730579,-0.0016630934056593104,0.090625,0.1922287940979004,,
1270,405504,198,1000.0,319,-100.0,-1.3843204032629728,85.97846361063421,1970,0.0003,0.2,3.061229944229126,0.013444543,-0.005299499625107273,0.11279296875,0.12863844633102417,,
1273,407552,199,1000.0,320,-100.0,-1.3940270408987998,83.84781893528998,1980,0.0003,0.2,112.59935760498047,0.004867549,-0.0002015160018345341,0.043798828125,0.14376211166381836,,
1275,409600,200,1000.0,321,-100.0,-1.3590094272047282,83.38631919957697,1990,0.0003,0.2,49.336421966552734,0.006794789,-0.0009701010785647668,0.136669921875,-8.463859558105469e-05,,
,410000,,,,,-1.3910357791930437,82.8745642401278,2000,0.0003,0.2,61.049808502197266,0.006552842,-0.001477658050134778,0.07509765625,0.18236809968948364,-100.0,1000.0
1283,411648,201,1000.0,320,-100.0,,,,,,,,,,,,
1286,413696,202,1000.0,321,-100.0,-1.4461669456213713,83.32277947068215,2010,0.0003,0.2,79.47962188720703,0.00751689,-0.004130753713252488,0.095068359375,0.008798778057098389,,
1288,415744,203,1000.0,322,-100.0,-1.459401748329401,82.87549935281277,2020,0.0003,0.2,54.68288803100586,0.019217096,-0.0012060823006322607,0.14443359375,-0.011145830154418945,,
1291,417792,204,1000.0,323,-100.0,-1.421098679676652,78.14309904873372,2030,0.0003,0.2,46.54129409790039,0.007160721,-0.0037486303961486557,0.058154296875,0.05089461803436279,,
1293,419840,205,1000.0,324,-100.0,-1.442287328466773,81.34707216918468,2040,0.0003,0.2,55.15971755981445,0.0071494384,-0.0013192507234634832,0.04560546875,0.12046158313751221,,
,420000,,,,,-1.4580853275954724,80.27905188314617,2050,0.0003,0.2,89.84297180175781,0.006720432,-0.004410814133007079,0.093017578125,0.3340739607810974,-100.0,1000.0
1301,421888,206,1000.0,324,-100.0,,,,,,,,,,,,
1303,423936,207,1000.0,325,-100.0,-1.534652230888605,78.92463398352265,2060,0.0003,0.2,31.581892013549805,0.008191364,-0.004151067532075103,0.074853515625,0.010056376457214355,,
1306,425984,208,1000.0,326,-100.0,-1.548460777103901,78.1793673645705,2070,0.0003,0.2,102.71365356445312,0.0062413444,-0.0031270595703972504,0.047265625,-0.007584095001220703,,
1308,428032,209,1000.0,327,-100.0,-1.5774373464286326,68.87238483391702,2080,0.0003,0.2,5.98891019821167,0.010097421,-0.003075048335813335,0.10126953125,0.11822724342346191,,
,430000,,,,,-1.6344385150820018,115.26463311016559,2090,0.0003,0.2,38.527320861816406,0.006347295,-0.003515095969487447,0.0947265625,-0.021756768226623535,-100.0,1000.0
1316,430080,210,1000.0,326,-100.0,,,,,,,,,,,,
1318,432128,211,1000.0,327,-100.0,-1.6170890286564827,85.90997416060418,2100,0.0003,0.2,1.4858969449996948,0.013550051,-0.006638438855588902,0.1576171875,0.04612356424331665,,
1321,434176,212,1000.0,328,-100.0,-1.6477932889014482,89.37046843394637,2110,0.0003,0.2,26.490406036376953,0.008819297,-0.0027510312203958163,0.066943359375,0.6030511856079102,,
1323,436224,213,1000.0,329,-100.0,-1.6702242583036422,85.55244290856645,2120,0.0003,0.2,23.7596435546875,0.0063174125,0.0009653130895458162,0.114453125,0.000632166862487793,,
1326,438272,214,1000.0,330,-100.0,-1.5801907114684581,85.006762003107,2130,0.0003,0.2,9.187556266784668,0.0041181836,-7.626733859069645e-05,0.066796875,0.0028198957443237305,,
,440000,,,,,-1.6405870590358973,81.59670717492699,2140,0.0003,0.2,46.76031494140625,0.004139943,-0.0016160708175448236,0.01494140625,0.35658061504364014,-100.0,1000.0
1333,440320,215,1000.0,330,-100.0,,,,,,,,,,,,
1336,442368,216,1000.0,331,-100.0,-1.641765398532152,84.51850770376623,2150,0.0003,0.2,2.1060526371002197,0.011544421,-0.0034519822147558443,0.091259765625,0.014139533042907715,,
1338,444416,217,1000.0,331,-100.0,-1.6335305396467448,86.46113028898836,2160,0.0003,0.2,3.200054407119751,0.012167787,-0.004221024948492413,0.06640625,0.2432647943496704,,
1341,446464,218,1000.0,332,-100.0,-1.6525280199944974,85.28153046928347,2170,0.0003,0.2,96.41155242919922,0.011350835,-0.0020539109649689636,0.114990234375,0.10253220796585083,,
1343,448512,219,1000.0,333,-100.0,-1.6262283187359572,77.10732670500875,2180,0.0003,0.2,5.0860772132873535,0.01656093,-0.008279697416583076,0.12177734375,0.17490309476852417,,
,450000,,,,,-1.5946662977337838,80.73213703799993,2190,0.0003,0.2,4.43467378616333,0.010205409,-0.0027275615037069658,0.029443359375,0.30304306745529175,-100.0,1000.0
1351,450560,220,1000.0,333,-100.0,,,,,,,,,,,,
1353,452608,221,1000.0,334,-100.0,-1.5958767972886563,82.15551826879383,2200,0.0003,0.2,3.5788631439208984,0.013882449,-0.0015458313777344302,0.192529296875,-0.017181992530822754,,
1356,454656,222,1000.0,335,-100.0,-1.523198476433754,82.12365342751146,2210,0.0003,0.2,6.542875289916992,0.010680871,0.00020296118600526825,0.04990234375,-0.0006917715072631836,,
1358,456704,223,1000.0,336,-100.0,-1.5867668688297272,81.95502855218948,2220,0.0003,0.2,2.5359749794006348,0.010544655,-0.0034320266742724924,0.13603515625,0.02544581890106201,,
1361,458752,224,1000.0,336,-100.0,-1.634618652239442,80.91157841719686,2230,0.0003,0.2,26.863813400268555,0.004755156,-0.000519683471065946,0.059765625,-0.03634190559387207,,
,460000,,,,,-1.509724374487996,81.18977709449828,2240,0.0003,0.2,113.3961410522461,0.0068380316,-0.002487841607944574,0.058251953125,-0.017510056495666504,-100.0,1000.0
1368,460800,225,1000.0,336,-100.0,,,,,,,,,,,,
1371,462848,226,1000.0,337,-100.0,-1.5362314630299807,80.89401560313999,2250,0.0003,0.2,27.440799713134766,0.0075788125,-0.0007118536028428935,0.026318359375,0.018471598625183105,,
1373,464896,227,1000.0,338,-100.0,-1.5214245315641164,81.4285045709461,2260,0.0003,0.2,6.826416015625,0.006562135,-0.003255468029237818,0.09384765625,-0.010304093360900879,,
1376,466944,228,1000.0,339,-100.0,-1.6043825801461935,79.95258463583886,2270,0.0003,0.2,35.6880989074707,0.008617622,-0.0017171761690406128,0.0521484375,-0.04019427299499512,,
1378,468992,229,1000.0,340,-100.0,-1.5632327944040298,77.3691176045686,2280,0.0003,0.2,39.927669525146484,0.0076422403,-0.003947636220982531,0.042822265625,-0.06518435478210449,,
,470000,,,,,-1.5050519585609436,74.39298113174736,2290,0.0003,0.2,0.894347071647644,0.00533822,-0.0015574642820865847,0.03154296875,0.11407673358917236,-100.0,1000.0
1386,471040,230,1000.0,339,-100.0,,,,,,,,,,,,
1389,473088,231,1000.0,340,-100.0,-1.5347529757767915,109.54730117321014,2300,0.0003,0.2,4.612147808074951,0.0069432855,-0.003688584761403035,0.108544921875,-0.017724156379699707,,
1391,475136,232,1000.0,341,-100.0,-1.582939861342311,84.61629517823458,2310,0.0003,0.2,72.92363739013672,0.010158639,-0.0033700498548569157,0.091748046875,0.01015615463256836,,
1394,477184,233,1000.0,342,-100.0,-1.604785767942667,85.37916653696448,2320,0.0003,0.2,116.19061279296875,0.008679412,-0.004458434924890753,0.230517578125,-0.001922011375427246,,
1396,479232,234,1000.0,343,-100.0,-1.6519851468503475,84.95609790049494,2330,0.0003,0.2,43.254207611083984,0.009829723,-0.0078157349533285,0.208740234375,0.00755155086517334,,
,480000,,,,,-1.6868299771100284,83.95003200769425,2340,0.0003,0.2,49.55167007446289,0.009537676,-0.002857125972514041,0.061474609375,0.2041972279548645,-100.0,1000.0
1404,481280,235,1000.0,342,-100.0,,,,,,,,,,,,
1406,483328,236,1000.0,343,-100.0,-1.6615058451890945,86.30002347975969,2350,0.0003,0.2,3.8914146423339844,0.013362717,-0.002330737825104734,0.096533203125,0.25318437814712524,,
1409,485376,237,1000.0,344,-100.0,-1.630413904041052,84.2984866552055,2360,0.0003,0.2,123.1659164428711,0.018212374,-0.002384575118776411,0.13330078125,0.0011827349662780762,,
1411,487424,238,1000.0,345,-100.0,-1.5661125775426625,84.004912706092,2370,0.0003,0.2,37.96175765991211,0.012081812,-0.0016515076240466442,0.0568359375,0.019229352474212646,,
1413,489472,239,1000.0,346,-100.0,-1.5160434730350971,79.3149477303028,2380,0.0003,0.2,6.060664653778076,0.00538362,-0.00382773486780934,0.042333984375,0.38852059841156006,,
,490000,,,,,-1.4621202167123557,83.69421054050326,2390,0.0003,0.2,56.173770904541016,0.012376882,-0.0018652971135452389,0.069775390625,0.0228118896484375,-100.0,1000.0
1421,491520,240,1000.0,345,-100.0,,,,,,,,,,,,
1424,493568,241,1000.0,346,-100.0,-1.346231546252966,82.6398197568953,2400,0.0003,0.2,62.34183883666992,0.014183334,-0.002665069157956168,0.086328125,-0.004548549652099609,,
1426,495616,242,1000.0,347,-100.0,-1.2514293663203717,83.50742023587227,2410,0.0003,0.2,12.216935157775879,0.0062392973,-0.0026155630497669336,0.05400390625,0.23382872343063354,,
1429,497664,243,1000.0,348,-100.0,-1.2054486263543367,84.77707378454507,2420,0.0003,0.2,18.13050079345703,0.0070283907,-0.0027150842346600258,0.07705078125,0.24563711881637573,,
1431,499712,244,1000.0,349,-100.0,-1.29829235188663,80.59644877128304,2430,0.0003,0.2,94.27902221679688,0.0031912047,-0.0016192583338124678,0.038134765625,0.007794320583343506,,
,500000,,,,,-1.1325108531862498,82.52006329372526,2440,0.0003,0.2,67.93206787109375,0.007762351,-0.0014118793347734026,0.121875,-0.01085662841796875,-100.0,1000.0
2351,501760,245,1000.0,213,-100.0,,,,,,,,,,,,
2354,503808,246,1000.0,214,-100.0,-1.2873775847256184,81.81130430847406,2450,0.0003,0.2,59.714359283447266,0.008316492,-0.004421509525855072,0.154443359375,0.01185309886932373,,
2374,505856,247,1000.0,213,-100.0,-1.170748407021165,80.56488787382841,2460,0.0003,0.2,2.564234733581543,0.010357133,-0.002984764891152736,0.15859375,-0.06787395477294922,,
2377,507904,248,1000.0,213,-100.0,-1.1160361824557186,84.9369960129261,2470,0.0003,0.2,5.617171287536621,0.01611863,0.00048766780382720755,0.106591796875,0.006513833999633789,,
2379,509952,249,1000.0,214,-100.0,-1.0310800664126873,77.81492208726704,2480,0.0003,0.2,22.670825958251953,0.003475989,-0.0023663984560698737,0.042431640625,0.03128862380981445,,
,510000,,,,,-1.0010930499061943,79.8290273476392,2490,0.0003,0.2,56.573280334472656,0.0030662362,-0.0005169880008907057,0.029541015625,-0.05871117115020752,-100.0,1000.0
2387,512000,250,1000.0,214,-100.0,,,,,,,,,,,,
2389,514048,251,1000.0,215,-100.0,-0.9390148129314184,120.03631906956434,2500,0.0003,0.2,61.677772521972656,0.0016779724,-0.0014081842033192515,0.0,0.027959167957305908,,
2391,516096,252,1000.0,215,-100.0,-0.9526377392932772,87.85512247625738,2510,0.0003,0.2,63.854400634765625,0.0014424595,-0.0016430766336270608,0.02666015625,0.06372976303100586,,
2394,518144,253,1000.0,216,-100.0,-1.060774884186685,86.46814429983496,2520,0.0003,0.2,73.82588195800781,0.014315622,-0.0019120185257634147,0.0865234375,0.03975474834442139,,
,520000,,,,,-1.1202016271650792,86.04484660699964,2530,0.0003,0.2,3.868129014968872,0.0050362297,-0.0018587009501061403,0.015185546875,0.016823887825012207,-100.0,1000.0
2401,520192,254,1000.0,216,-100.0,,,,,,,,,,,,
2404,522240,255,1000.0,217,-100.0,-1.1642658796161414,86.9997903097421,2540,0.0003,0.2,103.86225128173828,0.0059751226,-0.0007734897182672285,0.03818359375,0.3411383628845215,,
2406,524288,256,1000.0,217,-100.0,-1.238802095875144,85.3063904915005,2550,0.0003,0.2,79.33750915527344,0.0050502415,-0.0008272889172076248,0.049755859375,0.2036154866218567,,
2409,526336,257,1000.0,218,-100.0,-1.2869866635650395,84.99685948416591,2560,0.0003,0.2,4.554527282714844,0.00818198,-9.180234264931642e-05,0.08095703125,0.010973095893859863,,
2411,528384,258,1000.0,219,-100.0,-1.2641940720379352,86.06047786623239,2570,0.0003,0.2,79.74297332763672,0.008625427,-0.003962881634652149,0.059716796875,0.17524850368499756,,
,530000,,,,,-1.1829540707170962,84.18839607927949,2580,0.0003,0.2,124.40818786621094,0.008655388,0.0011298394412733615,0.1423828125,-0.0001825094223022461,-100.0,1000.0
2419,530432,259,1000.0,219,-100.0,,,,,,,,,,,,
2421,532480,260,1000.0,219,-100.0,-1.21659114100039,83.6180073518306,2590,0.0003,0.2,9.626287460327148,0.0050537796,-0.0018469475340680218,0.05859375,-0.006774425506591797,,
2423,534528,261,1000.0,220,-100.0,-1.2004040013998747,83.50650444813073,2600,0.0003,0.2,28.982900619506836,0.0017116296,-0.0007858409357140772,0.015234375,0.005840003490447998,,
2426,536576,262,1000.0,221,-100.0,-1.2191012613475323,82.92528006508947,2610,0.0003,0.2,13.712523460388184,0.0068652714,-0.005375164942233823,0.095361328125,-0.008301854133605957,,
2428,538624,263,1000.0,221,-100.0,-1.3522419810295105,83.25531052276492,2620,0.0003,0.2,103.29950714111328,0.008713347,-0.004353345322306268,0.11455078125,0.014261007308959961,,
,540000,,,,,-1.453511031344533,82.92555750384926,2630,0.0003,0.2,70.9840087890625,0.032266185,-0.0030015835698577577,0.11484375,-0.002608180046081543,-100.0,1000.0
2436,540672,264,1000.0,221,-100.0,,,,,,,,,,,,
2438,542720,265,1000.0,222,-100.0,-1.6384069576859475,83.94506638012827,2640,0.0003,0.2,31.00771141052246,0.017308827,-0.005570479601738043,0.22529296875,0.004760086536407471,,
2441,544768,266,1000.0,223,-100.0,-1.7000286024063826,82.69622853547335,2650,0.0003,0.2,33.47283172607422,0.006130025,-0.0008259041904238984,0.02568359375,0.023153841495513916,,
2443,546816,267,1000.0,223,-100.0,-1.6987299960106612,81.13578073438256,2660,0.0003,0.2,4.168262004852295,0.0016622571,-0.0008726252810447477,0.005615234375,0.012230157852172852,,
2446,548864,268,1000.0,224,-100.0,-1.707123651728034,80.8593324471265,2670,0.0003,0.2,1.899278163909912,0.013356371,-0.007301366505998885,0.115869140625,-0.05177032947540283,,
,550000,,,,,-1.739330843091011,82.64794309660792,2680,0.0003,0.2,149.93392944335938,0.0136568025,-0.0038405857631005347,0.215478515625,-0.012822508811950684,-100.0,1000.0
2453,550912,269,1000.0,224,-100.0,,,,,,,,,,,,
2456,552960,270,1000.0,225,-100.0,-1.730993949994445,81.17278948836028,2690,0.0003,0.2,2.130615472793579,0.012843606,-0.004480707155016717,0.05078125,0.0415501594543457,,
2458,555008,271,1000.0,225,-100.0,-1.7384746700525284,78.87942215465009,2700,0.0003,0.2,24.26569938659668,0.015925257,-0.002364752538414905,0.101025390625,-0.09175634384155273,,
2461,557056,272,1000.0,226,-100.0,-1.8010470058768988,123.4642381887883,2710,0.0003,0.2,37.12392807006836,0.007239625,-0.0016468748872284777,0.05595703125,0.00067901611328125,,
2463,559104,273,1000.0,226,-100.0,-1.7835853278636933,42.70277989879251,2720,0.0003,0.2,2.946438789367676,0.00397404,-0.0034477454086299987,0.00400390625,0.30153465270996094,,
,560000,,,,,-1.792683308571577,89.47347580660134,2730,0.0003,0.2,45.943931579589844,0.0046118516,-0.0002517739500035532,0.020849609375,0.17824840545654297,-100.0,1000.0
2471,561152,274,1000.0,227,-100.0,,,,,,,,,,,,
2473,563200,275,1000.0,227,-100.0,-1.7520029217004776,91.25081512127072,2740,0.0003,0.2,95.16947937011719,0.010022593,-0.004732304783829022,0.055517578125,0.6122221350669861,,
2476,565248,276,1000.0,228,-100.0,-1.7159805189818145,85.56307898517699,2750,0.0003,0.2,19.925142288208008,0.0147302095,-0.004042182244302239,0.09423828125,0.05496329069137573,,
2478,567296,277,1000.0,228,-100.0,-1.634039382264018,87.86662844605743,2760,0.0003,0.2,1.5559091567993164,0.009137839,-0.0019462973337795119,0.030517578125,0.29938751459121704,,
2481,569344,278,1000.0,229,-100.0,-1.4667425990104674,85.37270891703665,2770,0.0003,0.2,57.62822341918945,0.008116356,-0.0042406035972817335,0.06953125,0.059048235416412354,,
,570000,,,,,-1.5217297855764627,85.22940977104008,2780,0.0003,0.2,46.55659103393555,0.010808384,-0.0021781804724014366,0.148095703125,0.09009373188018799,-100.0,1000.0
2489,571392,279,1000.0,229,-100.0,,,,,,,,,,,,
2491,573440,280,1000.0,230,-100.0,-1.5456938471645116,85.00091804750264,2790,0.0003,0.2,120.07268524169922,0.020157978,-0.0002701376215554774,0.137255859375,0.011851072311401367,,
2494,575488,281,1000.0,230,-100.0,-1.5302996393293142,84.03415390830487,2800,0.0003,0.2,6.961370944976807,0.010712444,-0.006028355074522551,0.1544921875,0.004155397415161133,,
2496,577536,282,1000.0,231,-100.0,-1.4272698383778333,84.10852155685424,2810,0.0003,0.2,70.40856170654297,0.0077918284,-0.002713603203301318,0.135888671875,-0.005277037620544434,,
2499,579584,283,1000.0,231,-100.0,-1.4005253590643405,83.92148091085255,2820,0.0003,0.2,34.08711624145508,0.008368982,-0.0022058537739212624,0.09794921875,-0.0037893056869506836,,
,580000,,,,,-1.2618326481431723,83.3813578300178,2830,0.0003,0.2,30.052024841308594,0.0070006526,-0.0033363172682584264,0.093017578125,-0.008889317512512207,-100.0,1000.0
2506,581632,284,1000.0,232,-100.0,,,,,,,,,,,,
2509,583680,285,1000.0,232,-100.0,-1.2722979761660098,82.84500850364566,2840,0.0003,0.2,56.595420837402344,0.0038742411,-0.0018999084990355187,0.0458984375,0.019363820552825928,,
2511,585728,286,1000.0,233,-100.0,-1.3714646086096764,82.50897287614643,2850,0.0003,0.2,3.2365665435791016,0.019063443,-0.004444135680387262,0.15205078125,0.01758211851119995,,
2513,587776,287,1000.0,233,-100.0,-1.415661369636655,82.57741370610893,2860,0.0003,0.2,43.60649490356445,0.009143136,-0.0015106391962035558,0.0845703125,-0.016118884086608887,,
2516,589824,288,1000.0,234,-100.0,-1.2882186491042376,81.80325051303953,2870,0.0003,0.2,8.241662979125977,0.0072201397,-0.0026400591887068003,0.084912109375,-0.0015217065811157227,,
,590000,,,,,-1.3895208425819874,81.50857451185584,2880,0.0003,0.2,0.9962946772575378,0.006068687,-0.0017070754533051514,0.060009765625,-0.02180635929107666,-100.0,1000.0
2524,591872,289,1000.0,234,-100.0,,,,,,,,,,,,
2526,593920,290,1000.0,235,-100.0,-1.4200424432754517,79.7336689978838,2890,0.0003,0.2,10.974065780639648,0.0068856077,-0.0019077570919762365,0.069873046875,-0.05039787292480469,,
2528,595968,291,1000.0,235,-100.0,-1.291037406027317,83.27353797741235,2900,0.0003,0.2,17.40007972717285,0.006591624,-0.0028235666861291973,0.0654296875,0.02415555715560913,,
2531,598016,292,1000.0,236,-100.0,-1.2673992332071067,74.55656390190124,2910,0.0003,0.2,5.0179619789123535,0.0048974617,-0.003214221585949417,0.073388671875,-0.03659164905548096,,
,600000,,,,,-1.1949966497719289,118.5337126120925,2920,0.0003,0.2,65.02608489990234,0.003786575,-0.002734552480978891,0.0611328125,0.061663925647735596,-100.0,1000.0
2539,600064,293,1000.0,236,-100.0,,,,,,,,,,,,
2541,602112,294,1000.0,236,-100.0,-1.20549599789083,86.53485793098807,2930,0.0003,0.2,58.582496643066406,0.0017958705,-0.00158411079828511,0.0060546875,0.18224138021469116,,
2543,604160,295,1000.0,237,-100.0,-1.154044906049967,91.39576006755233,2940,0.0003,0.2,137.89378356933594,0.00512122,-0.0023940992854477373,0.018359375,0.09701758623123169,,
2546,606208,296,1000.0,238,-100.0,-1.1805833738297224,85.55041480623186,2950,0.0003,0.2,11.33742618560791,0.0046726344,-0.0017678984193480573,0.018115234375,0.29547572135925293,,
2549,608256,297,1000.0,238,-100.0,-1.189532832801342,86.90639132261276,2960,0.0003,0.2,82.18187713623047,0.00504532,-0.0008683301057317294,0.021630859375,0.2028341293334961,,
,610000,,,,,-1.1209948405623436,87.45866868887097,2970,0.0003,0.2,39.920413970947266,0.008599004,0.0024810215072648134,0.104443359375,0.1450902819633484,-100.0,1000.0
2556,610304,298,1000.0,238,-100.0,,,,,,,,,,,,
2559,612352,299,1000.0,239,-100.0,-1.2054066799581051,86.73379658125342,2980,0.0003,0.2,94.87126159667969,0.006253085,-0.0009024774510180578,0.060498046875,0.05353236198425293,,
2561,614400,300,1000.0,239,-100.0,-1.1837591353803874,87.64237322732806,2990,0.0003,0.2,2.1556010246276855,0.004683242,-0.002414237940683961,0.076904296875,0.621681809425354,,
2564,616448,301,1000.0,240,-100.0,-1.2013795714825393,85.21123005375266,3000,0.0003,0.2,17.865509033203125,0.0067874556,-0.002702378889080137,0.06015625,0.02545177936553955,,
2566,618496,302,1000.0,240,-100.0,-1.2525354642421007,84.4609209034592,3010,0.0003,0.2,30.445873260498047,0.0058475,-0.0008702202176209539,0.0904296875,0.07078748941421509,,
,620000,,,,,-1.2530935321003198,78.57003378644586,3020,0.0003,0.2,54.15944290161133,0.0041094767,-0.000472055769932922,0.023486328125,0.1319037675857544,-100.0,1000.0
2574,620544,303,1000.0,241,-100.0,,,,,,,,,,,,
2768,622592,304,1000.0,224,-100.0,-1.1710308097302913,85.81888603009284,3030,0.0003,0.2,4.262524604797363,0.008133698,-0.0016605488868663087,0.066943359375,0.35226839780807495,,
2771,624640,305,1000.0,225,-100.0,-1.1697620816528798,83.08448925688863,3040,0.0003,0.2,19.893287658691406,0.0073298947,-0.0011696168832713739,0.07353515625,0.290380597114563,,
2773,626688,306,1000.0,225,-100.0,-1.1488645140081644,82.32910609357059,3050,0.0003,0.2,18.357385635375977,0.0015651665,-0.0011100781659479253,0.001513671875,0.29720538854599,,
2776,628736,307,1000.0,226,-100.0,-1.1878175280988217,81.41498443158343,3060,0.0003,0.2,51.187496185302734,0.002982854,-0.0012051200254063587,0.0302734375,0.38728243112564087,,
,630000,,,,,-1.1952144350856542,84.82861552126705,3070,0.0003,0.2,6.308838367462158,0.0028868685,-0.0014511813504213932,0.025244140625,0.25924915075302124,-100.0,1000.0
2783,630784,308,1000.0,226,-100.0,,,,,,,,,,,,
2785,632832,309,1000.0,227,-100.0,-1.0897261541336776,83.74474465996028,3080,0.0003,0.2,6.987472057342529,0.011873274,-0.002576899484847672,0.10966796875,0.4403371810913086,,
2788,634880,310,1000.0,227,-100.0,-1.1041385479271413,80.53937451653182,3090,0.0003,0.2,4.894744396209717,0.004654971,-0.0031389528274303304,0.113671875,0.18083852529525757,,
2790,636928,311,1000.0,228,-100.0,-1.1592353574931622,80.635285461694,3100,0.0003,0.2,44.56352996826172,0.008494753,-0.0026427188888192175,0.0556640625,0.3221474885940552,,
2793,638976,312,1000.0,228,-100.0,-1.172571837157011,76.05396936098114,3110,0.0003,0.2,8.208040237426758,0.0050727315,0.00032058098586276176,0.058544921875,-0.004829049110412598,,
,640000,,,,,-1.0205094015225769,76.3090803667903,3120,0.0003,0.2,68.82611083984375,0.0075324224,-0.0042754501642775725,0.066455078125,-0.00643765926361084,-100.0,1000.0
2800,641024,313,1000.0,228,-100.0,,,,,,,,,,,,
2803,643072,314,1000.0,229,-100.0,-1.0397743593901396,124.72777413725854,3130,0.0003,0.2,43.02104568481445,0.003429427,-0.0004210334336676169,0.00166015625,0.4330504536628723,,
2805,645120,315,1000.0,229,-100.0,-0.9268482392653823,84.04936793409288,3140,0.0003,0.2,39.03630065917969,0.0056662485,-0.0005664422860718332,0.086865234375,0.015084683895111084,,
2808,647168,316,1000.0,230,-100.0,-1.0281944666057825,84.64534227475524,3150,0.0003,0.2,114.05135345458984,0.001239287,-0.000252358615398407,0.01669921875,0.05972325801849365,,
2810,649216,317,1000.0,230,-100.0,-1.0366062112152576,85.73032006472349,3160,0.0003,0.2,105.83528137207031,0.0037989605,-0.0003485880573862232,0.037939453125,0.14890766143798828,,
,650000,,,,,-0.9809678016230464,84.27425833046436,3170,0.0003,0.2,76.0468521118164,0.006614016,0.00070318695215974,0.0650390625,0.010138094425201416,-100.0,1000.0
2818,651264,318,1000.0,231,-100.0,,,,,,,,,,,,
2820,653312,319,1000.0,231,-100.0,-1.0325361143797636,73.12588353008032,3180,0.0003,0.2,13.129672050476074,0.005338836,-0.0018558603507699445,0.059765625,0.3795316219329834,,
2823,655360,320,1000.0,232,-100.0,-1.0090244395658374,83.43270849231631,3190,0.0003,0.2,9.86862564086914,0.006659869,0.001318693313805852,0.0798828125,-0.002385854721069336,,
2825,657408,321,1000.0,232,-100.0,-1.11440291069448,84.74323712959885,3200,0.0003,0.2,39.05857467651367,0.003978159,-0.0010918894338828977,0.025146484375,0.04356491565704346,,
2828,659456,322,1000.0,233,-100.0,-1.1982044778764247,83.23826225362718,3210,0.0003,0.2,96.32107543945312,0.006217152,-0.0020084452218725344,0.15888671875,-0.009849190711975098,,
,660000,,,,,-1.0561934938654303,83.6060964666307,3220,0.0003,0.2,62.081329345703125,0.0047489465,-0.0020208907182677647,0.12568359375,-0.005258679389953613,-100.0,1000.0
2836,661504,323,1000.0,233,-100.0,,,,,,,,,,,,
2838,663552,324,1000.0,233,-100.0,-1.0548069024458528,83.92018570154906,3230,0.0003,0.2,34.644493103027344,0.00655392,-0.004217031248117564,0.11240234375,0.11102372407913208,,
2840,665600,325,1000.0,234,-100.0,-1.0600342836230994,84.92109160795808,3240,0.0003,0.2,2.0436019897460938,0.0051994585,-0.0019782162304181838,0.051904296875,0.22394657135009766,,
2843,667648,326,1000.0,234,-100.0,-1.1528277333825827,83.6338494937867,3250,0.0003,0.2,2.5849599838256836,0.005111192,-0.0005982867762213573,0.09765625,-0.001514434814453125,,
2846,669696,327,1000.0,235,-100.0,-1.188752131536603,84.4474665498361,3260,0.0003,0.2,22.66176414489746,0.001404417,-0.0010046036979474593,0.006787109375,0.0398637056350708,,
,670000,,,,,-1.1344015520066022,82.51086227409542,3270,0.0003,0.2,36.687713623046875,0.009314628,-0.0013981296418933199,0.032080078125,-0.015365004539489746,-100.0,1000.0
2853,671744,328,1000.0,235,-100.0,,,,,,,,,,,,
2856,673792,329,1000.0,235,-100.0,-1.1379266072064638,82.16996367648244,3280,0.0003,0.2,47.20728302001953,0.00258935,-0.001059445816645166,0.032373046875,0.1525437831878662,,
2858,675840,330,1000.0,236,-100.0,-1.1584218095988035,85.53115043975413,3290,0.0003,0.2,50.93391418457031,0.0036695604,-0.0030504777787427884,0.02109375,0.06983751058578491,,
2861,677888,331,1000.0,236,-100.0,-1.1780275706201793,88.03298191335053,3300,0.0003,0.2,85.10940551757812,0.0040785535,-0.0032514203601749616,0.01318359375,0.4928939938545227,,
2863,679936,332,1000.0,237,-100.0,-1.1857710264623165,79.1822342928499,3310,0.0003,0.2,7.210569858551025,0.0038779632,-0.0015259383682860062,0.0076171875,0.027801990509033203,,
,680000,,,,,-1.2549259848892689,82.61434925477951,3320,0.0003,0.2,64.60533905029297,0.008247014,-0.0020205848020850683,0.072119140625,-0.00485682487487793,-100.0,1000.0
2870,681984,333,1000.0,237,-100.0,,,,,,,,,,,,
2873,684032,334,1000.0,238,-100.0,-1.3764215633273125,77.2149964209646,3330,0.0003,0.2,33.334041595458984,0.0037760176,-0.001188487364561297,0.0509765625,0.022738516330718994,,
2875,686080,335,1000.0,238,-100.0,-1.4134380284696817,119.91618440058082,3340,0.0003,0.2,111.87879943847656,0.004491526,-0.0011047811567550525,0.01240234375,0.18922877311706543,,
2878,688128,336,1000.0,239,-100.0,-1.4436737220734357,87.4954464506358,3350,0.0003,0.2,5.094334125518799,0.0052304165,-0.0015213751925330144,0.036474609375,0.3690086007118225,,
,690000,,,,,-1.4960186410695315,86.06508008800446,3360,0.0003,0.2,0.8958888649940491,0.008000918,-0.0037075725311296994,0.165185546875,0.28905999660491943,-100.0,1000.0
2885,690176,337,1000.0,239,-100.0,,,,,,,,,,,,
2888,692224,338,1000.0,239,-100.0,-1.6233023278415204,84.77655359026976,3370,0.0003,0.2,42.0108642578125,0.009546518,-0.00222981036931742,0.177099609375,0.005818188190460205,,
2890,694272,339,1000.0,240,-100.0,-1.677063774317503,85.17688821405173,3380,0.0003,0.2,41.068992614746094,0.011625208,-0.004278730058285873,0.091650390625,0.09617340564727783,,
2893,696320,340,1000.0,240,-100.0,-1.7304073195904492,85.7918536728248,3390,0.0003,0.2,64.48987579345703,0.008436456,-0.001141344037023373,0.083740234375,0.18407374620437622,,
2895,698368,341,1000.0,241,-100.0,-1.7359074268490076,85.02036547362805,3400,0.0003,0.2,26.659326553344727,0.014484495,-0.003768947781645693,0.104736328125,0.055787503719329834,,
,700000,,,,,-1.8159858267754316,84.89933807458729,3410,0.0003,0.2,5.845989227294922,0.012714823,0.0003646321601991076,0.0880859375,0.03133261203765869,-100.0,1000.0
2903,700416,342,1000.0,241,-100.0,,,,,,,,,,,,
2905,702464,343,1000.0,241,-100.0,-1.8216780554503202,85.81080224439502,3420,0.0003,0.2,27.720605850219727,0.01413556,-0.006840276551520219,0.2138671875,0.30103713274002075,,
2908,704512,344,1000.0,242,-100.0,-1.8919641546905042,83.30012966431677,3430,0.0003,0.2,20.8217830657959,0.008225262,0.0006523007337818854,0.164697265625,-0.014918208122253418,,
2910,706560,345,1000.0,242,-100.0,-1.9290744993835687,82.65023232102394,3440,0.0003,0.2,142.2054901123047,0.014916063,-0.004852414572087582,0.152587890625,0.20129930973052979,,
2913,708608,346,1000.0,243,-100.0,-2.0057905789464714,83.66048041488975,3450,0.0003,0.2,65.25248718261719,0.010802308,-0.004835936521703843,0.123876953125,-0.0010712146759033203,,
,710000,,,,,-1.9972917199134828,85.05364997312427,3460,0.0003,0.2,27.070383071899414,0.013497934,-0.005123921771883033,0.085693359375,0.26176726818084717,-100.0,1000.0
2920,710656,347,1000.0,243,-100.0,,,,,,,,,,,,
2923,712704,348,1000.0,243,-100.0,-1.9892040371894837,82.54612324684858,3470,0.0003,0.2,6.8322343826293945,0.0073088575,-0.0022943958407267927,0.066796875,0.0024573802947998047,,
2925,714752,349,1000.0,244,-100.0,-1.9894229091703892,78.06829827651381,3480,0.0003,0.2,115.1584243774414,0.014006412,-0.004658981297689024,0.160791015625,0.2718644142150879,,
2928,716800,350,1000.0,244,-100.0,-2.0597357518970965,82.51121133118868,3490,0.0003,0.2,64.55198669433594,0.009282428,-0.0029222486627986655,0.121728515625,-0.05565750598907471,,
2930,718848,351,1000.0,245,-100.0,-2.0202139295637607,81.72433575056493,3500,0.0003,0.2,34.419883728027344,0.013823375,-0.005090096317871939,0.11455078125,0.06036818027496338,,
,720000,,,,,-1.941020080819726,80.77575294263661,3510,0.0003,0.2,76.23098754882812,0.015046768,-0.005019397477735765,0.192431640625,0.00400310754776001,-100.0,1000.0
2938,720896,352,1000.0,245,-100.0,,,,,,,,,,,,
2940,722944,353,1000.0,245,-100.0,-1.938468984514475,80.2333372399211,3520,0.0003,0.2,13.491652488708496,0.011464143,-0.007383668405964272,0.1205078125,-0.08565151691436768,,
2943,724992,354,1000.0,246,-100.0,-1.9507919870316983,81.94893861040472,3530,0.0003,0.2,88.8829574584961,0.011832147,-0.00357476259523537,0.0970703125,-0.0012017488479614258,,
2945,727040,355,1000.0,246,-100.0,-1.9319399867206812,81.98535121884197,3540,0.0003,0.2,5.709012031555176,0.008446323,-0.0064312065194826575,0.098681640625,-0.07047152519226074,,
2948,729088,356,1000.0,247,-100.0,-1.9335071373730899,111.6064252704382,3550,0.0003,0.2,86.71918487548828,0.0072210524,-0.000861114903818816,0.104541015625,-0.0015125274658203125,,
,730000,,,,,-1.9223701257258654,88.51049636676908,3560,0.0003,0.2,177.51425170898438,0.009818174,0.00011561365172383376,0.079736328125,0.34443938732147217,-100.0,1000.0
2955,731136,357,1000.0,247,-100.0,,,,,,,,,,,,
2958,733184,358,1000.0,247,-100.0,-1.9597617387771606,85.79551944285632,3570,0.0003,0.2,21.31352424621582,0.015622994,-0.0013154416708857752,0.23310546875,-0.0015439987182617188,,
2960,735232,359,1000.0,248,-100.0,-2.028162218630314,86.42225912101567,3580,0.0003,0.2,43.343177795410156,0.016952705,-0.005013632255577249,0.15283203125,0.31290125846862793,,
2963,737280,360,1000.0,248,-100.0,-1.9828522399067878,84.99407398924231,3590,0.0003,0.2,0.8517742156982422,0.0122977635,-0.004130138851178344,0.139501953125,-0.002271294593811035,,
2965,739328,361,1000.0,249,-100.0,-1.9953038323670627,84.64211655035615,3600,0.0003,0.2,1.9396783113479614,0.015354399,-0.0035544663085602226,0.103173828125,4.589557647705078e-05,,
,740000,,,,,-1.9878336418420077,85.99110675603151,3610,0.0003,0.2,6.363152980804443,0.0030584852,-0.0016088562151708174,0.0103515625,0.3389620780944824,-100.0,1000.0
2973,741376,362,1000.0,249,-100.0,,,,,,,,,,,,
2975,743424,363,1000.0,249,-100.0,-2.015701961517334,86.22058691866695,3620,0.0003,0.2,7.222469806671143,0.008114183,-0.00550268087463337,0.051953125,0.19917279481887817,,
2977,745472,364,1000.0,250,-100.0,-1.9753779802471398,83.8678884036839,3630,0.0003,0.2,43.295013427734375,0.015795007,-0.0024666398501722144,0.106396484375,-0.010182499885559082,,
2980,747520,365,1000.0,250,-100.0,-1.968889945745468,83.88051060531288,3640,0.0003,0.2,35.23598098754883,0.003096253,-0.0006566081072378438,0.017578125,0.013640820980072021,,
2982,749568,366,1000.0,251,-100.0,-1.9688344128429889,83.1820752967149,3650,0.0003,0.2,2.1713249683380127,0.017554957,-0.0014672886318294331,0.229052734375,-0.022417187690734863,,
,750000,,,,,-2.022874030470848,83.62061748988927,3660,0.0003,0.2,34.48391342163086,0.008264044,-0.0032380502816522494,0.09873046875,-0.001619100570678711,-100.0,1000.0
2990,751616,367,1000.0,251,-100.0,,,,,,,,,,,,
2992,753664,368,1000.0,251,-100.0,-1.9969686534255744,82.41764972805977,3670,0.0003,0.2,25.99088478088379,0.0074098045,-0.0027170786255737767,0.002001953125,0.0054395198822021484,,
2995,755712,369,1000.0,252,-100.0,-1.986293763294816,82.0996627509594,3680,0.0003,0.2,186.07742309570312,0.0070079607,-0.0035588824597653002,0.072412109375,0.09007376432418823,,
2997,757760,370,1000.0,252,-100.0,-2.0084944289177655,83.97229868844151,3690,0.0003,0.2,5.622348308563232,0.010178949,-0.007130651081388351,0.082861328125,0.23530757427215576,,
2999,759808,371,1000.0,253,-100.0,-2.0544405810534956,79.69184684865176,3700,0.0003,0.2,68.5317153930664,0.012116536,-0.006277913019584957,0.079931640625,0.10498452186584473,,
,760000,,,,,-2.11614938005805,68.76707158014179,3710,0.0003,0.2,15.433423042297363,0.013698584,-0.004436029968201183,0.088623046875,0.16733920574188232,-100.0,1000.0
3007,761856,372,1000.0,253,-100.0,,,,,,,,,,,,
3010,763904,373,1000.0,253,-100.0,-2.108763536810875,82.83429233171046,3720,0.0003,0.2,130.3018035888672,0.010083366,-0.0009057508344994858,0.128076171875,0.07555973529815674,,
3012,765952,374,1000.0,254,-100.0,-2.093639790266752,79.12495536059141,3730,0.0003,0.2,96.9657974243164,0.0034024715,-0.0016680447675753384,0.001318359375,0.17907863855361938,,
3015,768000,375,1000.0,254,-100.0,-2.0462877944111826,73.65036934539675,3740,0.0003,0.2,4.346617698669434,0.007823855,-0.0047649695974541825,0.112939453125,0.14781111478805542,,
,770000,,,,,-2.0805565364658833,128.0264828592539,3750,0.0003,0.2,10.976320266723633,0.009884645,-0.003635060389933642,0.07099609375,0.42120903730392456,-100.0,1000.0
3022,770048,376,1000.0,254,-100.0,,,,,,,,,,,,
3025,772096,377,1000.0,255,-100.0,-2.0830122038722036,87.54886227697133,3760,0.0003,0.2,8.57352352142334,0.007786776,-0.002574592963355826,0.0052734375,0.37840569019317627,,
3027,774144,378,1000.0,255,-100.0,-2.108251541107893,83.90202555172145,3770,0.0003,0.2,2.2454941272735596,0.012763273,-0.0001842238852987066,0.230029296875,-2.2411346435546875e-05,,
3030,776192,379,1000.0,256,-100.0,-2.159550017118454,86.01357314363122,3780,0.0003,0.2,63.96269226074219,0.007712013,-0.0023079248960129915,0.023828125,0.3444613814353943,,
3032,778240,380,1000.0,256,-100.0,-2.184132008999586,60.068529517576096,3790,0.0003,0.2,5.57661247253418,0.00044888904,-0.0011195419880095868,0.001904296875,0.45333021879196167,,
,780000,,,,,-2.1637558057904243,88.50482601299882,3800,0.0003,0.2,11.725438117980957,0.004008252,-0.00413410051696701,0.01416015625,0.7813194990158081,-100.0,1000.0
3040,780288,381,1000.0,256,-100.0,,,,,,,,,,,,
3043,782336,382,1000.0,257,-100.0,-2.178401105850935,82.94672829210758,3810,0.0003,0.2,2.3509416580200195,0.002804275,-0.0011504093337862287,0.007080078125,0.22618120908737183,,
3045,784384,383,1000.0,257,-100.0,-2.1859471797943115,91.93478592261673,3820,0.0003,0.2,15.948952674865723,0.002018753,-0.0016842879631440155,0.001513671875,0.7877532839775085,,
3047,786432,384,1000.0,258,-100.0,-2.1812816828489305,86.70817579180002,3830,0.0003,0.2,57.15236282348633,0.0022552349,-0.001488495845842408,0.007470703125,0.5355134010314941,,
3050,788480,385,1000.0,258,-100.0,-2.197587276995182,71.86624332517385,3840,0.0003,0.2,43.58406448364258,0.0023735962,-0.0018035961795249023,0.003759765625,0.30816251039505005,,
,790000,,,,,-2.1807327888906003,66.31673891730607,3850,0.0003,0.2,64.77318572998047,0.004657975,-0.003225664873752976,0.01162109375,0.5832352638244629,-100.0,1000.0
4418,790528,386,1000.0,178,-100.0,,,,,,,,,,,,
4421,792576,387,1000.0,179,-100.0,-2.1765120938420295,83.64028131701052,3860,0.0003,0.2,52.028507232666016,0.0068967785,-0.0034713859495241195,0.01220703125,0.7776882648468018,,
4423,794624,388,1000.0,179,-100.0,-2.1392028629779816,82.99476939849555,3870,0.0003,0.2,1.3292591571807861,0.013086049,-0.00277506659476785,0.146630859375,0.08062595129013062,,
4426,796672,389,1000.0,179,-100.0,-2.0878385841846465,83.22564730234444,3880,0.0003,0.2,13.295815467834473,0.012299705,-0.005718440302007366,0.133642578125,0.017959654331207275,,
4428,798720,390,1000.0,180,-100.0,-2.1320723213255404,81.83802634626628,3890,0.0003,0.2,34.45926284790039,0.010753374,-0.004175813437905162,0.10498046875,0.18025225400924683,,
,800000,,,,,-2.1087858214974404,76.43309138193726,3900,0.0003,0.2,27.937990188598633,0.011033719,-0.004298189582186751,0.111083984375,0.2056797742843628,-100.0,1000.0
4436,800768,391,1000.0,180,-100.0,,,,,,,,,,,,
4438,802816,392,1000.0,180,-100.0,-2.114983943849802,54.01688203494996,3910,0.0003,0.2,3.603346586227417,0.008746736,-0.0035880965180695055,0.025634765625,0.37158089876174927,,
4441,804864,393,1000.0,181,-100.0,-2.2345890283584593,81.52778437808156,3920,0.0003,0.2,76.37676239013672,0.037170753,-0.007425814650196117,0.14921875,0.4449268579483032,,
4443,806912,394,1000.0,181,-100.0,-2.2110382772982122,96.0524422749877,3930,0.0003,0.2,11.246233940124512,0.003478326,-0.002220687660155818,0.002197265625,0.6599547863006592,,
4446,808960,395,1000.0,181,-100.0,-2.238971387594938,81.23127333372831,3940,0.0003,0.2,25.816566467285156,0.0015002106,-0.0014179926612996497,0.00546875,0.7095222473144531,,
,810000,,,,,-2.2170231714844704,79.86281183771789,3950,0.0003,0.2,56.84782028198242,0.008970651,-0.005608177766407607,0.01435546875,0.613886833190918,-100.0,1000.0
4453,811008,396,1000.0,182,-100.0,,,,,,,,,,,,
4456,813056,397,1000.0,182,-100.0,-2.1875675931572913,125.0924121171236,3960,0.0003,0.2,41.47488784790039,0.005823054,-0.0022017959690856514,0.015185546875,0.6311928033828735,,
4458,815104,398,1000.0,182,-100.0,-2.2011371053755284,77.20658660307527,3970,0.0003,0.2,66.21725463867188,0.008891277,-0.003448471015872201,0.033984375,0.6693008542060852,,
4461,817152,399,1000.0,183,-100.0,-2.168476500362158,93.36351726204157,3980,0.0003,0.2,79.73899841308594,0.01165198,-0.00424520570304594,0.13515625,0.5751429796218872,,
4463,819200,400,1000.0,183,-100.0,-2.0737719275057316,93.5374364733696,3990,0.0003,0.2,13.870573997497559,0.010903551,-0.005372385472583119,0.054931640625,0.26354509592056274,,
,820000,,,,,-2.098838090151548,83.51764266118407,4000,0.0003,0.2,92.21797943115234,0.0075286096,-0.005617602462007198,0.06533203125,0.5972921848297119,-100.0,1000.0
4471,821248,401,1000.0,183,-100.0,,,,,,,,,,,,
4473,823296,402,1000.0,184,-100.0,-2.0697046644985675,73.52981427535414,4010,0.0003,0.2,10.675896644592285,0.009444411,-0.007892708826693707,0.05986328125,0.5415773391723633,,
4476,825344,403,1000.0,184,-100.0,-1.9700607966631651,97.84006106555462,4020,0.0003,0.2,2.1264994144439697,0.011186775,-0.003625939376070164,0.042529296875,0.7852418422698975,,
4478,827392,404,1000.0,184,-100.0,-2.029311016574502,33.8127601724118,4030,0.0003,0.2,6.5511956214904785,0.0050694947,-0.0032137011163285933,0.1033203125,0.352973997592926,,
4481,829440,405,1000.0,185,-100.0,-2.059824767708778,100.9583828046918,4040,0.0003,0.2,14.847362518310547,0.0066839308,-0.004516158174374141,0.025830078125,0.810175359249115,,
,830000,,,,,-2.0364448845386507,87.27389622926712,4050,0.0003,0.2,106.6792984008789,0.008530613,-0.002922782088717213,0.052392578125,0.5719273090362549,-100.0,1000.0
4488,831488,406,1000.0,185,-100.0,,,,,,,,,,,,
4491,833536,407,1000.0,185,-100.0,-2.0075135622173548,98.61206628829241,4060,0.0003,0.2,85.24102783203125,0.008052033,-0.001034720531606581,0.007568359375,0.6614187359809875,,
4493,835584,408,1000.0,185,-100.0,-1.9427876137197018,97.91578605026007,4070,0.0003,0.2,44.129058837890625,0.008263358,-0.005181866989005357,0.034765625,0.7370203733444214,,
4496,837632,409,1000.0,186,-100.0,-1.9551142942160369,86.89516500681638,4080,0.0003,0.2,10.76891040802002,0.0057745595,-0.0028257111211132725,0.0193359375,0.5297657251358032,,
4498,839680,410,1000.0,186,-100.0,-1.9769324392080307,90.55581772774458,4090,0.0003,0.2,92.86917114257812,0.016320873,-0.007623247463925509,0.1328125,0.7777047157287598,,
,840000,,,,,-2.010419095680118,82.51805190742016,4100,0.0003,0.2,80.12252807617188,0.014670241,-0.004269667698827107,0.16826171875,0.32874804735183716,-100.0,1000.0
4506,841728,411,1000.0,186,-100.0,,,,,,,,,,,,
4509,843776,412,1000.0,187,-100.0,-1.9761458646506072,86.71343239843846,4110,0.0003,0.2,52.686424255371094,0.011127949,-0.003592227529588854,0.087939453125,0.5643356442451477,,
4511,845824,413,1000.0,187,-100.0,-2.0266342882066963,80.33646199181676,4120,0.0003,0.2,11.811959266662598,0.010038736,-0.001842914367443882,0.06513671875,0.7114702463150024,,
4513,847872,414,1000.0,187,-100.0,-1.9513226561248302,81.90288252942264,4130,0.0003,0.2,14.819005012512207,0.0076038553,-0.002201327230432071,0.04794921875,0.2826489806175232,,
4516,849920,415,1000.0,188,-100.0,-1.9607638865709305,80.35502588637173,4140,0.0003,0.2,8.682795524597168,0.009818187,-0.00011469016171758995,0.080029296875,0.2814011573791504,,
,850000,,,,,-1.9342837553471326,75.91113064493985,4150,0.0003,0.2,154.6234588623047,0.01773024,-0.006221134288352914,0.22236328125,0.10080993175506592,-100.0,1000.0
4523,851968,416,1000.0,188,-100.0,,,,,,,,,,,,
4526,854016,417,1000.0,188,-100.0,-1.7896855175495148,86.56184759587049,4160,0.0003,0.2,102.00546264648438,0.00576427,-0.0032117604598170145,0.0318359375,0.5624456405639648,,
4528,856064,418,1000.0,189,-100.0,-1.8595203164964915,105.00233359113335,4170,0.0003,0.2,9.802035331726074,0.009911237,-0.0033983096611336803,0.1173828125,0.23363244533538818,,
4531,858112,419,1000.0,189,-100.0,-1.923609273508191,85.91072083227337,4180,0.0003,0.2,50.6155891418457,0.011106183,-0.0023726264451397585,0.19150390625,0.011471271514892578,,
,860000,,,,,-1.9408579163253308,60.78451455794275,4190,0.0003,0.2,72.66641998291016,0.012564536,-0.0034866605696151965,0.1701171875,0.271878182888031,-100.0,1000.0
4538,860160,420,1000.0,189,-100.0,,,,,,,,,,,,
4541,862208,421,1000.0,189,-100.0,-2.057280322536826,85.07484077736736,4200,0.0003,0.2,6.2350239753723145,0.023114435,-0.005160926934331655,0.239501953125,0.0005825161933898926,,
4543,864256,422,1000.0,190,-100.0,-1.8631644133478402,85.34403768479824,4210,0.0003,0.2,5.8644843101501465,0.0099565545,-0.008285513811279089,0.197802734375,0.00030416250228881836,,
4545,866304,423,1000.0,190,-100.0,-1.8996520396322012,84.92345148473979,4220,0.0003,0.2,33.4975700378418,0.018478967,-0.0010094369274156634,0.071337890625,-0.0020912885665893555,,
4548,868352,424,1000.0,190,-100.0,-1.8208248887211085,85.23702977001668,4230,0.0003,0.2,24.281986236572266,0.009786692,-0.0005320407479302957,0.15048828125,0.0007591843605041504,,
,870000,,,,,-1.8873349614441395,93.36691687330604,4240,0.0003,0.2,96.00724792480469,0.007987435,-0.003897837046315544,0.059765625,0.6570035219192505,-100.0,1000.0
4555,870400,425,1000.0,191,-100.0,,,,,,,,,,,,
4558,872448,426,1000.0,191,-100.0,-1.9522365126758814,91.32989649139344,4250,0.0003,0.2,3.642937421798706,0.0034440206,-0.00156525873899227,0.00712890625,0.7625640630722046,,
4560,874496,427,1000.0,191,-100.0,-1.908183692023158,86.48721046224236,4260,0.0003,0.2,61.975399017333984,0.0074939635,-0.0024879234813852237,0.11279296875,0.16997087001800537,,
4563,876544,428,1000.0,192,-100.0,-1.8856643564999103,93.96151843369007,4270,0.0003,0.2,90.17465209960938,0.0025477456,-0.001756554269377375,0.01435546875,0.8375710844993591,,
4566,878592,429,1000.0,192,-100.0,-1.7983338370919228,83.47128028757871,4280,0.0003,0.2,82.7529296875,0.015119646,0.002294308149430435,0.18349609375,-0.01738607883453369,,
,880000,,,,,-1.7284331280738114,83.74317262247204,4290,0.0003,0.2,3.2809627056121826,0.0068474263,-0.0025148051194264554,0.111865234375,-0.0004118680953979492,-100.0,1000.0
4573,880640,430,1000.0,192,-100.0,,,,,,,,,,,,
4576,882688,431,1000.0,192,-100.0,-1.8255019910633563,83.53389417212456,4300,0.0003,0.2,2.725295305252075,0.010514151,-0.003998662787489593,0.18056640625,-0.013021588325500488,,
4578,884736,432,1000.0,193,-100.0,-1.7433160502463578,82.95012691039592,4310,0.0003,0.2,14.84821605682373,0.007984527,-0.0024892400644603184,0.11728515625,6.729364395141602e-05,,
4581,886784,433,1000.0,193,-100.0,-1.7172880366444587,83.05320904571563,4320,0.0003,0.2,4.4315900802612305,0.0060325675,-0.0017851966746093239,0.02490234375,-0.024422526359558105,,
4583,888832,434,1000.0,193,-100.0,-1.6606520265340805,86.10821081101895,4330,0.0003,0.2,15.011346817016602,0.0033814486,-0.004323859620126313,0.0318359375,0.3587360382080078,,
,890000,,,,,-1.6917610131204128,83.30898242741823,4340,0.0003,0.2,1.6762511730194092,0.0066581555,-0.003612283537586336,0.037890625,0.4514904022216797,-100.0,1000.0
4591,890880,435,1000.0,194,-100.0,,,,,,,,,,,,
4593,892928,436,1000.0,194,-100.0,-1.6747580226510763,80.99785398095847,4350,0.0003,0.2,18.07857894897461,0.0026106453,-0.0017511913290945813,0.007080078125,0.44779640436172485,,
4595,894976,437,1000.0,194,-100.0,-1.5446788098663091,78.60412847362458,4360,0.0003,0.2,36.59025192260742,0.023603516,-0.002923430302325869,0.084130859375,-0.013945221900939941,,
4598,897024,438,1000.0,195,-100.0,-1.3916251704096794,79.28836297206581,4370,0.0003,0.2,38.51832962036133,0.015605094,0.0015594269178109243,0.0970703125,-0.0005319118499755859,,
4600,899072,439,1000.0,195,-100.0,-1.439928910136223,125.24928741790355,4380,0.0003,0.2,9.852249145507812,0.0058029476,-0.003161171800456941,0.02041015625,0.0035699009895324707,,
,900000,,,,,-1.5208318520337343,88.72795356167481,4390,0.0003,0.2,32.7847785949707,0.00493968,-0.001983569124422502,0.015087890625,0.014916419982910156,-100.0,1000.0
4608,901120,440,1000.0,195,-100.0,,,,,,,,,,,,
4610,903168,441,1000.0,195,-100.0,-1.4861556705087424,65.23653246350587,4400,0.0003,0.2,41.38687515258789,0.005820658,-0.00389548725070199,0.10283203125,0.34256255626678467,,
4613,905216,442,1000.0,196,-100.0,-1.4785660319030285,86.91938960244879,4410,0.0003,0.2,41.52330017089844,0.014356767,-0.0016840526135638357,0.1826171875,0.0006837844848632812,,
4615,907264,443,1000.0,196,-100.0,-1.4956825345754623,87.15152577534317,4420,0.0003,0.2,76.49658203125,0.0020594941,-0.0008148138425895013,0.012890625,0.023750603199005127,,
4618,909312,444,1000.0,196,-100.0,-1.5348034285008907,85.96556398384273,4430,0.0003,0.2,1.4177205562591553,0.014043079,-0.0024761733060586267,0.170703125,-2.396106719970703e-05,,
,910000,,,,,-1.4097376368939876,85.45574101284146,4440,0.0003,0.2,1.9126707315444946,0.004529151,9.617470786906778e-05,0.07431640625,-2.3484230041503906e-05,-100.0,1000.0
4662,911360,445,1000.0,195,-100.0,,,,,,,,,,,,
4664,913408,446,1000.0,195,-100.0,-1.5428231798112393,85.04343293942512,4450,0.0003,0.2,56.534297943115234,0.014507582,-0.002304303043638356,0.097314453125,-0.008688211441040039,,
4667,915456,447,1000.0,196,-100.0,-1.5596078723669051,84.72716813609004,4460,0.0003,0.2,67.77774810791016,0.0067093205,-0.001095404908119235,0.11201171875,0.00018936395645141602,,
4669,917504,448,1000.0,196,-100.0,-1.5906951434910297,84.2310833428055,4470,0.0003,0.2,4.611302375793457,0.008893878,-0.0029906939642387444,0.092578125,-0.01308143138885498,,
4671,919552,449,1000.0,196,-100.0,-1.580043911933899,84.15226323492826,4480,0.0003,0.2,19.126487731933594,0.0058114524,-0.0021536254687816838,0.096533203125,0.0014435052871704102,,
,920000,,,,,-1.5479413989931345,84.53553987704217,4490,0.0003,0.2,18.136699676513672,0.0031661983,0.0006565505231264978,0.028466796875,0.013348937034606934,-100.0,1000.0
4679,921600,450,1000.0,196,-100.0,,,,,,,,,,,,
4681,923648,451,1000.0,197,-100.0,-1.5265098206698895,83.05339459106327,4500,0.0003,0.2,6.751138210296631,0.0076947706,-0.0022456468344898895,0.066064453125,-0.02388930320739746,,
4684,925696,452,1000.0,197,-100.0,-1.5069524057209491,83.8061226444319,4510,0.0003,0.2,24.53729248046875,0.0040142313,0.00010426532389828935,0.022216796875,0.00018107891082763672,,
4686,927744,453,1000.0,197,-100.0,-1.4213278893381358,83.15770118385554,4520,0.0003,0.2,73.61758422851562,0.008469292,-0.005101775105868,0.082470703125,0.021755635738372803,,
4689,929792,454,1000.0,198,-100.0,-1.3371714286506176,82.13410815671087,4530,0.0003,0.2,11.228513717651367,0.0050559407,-0.0025336081584100612,0.03916015625,0.009084582328796387,,
,930000,,,,,-1.3417298976331948,81.49338975399732,4540,0.0003,0.2,1.6254106760025024,0.005876969,-0.0039142832058132624,0.096240234375,-0.03671669960021973,-100.0,1000.0
4696,931840,455,1000.0,198,-100.0,,,,,,,,,,,,
4699,933888,456,1000.0,198,-100.0,-1.4174404982477427,81.21340959891677,4550,0.0003,0.2,5.261892318725586,0.005609475,-0.0021543322553043255,0.086376953125,0.0015689730644226074,,
4701,935936,457,1000.0,199,-100.0,-1.3870212156325579,79.5036894787103,4560,0.0003,0.2,3.2951831817626953,0.0047090873,-0.0036951091708033344,0.022119140625,-0.0020134449005126953,,
4704,937984,458,1000.0,199,-100.0,-1.3456955194473266,77.70494838804007,4570,0.0003,0.2,133.38658142089844,0.0052914917,-0.0029272724481415936,0.043896484375,0.018304407596588135,,
,940000,,,,,-1.3376634880900382,71.68089121691882,4580,0.0003,0.2,66.92908477783203,0.002502253,-0.0015984012810804416,0.0328125,0.08827018737792969,-100.0,1000.0
4711,940032,459,1000.0,199,-100.0,,,,,,,,,,,,
4714,942080,460,1000.0,199,-100.0,-1.2766634680330753,121.4823160674423,4590,0.0003,0.2,30.391183853149414,0.004553046,-0.0003355159635248128,0.0427734375,0.10342538356781006,,
4716,944128,461,1000.0,200,-100.0,-1.353155879303813,86.15987914856524,4600,0.0003,0.2,4.298764705657959,0.0064769257,-0.004142477321147453,0.119287109375,0.13547784090042114,,
4719,946176,462,1000.0,200,-100.0,-1.4711507745087147,84.64642349854111,4610,0.0003,0.2,77.35697937011719,0.007389983,-0.004273990140063688,0.144189453125,0.05267143249511719,,
4721,948224,463,1000.0,200,-100.0,-1.4419916525483132,85.5703170709312,4620,0.0003,0.2,17.853593826293945,0.005567179,-0.0011602385910009616,0.0638671875,0.15965473651885986,,
,950000,,,,,-1.423290428519249,85.42070745676756,4630,0.0003,0.2,2.1598072052001953,0.006846046,-0.00011655750422505662,0.08095703125,0.04762983322143555,-100.0,1000.0
4729,950272,464,1000.0,200,-100.0,,,,,,,,,,,,
4731,952320,465,1000.0,201,-100.0,-1.4978325180709362,84.53656514864414,4640,0.0003,0.2,71.94329833984375,0.011744108,2.940494450740516e-05,0.19140625,-0.00019478797912597656,,
4734,954368,466,1000.0,201,-100.0,-1.5679094839841128,84.51110353972763,4650,0.0003,0.2,58.58188247680664,0.013663631,-0.0023385353430057875,0.162451171875,-0.00048291683197021484,,
4736,956416,467,1000.0,201,-100.0,-1.5151510369032621,84.57862490452825,4660,0.0003,0.2,80.012939453125,0.0044937604,-0.004183635927620344,0.1185546875,-0.00024259090423583984,,
4738,958464,468,1000.0,202,-100.0,-1.5121443282812834,84.26310171037912,4670,0.0003,0.2,90.51006317138672,0.009058559,-0.0010572788116405718,0.10458984375,-0.002369403839111328,,
,960000,,,,,-1.3919325094670056,84.45456090159715,4680,0.0003,0.2,11.62630558013916,0.0064941407,-0.004734103244845756,0.056201171875,0.0013997554779052734,-100.0,1000.0
4746,960512,469,1000.0,202,-100.0,,,,,,,,,,,,
4748,962560,470,1000.0,202,-100.0,-1.2694960694760085,84.0926045358181,4690,0.0003,0.2,1.2517017126083374,0.010442058,-0.004931497687357478,0.084716796875,-0.005174040794372559,,
4751,964608,471,1000.0,203,-100.0,-1.342213038355112,84.20533489882946,4700,0.0003,0.2,41.07133483886719,0.009302298,-0.0035278206312796103,0.173828125,-0.001226663589477539,,
4753,966656,472,1000.0,203,-100.0,-1.2381408028304577,83.35974126383663,4710,0.0003,0.2,70.63758850097656,0.012911,-0.004757998244895134,0.10927734375,-0.021784424781799316,,
4756,968704,473,1000.0,203,-100.0,-1.273632612079382,83.99456247352063,4720,0.0003,0.2,38.6274299621582,0.0053189527,-0.0011333836504491047,0.11923828125,-1.0967254638671875e-05,,
,970000,,,,,-1.3065729685127736,84.02287204265595,4730,0.0003,0.2,89.47342681884766,0.0058950335,-0.0027211769644054583,0.074951171875,0.0019655227661132812,-100.0,1000.0
4763,970752,474,1000.0,203,-100.0,,,,,,,,,,,,
4766,972800,475,1000.0,204,-100.0,-1.220275355130434,82.67698740921915,4740,0.0003,0.2,29.12179946899414,0.009849476,-0.003315378029947169,0.092822265625,-0.021906495094299316,,
4768,974848,476,1000.0,204,-100.0,-1.1925673458725214,82.51637278627604,4750,0.0003,0.2,4.4726481437683105,0.0016256036,-0.00114853841078002,0.01650390625,0.01714092493057251,,
4771,976896,477,1000.0,204,-100.0,-1.3154433220624924,81.33358718715608,4760,0.0003,0.2,12.556998252868652,0.003548198,-0.002595561131965951,0.047998046875,-0.014705300331115723,,
4773,978944,478,1000.0,205,-100.0,-1.2773127917200326,78.03161547053605,4770,0.0003,0.2,113.98181915283203,0.0055085476,-0.0025904008187353613,0.01513671875,-0.00352323055267334,,
,980000,,,,,-1.2632733844220638,76.5878622119315,4780,0.0003,0.2,3.2852001190185547,0.0053069936,-0.002661761999479495,0.089697265625,-0.1749122142791748,-100.0,1000.0
4781,980992,479,1000.0,205,-100.0,,,,,,,,,,,,
4783,983040,480,1000.0,205,-100.0,-1.3130796898156405,80.77204980570824,4790,0.0003,0.2,25.22478485107422,0.00505347,-0.003360552877711598,0.103173828125,-0.04566335678100586,,
4786,985088,481,1000.0,205,-100.0,-1.1661597017198801,113.33114515859634,4800,0.0003,0.2,1.6411815881729126,0.004920202,-0.0025055468664504587,0.04521484375,-0.00913846492767334,,
4788,987136,482,1000.0,206,-100.0,-1.1781416244804859,86.6343927429989,4810,0.0003,0.2,83.11026763916016,0.011438607,-0.0019182614909368568,0.098779296875,-0.0004601478576660156,,
4791,989184,483,1000.0,206,-100.0,-1.2790822986513377,86.05200112313032,4820,0.0003,0.2,154.56924438476562,0.0077115325,-0.0034260686952620745,0.124072265625,1.8298625946044922e-05,,
,990000,,,,,-1.3008256457746028,85.83495068028569,4830,0.0003,0.2,79.9303970336914,0.01574272,0.0011730539699783549,0.119970703125,-0.00033164024353027344,-100.0,1000.0
4798,991232,484,1000.0,206,-100.0,,,,,,,,,,,,
4801,993280,485,1000.0,206,-100.0,-1.5280801694840194,85.49896221589297,4840,0.0003,0.2,52.42900466918945,0.012887696,-0.0032053036331490146,0.137060546875,4.8279762268066406e-05,,
4803,995328,486,1000.0,207,-100.0,-1.5604033898562193,103.010731177032,4850,0.0003,0.2,25.70743751525879,0.011177072,-0.006821128224692075,0.037890625,0.7994270324707031,,
4806,997376,487,1000.0,207,-100.0,-1.5402896098792553,84.66707872152328,4860,0.0003,0.2,16.55440902709961,0.008600021,-0.001583402905089315,0.0900390625,-0.0006035566329956055,,
4808,999424,488,1000.0,207,-100.0,-1.5651958126574754,84.53098736777902,4870,0.0003,0.2,4.797879219055176,0.010761602,-0.005517098306154366,0.19697265625,-0.0054051876068115234,,
,1000000,,,,,-1.7282575752586127,84.22039347402752,4880,0.0003,0.2,26.790950775146484,0.010356922,-0.005725852676550858,0.15546875,8.89897346496582e-05,-100.0,1000.0
4815,1001472,489,1000.0,207,-100.0,,,,,,,,,,,,
