time/total_timesteps,time/iterations,time/fps,rollout/ep_rew_mean,rollout/ep_len_mean,time/time_elapsed,train/clip_fraction,train/n_updates,train/entropy_loss,train/policy_gradient_loss,train/explained_variance,train/loss,train/value_loss,train/learning_rate,train/clip_range,train/approx_kl,eval/mean_reward,eval/mean_ep_length
2048,1,260,-13.820952750000002,471.0,7,,,,,,,,,,,,
4096,2,181,-12.979567111111113,453.55555555555554,22,0.00048828125,10,-4.564031183719635,-0.005495662556495517,-0.04976761341094971,1.1593213081359863,4.187492083758116,3e-05,0.1,0.00086395536,,
6144,3,139,-9.66567953846154,467.61538461538464,43,0.0,20,-4.563219267129898,-0.0028083568467991427,0.07379037141799927,13.688981056213379,20.463609486818314,3e-05,0.1,0.00024645022,,
8192,4,137,-9.072965117647058,466.94117647058823,59,0.008203125,30,-4.562422853708267,-0.005414379632566124,0.6321970522403717,0.5413709878921509,0.6970046535134315,3e-05,0.1,0.00096408534,,
10000,,,,,,0.005859375,40,-4.56128898859024,-0.004856497925356962,0.6413285136222839,0.06529928743839264,0.40620853947475555,3e-05,0.1,0.001044811,-1.665942907333374,471.0
10240,5,123,-12.361497238095236,472.6666666666667,83,,,,,,,,,,,,
12288,6,124,-10.771300520000002,480.12,98,0.0001953125,50,-4.559745860099793,-0.002200179360806942,0.39365118741989136,2.063178777694702,11.5236542545259,3e-05,0.1,0.00027037942,,
14336,7,120,-11.565606379310346,483.44827586206895,118,0.0,60,-4.559234797954559,-0.002396831347141415,0.6205899119377136,0.8396775126457214,2.123172016441822,3e-05,0.1,0.00029501002,,
16384,8,120,-10.784419,477.6764705882353,135,0.0,70,-4.55799525976181,-0.002609716496226611,0.7874656617641449,2.0033211708068848,2.671168304979801,3e-05,0.1,0.0003002682,,
18432,9,123,-10.04653545,460.65,149,0.000146484375,80,-4.557083946466446,-0.0039591572800418365,0.7910241782665253,0.044059086591005325,0.3980334045365453,3e-05,0.1,0.00056023686,,
20000,,,,,,0.001318359375,90,-4.557350665330887,-0.003834360033215489,0.6797145307064056,1.2079945802688599,5.430467464774847,3e-05,0.1,0.0005962972,-0.8560028791427612,540.8
20480,10,116,-9.85510827906977,475.3255813953488,176,,,,,,,,,,,,
22528,11,117,-9.472022326086957,481.5217391304348,191,0.000341796875,100,-4.554931783676148,-0.0018133746605599299,0.7016605734825134,0.3734816312789917,0.8378406446427107,3e-05,0.1,0.0002767046,,
24576,12,116,-8.639157780000001,487.54,210,0.02861328125,110,-4.553404885530472,-0.007511472766054794,0.7959679216146469,0.011081762611865997,0.15093776010908186,3e-05,0.1,0.0015887286,,
26624,13,115,-8.801430685185187,482.05555555555554,230,0.00087890625,120,-4.553520554304123,-0.0030896949348971246,0.8422272801399231,0.00805426761507988,0.8281374486163259,3e-05,0.1,0.00043588373,,
28672,14,113,-8.622204189655173,486.1551724137931,251,0.0005859375,130,-4.550133329629898,-0.0032278409024002032,0.869479238986969,0.13628384470939636,0.6225400768220425,3e-05,0.1,0.00053413026,,
30000,,,,,,0.002685546875,140,-4.548972147703171,-0.0038798532536020503,0.7826968729496002,0.11595778167247772,0.6855387549847365,3e-05,0.1,0.00062223943,4.541334724426269,445.6
30720,15,111,-8.924448177419357,490.0806451612903,276,,,,,,,,,,,,
32768,16,110,-9.856981223880599,487.3134328358209,295,0.00126953125,150,-4.550156706571579,-0.002872003443189897,0.844990000128746,0.13615894317626953,0.7572789158672094,3e-05,0.1,0.00039992726,,
34816,17,110,-8.88182601408451,487.5211267605634,314,0.000439453125,160,-4.548335909843445,-0.0028874718089355158,0.8430901914834976,1.6915714740753174,5.134132315218449,3e-05,0.1,0.0004385519,,
36864,18,110,-9.631312853333334,490.84,334,0.00302734375,170,-4.551020151376724,-0.0039647749930736605,0.41069495677948,0.15966106951236725,1.113123159483075,3e-05,0.1,0.0006108463,,
38912,19,109,-9.233665556962025,490.3544303797468,353,0.0,180,-4.544599384069443,-0.001958751498023048,0.8036392331123352,2.164024829864502,4.203276409208774,3e-05,0.1,0.00025963192,,
40000,,,,,,0.00068359375,190,-4.547290205955505,-0.0030317238662973976,0.8050835281610489,0.7600378394126892,1.0875774722546339,3e-05,0.1,0.00046880072,-17.548631381988525,534.0
40960,20,106,-8.968978000000002,493.4578313253012,384,,,,,,,,,,,,
43008,21,106,-8.961962500000002,495.74418604651163,404,0.0,200,-4.547434175014496,-0.0021444900514325125,0.8533380627632141,0.24824365973472595,1.5172532733529807,3e-05,0.1,0.0002542305,,
45056,22,107,-8.862224988888888,500.3333333333333,419,0.004296875,210,-4.546688181161881,-0.0032409850042313336,0.9061674401164055,0.41485726833343506,1.2317647188901901,3e-05,0.1,0.0003754455,,
47104,23,108,-8.485228617021276,496.3936170212766,434,0.004150390625,220,-4.544503951072693,-0.003852696914691478,0.9099548682570457,1.2853891849517822,1.728920739516616,3e-05,0.1,0.0005100497,,
49152,24,108,-8.663271272727274,495.85858585858585,453,0.00224609375,230,-4.543504971265793,-0.002631235422450118,0.8134640902280807,0.31107139587402344,0.8202632606029511,3e-05,0.1,0.00031575823,,
50000,,,,,,0.0,240,-4.5419006764888765,-0.0016468582514789886,0.8875596299767494,1.2589479684829712,2.182129069417715,3e-05,0.1,0.00014299765,0.6633379459381104,531.4
51200,25,106,-8.42394048,501.92,481,,,,,,,,,,,,
53248,26,107,-8.14900484,502.73,496,0.025341796875,250,-4.540686970949173,-0.0070300675404723735,0.9587297961115837,0.10913022607564926,0.3349699501413852,3e-05,0.1,0.001539719,,
55296,27,107,-8.40626448,504.76,512,0.00078125,260,-4.536945426464081,-0.0028997630113735797,0.8508570492267609,0.8174923658370972,1.312576193921268,3e-05,0.1,0.00045871083,,
57344,28,107,-8.792492880000001,504.48,531,0.008447265625,270,-4.535788780450821,-0.004762319751898758,0.9177218079566956,0.3662422001361847,1.2521628506481648,3e-05,0.1,0.0010462871,,
59392,29,108,-8.44768616,505.86,549,0.00126953125,280,-4.5314522087574005,-0.002675576192268636,0.8459606021642685,0.4405566155910492,2.076830757409334,3e-05,0.1,0.00031838386,,
60000,,,,,,0.0,290,-4.533387219905853,-0.0023807570527424105,0.8042205572128296,1.3283212184906006,3.0209142245352267,3e-05,0.1,0.00023829454,-11.756083822250366,397.4
61440,30,106,-7.728905620000001,504.25,575,,,,,,,,,,,,
63488,31,107,-7.038616120000001,501.49,590,0.0,300,-4.534129095077515,-0.0014711436539073474,0.7769385427236557,0.35198938846588135,1.2876998748630286,3e-05,0.1,0.00013960036,,
65536,32,107,-6.596365130000001,502.87,609,0.00634765625,310,-4.535130870342255,-0.003854107402730733,0.7341432571411133,0.21249930560588837,0.6935174060985446,3e-05,0.1,0.00081938144,,
67584,33,108,-6.233274649999999,505.14,625,0.002880859375,320,-4.530097085237503,-0.004580803477438167,0.769586369395256,0.0918789952993393,0.3562184702605009,3e-05,0.1,0.00086629635,,
69632,34,108,-6.5630133,514.41,643,0.0,330,-4.526302206516266,-0.002682915300829336,0.8519802689552307,0.1979527473449707,0.8078133430331945,3e-05,0.1,0.00039602316,,
70000,,,,,,0.00068359375,340,-4.522376346588135,-0.0031459435966098683,0.9044046029448509,0.11506772041320801,0.5177302347496152,3e-05,0.1,0.00050255295,-16.118537664413452,532.4
71680,35,106,-7.50613239,521.75,671,,,,,,,,,,,,
73728,36,106,-7.9704612,513.43,690,0.0,350,-4.520850431919098,-0.0020579759919201026,0.7249965667724609,6.947360515594482,8.414338146150111,3e-05,0.1,0.00026929437,,
75776,37,107,-8.50924592,509.24,708,0.00185546875,360,-4.52032271027565,-0.002925420639803633,0.8395116776227951,0.668968915939331,6.468767546117306,3e-05,0.1,0.00058094726,,
77824,38,106,-7.914221950000002,509.56,727,0.004541015625,370,-4.515878456830978,-0.0029899752087658273,0.8771180659532547,0.7390983700752258,1.875627949088812,3e-05,0.1,0.00035128355,,
79872,39,107,-7.925428940000001,510.69,746,0.000927734375,380,-4.519866740703582,-0.0031273286906071006,0.6694182455539703,0.018836211413145065,0.7660180862993002,3e-05,0.1,0.00059155974,,
80000,,,,,,0.001806640625,390,-4.518018537759781,-0.0031969343428499995,0.9031760841608047,0.08471142500638962,0.576942834816873,3e-05,0.1,0.00044703687,-7.5861130356788635,465.8
81920,40,106,-7.8253163500000005,511.05,770,,,,,,,,,,,,
83968,41,106,-7.840996430000001,516.43,786,0.00283203125,400,-4.521044635772705,-0.004416500101797283,0.9075023382902145,0.8079413175582886,1.2544771246612072,3e-05,0.1,0.00077604165,,
86016,42,106,-7.61274841,515.63,805,0.008984375,410,-4.508942425251007,-0.0037796944845467804,0.8808522671461105,1.1890634298324585,3.3269138395786286,3e-05,0.1,0.0009677394,,
88064,43,106,-7.37470309,521.68,824,0.00146484375,420,-4.511328685283661,-0.0038371470291167498,0.7676359117031097,0.0846138596534729,0.44335142597556115,3e-05,0.1,0.0005659977,,
90000,,,,,,0.01640625,430,-4.506328773498535,-0.005599488079315052,0.8855331167578697,0.29295310378074646,0.769189054891467,3e-05,0.1,0.0014332575,0.9259343624114991,633.0
90112,44,105,-7.331787919999998,523.28,855,,,,,,,,,,,,
92160,45,105,-6.9417292,526.23,873,0.003173828125,440,-4.4944905042648315,-0.003604982249089517,0.8470109105110168,0.25436505675315857,2.2835793390870096,3e-05,0.1,0.00061444374,,
94208,46,105,-7.967085999999999,526.0,889,0.006298828125,450,-4.507230144739151,-0.003375887667061761,0.6153076887130737,0.6088223457336426,1.9195477660745381,3e-05,0.1,0.0006468189,,
96256,47,105,-6.949833679999999,522.83,910,0.001904296875,460,-4.49648255109787,-0.003389783870079555,0.8682446181774139,1.166536569595337,6.20385667681694,3e-05,0.1,0.00044048534,,
98304,48,106,-7.108828089999999,520.7,926,0.004638671875,470,-4.4990006506443025,-0.0038912506628548727,0.895156592130661,0.30293965339660645,0.6610614843666553,3e-05,0.1,0.0006930183,,
100000,,,,,,0.0005859375,480,-4.506436049938202,-0.0028677031266852284,0.7702496349811554,0.19912520051002502,1.1234053928405046,3e-05,0.1,0.00041965776,-20.397148656845093,555.4
100352,49,104,-7.0513878299999995,520.71,956,,,,,,,,,,,,
102400,50,105,-7.286290250000002,534.87,971,9.765625e-05,490,-4.497560077905655,-0.002110970665307832,0.7686484456062317,0.5458119511604309,1.4108920630067587,3e-05,0.1,0.0002447132,,
104448,51,105,-7.033274180000001,528.48,986,0.0,500,-4.4907405316829685,-0.0016495827148901299,0.8949587121605873,0.32092714309692383,2.0160668529570103,3e-05,0.1,0.00016974146,,
106496,52,105,-6.501383540000001,527.54,1006,0.002587890625,510,-4.496770876646042,-0.003838240723416675,0.912937730550766,0.5679088830947876,1.858146696165204,3e-05,0.1,0.00051941944,,
108544,53,105,-6.28270539,532.4,1024,0.041455078125,520,-4.495640766620636,-0.007592951680999249,0.8500173538923264,0.015481647104024887,0.2188023954629898,3e-05,0.1,0.0018245794,,
110000,,,,,,0.006884765625,530,-4.479746609926224,-0.004633387824287638,0.7994509190320969,0.21913376450538635,0.768981197476387,3e-05,0.1,0.0008121455,-10.903930747509003,605.4
110592,54,104,-6.415943429999999,534.06,1057,,,,,,,,,,,,
112640,55,105,-6.300190459999999,539.54,1072,0.00048828125,540,-4.481582033634186,-0.0022227623616345228,0.8527511805295944,1.153841495513916,2.7238677844405172,3e-05,0.1,0.00028171804,,
114688,56,105,-7.08661789,546.69,1091,4.8828125e-05,550,-4.4776103615760805,-0.0032038142147939653,0.8965261206030846,0.5343590378761292,1.821113983169198,3e-05,0.1,0.0006321218,,
116736,57,104,-6.83508342,548.69,1112,0.0,560,-4.474572712182999,-0.0022106671502115207,0.86464062333107,4.1450514793396,5.17770102918148,3e-05,0.1,0.0002953649,,
118784,58,105,-8.14461072,555.94,1129,0.0154296875,570,-4.478356748819351,-0.005257228118716739,0.674406886100769,0.25560909509658813,0.6923392428085208,3e-05,0.1,0.0014021881,,
120000,,,,,,0.0,580,-4.464602738618851,-0.0009889078908599913,0.013905346393585205,36.16554641723633,37.678950120508674,3e-05,0.1,0.000100050645,-17.259233140945433,627.6
120832,59,104,-8.05153903,556.25,1158,,,,,,,,,,,,
122880,60,104,-8.17048402,565.88,1175,0.006005859375,590,-4.45286922454834,-0.0038585611677262933,0.9257011860609055,0.07380867004394531,0.272903476562351,3e-05,0.1,0.001057399,,
124928,61,105,-8.18139801,562.17,1181,0.00419921875,600,-4.4885960698127745,-0.003557206186815165,0.7137057781219482,0.07222652435302734,0.7287125023081898,3e-05,0.1,0.00080230564,,
126976,62,106,-8.074242369999999,558.7,1186,0.00869140625,610,-4.479483419656754,-0.004108364228159189,0.77260822057724,0.3849909007549286,0.92895547747612,3e-05,0.1,0.0008510392,,
129024,63,108,-7.182710029999999,561.61,1192,0.01083984375,620,-4.472276031970978,-0.004869971633888781,0.9522208273410797,0.0030664168298244476,0.2673296719789505,3e-05,0.1,0.0012067549,,
130000,,,,,,0.0,630,-4.469304478168487,-0.0025198167510097846,0.7981860488653183,0.2875865697860718,0.7057667948305607,3e-05,0.1,0.00044081287,-17.979762172698976,530.0
131072,64,108,-6.68955064,570.69,1202,,,,,,,,,,,,
133120,65,110,-6.603562419999999,578.54,1208,0.03515625,640,-4.490264493227005,-0.005917437537573278,0.9015636667609215,0.03201642632484436,0.18046215400099755,3e-05,0.1,0.0018204037,,
135168,66,111,-7.80882881,589.78,1213,0.008056640625,650,-4.46384442448616,-0.004275648196926341,0.9351433515548706,0.0869855135679245,0.3277263230644166,3e-05,0.1,0.0010620542,,
137216,67,112,-8.50733252,591.37,1218,0.0,660,-4.456811779737473,-0.0006579965542186983,0.3699604868888855,9.695576667785645,37.56899170279503,3e-05,0.1,7.745685e-05,,
139264,68,113,-8.643753840000002,594.37,1223,0.002783203125,670,-4.462295067310333,-0.0033905329008121045,0.8907141461968422,0.2828197181224823,3.0858290769159793,3e-05,0.1,0.00069810124,,
140000,,,,,,0.00029296875,680,-4.460892271995545,-0.0021561245375778526,0.9098963961005211,0.5237450003623962,2.389010928571224,3e-05,0.1,0.00035206683,-8.634502804279327,645.2
141312,69,114,-8.469384090000002,605.04,1235,,,,,,,,,,,,
143360,70,115,-8.45651523,609.43,1240,0.009765625,690,-4.4562768638134,-0.003943996163434349,0.80047807097435,0.06374102830886841,0.5186902012676,3e-05,0.1,0.00094392255,,
145408,71,116,-8.945599629999998,613.1,1246,0.003076171875,700,-4.45087975859642,-0.003310040367068723,0.9466408044099808,0.08172101527452469,0.28050586497411134,3e-05,0.1,0.00083540264,,
147456,72,117,-9.33475924,617.8,1251,0.0,710,-4.452710336446762,-0.000898392905946821,0.16846609115600586,16.504188537597656,34.09193197488785,3e-05,0.1,6.5370405e-05,,
149504,73,118,-9.86940574,620.84,1256,9.765625e-05,720,-4.459088116884232,-0.003520352963823825,0.936585322022438,0.25012898445129395,2.4808561064302923,3e-05,0.1,0.000541899,,
150000,,,,,,0.0,730,-4.4445436775684355,-0.0014719700207933783,0.9157098531723022,0.21845048666000366,0.8443916827440262,3e-05,0.1,0.0001365454,-1.3987950563430787,587.6
151552,74,119,-9.748268809999999,617.56,1267,,,,,,,,,,,,
153600,75,120,-10.288181179999999,619.45,1273,0.001025390625,740,-4.467635697126388,-0.0033967707451665772,0.9034402519464493,0.4800753891468048,1.1146711098030209,3e-05,0.1,0.00055067474,,
155648,76,121,-11.007082239999999,625.63,1278,0.00224609375,750,-4.4399598121643065,-0.002715290030755568,0.9035156965255737,0.45827317237854004,1.0037799179553986,3e-05,0.1,0.0005233862,,
157696,77,122,-10.851044429999996,631.24,1283,0.0,760,-4.453994989395142,-0.0004068938986165449,0.3843628168106079,38.423301696777344,35.3302677065134,3e-05,0.1,3.9289764e-05,,
159744,78,123,-10.811615350000002,630.1,1288,0.00380859375,770,-4.452236199378968,-0.003951779549242929,0.934256337583065,0.03304152935743332,0.35764479245990516,3e-05,0.1,0.0007760222,,
160000,,,,,,0.002880859375,780,-4.4639470994472505,-0.002862710476620123,0.854896605014801,0.5056253671646118,1.380694653838873,3e-05,0.1,0.0004939948,-15.123210239410401,730.4
161792,79,124,-10.904869180000002,632.62,1301,,,,,,,,,,,,
163840,80,125,-10.84689588,627.34,1306,0.0138671875,790,-4.476664912700653,-0.0051848141243681315,0.5386715531349182,0.12457413971424103,0.4098934196867049,3e-05,0.1,0.001272459,,
165888,81,126,-11.68191984,630.45,1312,0.0,800,-4.457523918151855,-0.002461513874004595,0.8924294263124466,0.16850769519805908,0.8099663443863392,3e-05,0.1,0.0002871115,,
167936,82,127,-11.816209149999997,641.89,1317,0.0,810,-4.439618867635727,-0.00044700539438053967,0.3091204762458801,4.914103031158447,31.79948693215847,3e-05,0.1,2.3907545e-05,,
169984,83,128,-12.190427360000001,649.03,1322,0.005810546875,820,-4.454335707426071,-0.003544846641307231,0.9370939284563065,0.3992170989513397,0.7833664266392588,3e-05,0.1,0.0006816278,,
170000,,,,,,0.001708984375,830,-4.432835042476654,-0.0031690576870460063,0.9507091902196407,0.17797161638736725,0.5108172569423914,3e-05,0.1,0.00076442084,-30.493457221984862,733.2
172032,84,128,-12.84201118,658.91,1335,,,,,,,,,,,,
174080,85,129,-13.034466180000003,662.22,1340,0.0,840,-4.452672958374023,-0.00204943841235945,0.8919825255870819,0.8384220004081726,2.6240458335727452,3e-05,0.1,0.00015821538,,
176128,86,130,-12.626421650000003,664.28,1345,0.019970703125,850,-4.441618174314499,-0.006936021859291941,0.8281785398721695,0.02692466974258423,0.2510870749130845,3e-05,0.1,0.0016981405,,
178176,87,131,-13.004205070000005,670.37,1350,0.0,860,-4.439976078271866,-0.0027571768150664866,0.9106300547719002,0.18741530179977417,1.2733022522181272,3e-05,0.1,0.00053449016,,
180000,,,,,,0.001123046875,870,-4.437523329257965,-0.0021326901958673263,0.932212121784687,0.33663058280944824,0.9039293769747019,3e-05,0.1,0.0004154849,-8.11844185590744,718.6
180224,88,132,-12.972303530000003,672.3,1363,,,,,,,,,,,,
182272,89,133,-12.316990270000002,678.12,1368,0.007275390625,880,-4.440208697319031,-0.0036220874259015544,0.9456738494336605,0.13942725956439972,1.082545393332839,3e-05,0.1,0.0007818515,,
184320,90,134,-14.343245370000002,685.26,1373,0.087109375,890,-4.429336875677109,-0.007638047193177044,0.7134677767753601,-0.015698060393333435,0.058765582367777826,3e-05,0.1,0.0027769278,,
186368,91,135,-13.583265480000001,683.4,1379,0.0,900,-4.444445168972015,-0.00020288733358029277,0.07932436466217041,20.24124526977539,70.30681775808334,3e-05,0.1,3.261189e-05,,
188416,92,136,-14.13051855,674.95,1384,0.0029296875,910,-4.446157169342041,-0.003388317080680281,0.8187619000673294,0.022783786058425903,0.6114113232120871,3e-05,0.1,0.0007190913,,
190000,,,,,,0.0,920,-4.438676708936692,-0.0016512870497535914,0.9026358723640442,2.438157796859741,2.9461424708366395,3e-05,0.1,0.00016670086,-6.549303579330444,506.0
190464,93,136,-14.597832890000001,682.14,1394,,,,,,,,,,,,
192512,94,137,-14.546135319999998,686.98,1399,0.0,930,-4.445784485340118,-0.0019234309525927528,0.7154721915721893,0.3171722888946533,1.2429724954068662,3e-05,0.1,0.0002628078,,
194560,95,138,-14.339688390000001,694.33,1404,0.000927734375,940,-4.448397076129913,-0.0029678928287466986,0.9405026026070118,0.3107602894306183,0.7524057542905211,3e-05,0.1,0.00038751905,,
196608,96,139,-15.9552864,697.45,1409,0.00576171875,950,-4.437435072660446,-0.00391091754718218,0.9218693301081657,0.015836164355278015,0.24642393570393323,3e-05,0.1,0.0009368345,,
198656,97,140,-15.455618450000001,694.63,1414,0.0,960,-4.441304993629456,-9.144539362750947e-05,0.05907595157623291,32.226558685302734,69.24856028556823,3e-05,0.1,1.8881954e-05,,
200000,,,,,,0.01015625,970,-4.453798741102219,-0.005585223069647327,0.5827116072177887,0.409900963306427,0.6863696318119764,3e-05,0.1,0.0012220547,-24.776131057739256,616.0
200704,98,140,-15.151102980000001,690.13,1426,,,,,,,,,,,,
202752,99,141,-15.137755360000002,690.2,1431,0.00546875,980,-4.439607679843903,-0.003429895776207559,0.8638243228197098,0.11635783314704895,0.5855220410972833,3e-05,0.1,0.0006768585,,
204800,100,142,-14.88095179,690.05,1436,0.0,990,-4.446208435297012,-0.00028852150571765376,0.28191936016082764,23.048934936523438,34.61061338484287,3e-05,0.1,2.3654895e-05,,
206848,101,143,-15.05965359,690.25,1441,0.001123046875,1000,-4.452230954170227,-0.0031303352647228167,0.8585470169782639,0.059611160308122635,0.2964143608696759,3e-05,0.1,0.0006457648,,
208896,102,144,-14.927997010000004,676.67,1446,0.0,1010,-4.439931094646454,-0.0009485307091381401,0.5893673598766327,42.88057327270508,39.07252686023712,3e-05,0.1,9.624424e-05,,
210000,,,,,,0.002490234375,1020,-4.452108240127563,-0.0036709790118038656,0.9073744267225266,0.1497279852628708,1.083753289654851,3e-05,0.1,0.00082037045,-53.032943153381346,782.4
210944,103,144,-14.684449859999999,684.2,1460,,,,,,,,,,,,
212992,104,145,-13.752703199999996,677.79,1465,0.00048828125,1030,-4.46363731622696,-0.002391022349183913,0.7534705996513367,0.24746082723140717,0.5214453243650496,3e-05,0.1,0.00054500333,,
215040,105,146,-13.565019260000001,677.48,1471,0.0,1040,-4.455768859386444,-0.0019954251154558735,0.7100018858909607,0.5030456185340881,1.7417517405003309,3e-05,0.1,0.00021529585,,
217088,106,147,-13.670573339999999,676.29,1476,0.01484375,1050,-4.469765549898147,-0.004900495952460915,0.7074543535709381,-0.017426028847694397,0.17621031552553176,3e-05,0.1,0.001436813,,
219136,107,147,-13.191145739999998,679.94,1481,0.0,1060,-4.450845140218735,-0.0019393769762245938,0.8868718519806862,0.1715066134929657,0.8290928188711405,3e-05,0.1,0.0002290181,,
220000,,,,,,0.002392578125,1070,-4.464315712451935,-0.003651544501190074,0.8234434425830841,0.3726758062839508,1.2540761280804873,3e-05,0.1,0.00066927116,-21.393966674804688,629.8
221184,108,148,-12.692402460000004,680.92,1493,,,,,,,,,,,,
223232,109,148,-11.921774079999999,678.68,1498,0.0234375,1080,-4.46376411318779,-0.004865070525556803,0.7063781321048737,0.3760157525539398,1.0255991401150824,3e-05,0.1,0.0014200376,,
225280,110,149,-11.488686080000003,675.32,1503,0.0,1090,-4.449993926286697,-0.002237967326072976,0.9475920759141445,0.18549977242946625,1.1438771981745959,3e-05,0.1,0.00029777578,,
227328,111,150,-13.004513280000001,681.61,1509,0.005322265625,1100,-4.457746094465255,-0.003668026759987697,0.4585641026496887,0.018637657165527344,0.7052713957615196,3e-05,0.1,0.00091523153,,
229376,112,149,-15.17950126,688.99,1531,0.0,1110,-4.444527554512024,-0.0006546894961502403,0.5315566956996918,20.853919982910156,33.965478390455246,3e-05,0.1,3.2481126e-05,,
230000,,,,,,0.0,1120,-4.443862009048462,-0.00046781981072854253,0.4404258728027344,21.098163604736328,72.65573469400405,3e-05,0.1,1.5360129e-05,-5.791006755828858,722.0
231424,113,147,-14.99176486,693.16,1564,,,,,,,,,,,,
233472,114,147,-16.39652782,701.82,1579,0.01103515625,1130,-4.465001058578491,-0.004894683812744915,0.8999919220805168,0.09069718420505524,0.4594195930287242,3e-05,0.1,0.0009362503,,
235520,115,147,-15.210608059999997,695.23,1598,0.0,1140,-4.431742000579834,-0.0008647185095469467,0.5674031674861908,13.046329498291016,40.95248697698116,3e-05,0.1,6.540393e-05,,
237568,116,146,-16.441110560000002,693.97,1620,0.00146484375,1150,-4.440095865726471,-0.0025273944222135468,0.9402492195367813,0.10359694808721542,0.85820981413126,3e-05,0.1,0.0005333866,,
239616,117,146,-16.53934859,682.87,1639,0.0,1160,-4.441649949550628,-0.0013588616013294086,0.6483043134212494,17.829416275024414,39.164434814453124,3e-05,0.1,0.00015768709,,
240000,,,,,,0.00244140625,1170,-4.450554752349854,-0.0038315757643431424,0.8370886743068695,0.37048882246017456,1.7333458334207534,3e-05,0.1,0.00053464144,-20.27750446796417,670.4
241664,118,145,-16.341368789999997,682.35,1665,,,,,,,,,,,,
243712,119,144,-16.42089799,677.09,1684,0.001806640625,1180,-4.446394276618958,-0.0031875403605226894,0.9212815016508102,0.2137143909931183,1.0911817960441113,3e-05,0.1,0.0004942934,,
245760,120,144,-16.2776606,674.35,1703,0.018798828125,1190,-4.452759051322937,-0.006283637133310549,0.9581042565405369,0.10271383076906204,0.4213697141967714,3e-05,0.1,0.0016674504,,
247808,121,143,-16.34262033,666.6,1724,0.0,1200,-4.444050222635269,-0.0012725079199299217,0.9049429073929787,0.26105305552482605,1.5899194933474063,3e-05,0.1,0.00016301437,,
249856,122,143,-14.242005869999998,656.52,1739,0.0,1210,-4.466504043340683,-0.002452031749999151,0.972892489284277,0.05461794137954712,0.3525399395264685,3e-05,0.1,0.00033997098,,
250000,,,,,,0.00341796875,1220,-4.4626473724842075,-0.0031904994713841004,0.8666787594556808,0.30192890763282776,0.7274489786475897,3e-05,0.1,0.0007541169,-31.820341300964355,630.6
251904,123,142,-14.31409949,655.18,1764,,,,,,,,,,,,
253952,124,143,-14.10052049,658.93,1768,0.0138671875,1230,-4.478925955295563,-0.006347480867407285,0.9208808168768883,0.6700760722160339,0.6627792665734887,3e-05,0.1,0.0011682526,,
256000,125,144,-14.86673309,665.91,1774,0.00078125,1240,-4.454060423374176,-0.0028231054748175666,0.8109263330698013,2.894205331802368,4.34391117990017,3e-05,0.1,0.00049906026,,
258048,126,145,-15.05709562,660.06,1779,0.00029296875,1250,-4.4660185933113095,-0.0017426090547814966,0.11051380634307861,20.495328903198242,39.06744971871376,3e-05,0.1,0.0003301473,,
260000,,,,,,0.0,1260,-4.459743189811706,-0.001961877253779676,0.9183685407042503,0.3632899224758148,1.7305209908634425,3e-05,0.1,0.00025407138,-24.86009473800659,688.0
260096,127,145,-16.245326809999998,656.43,1791,,,,,,,,,,,,
262144,128,145,-14.21702203,654.59,1796,0.0,1270,-4.459876096248626,-0.0003737156017450616,0.5116016566753387,16.627017974853516,38.210960111022,3e-05,0.1,2.059844e-05,,
264192,129,146,-15.310732,663.35,1801,0.001318359375,1280,-4.454088789224625,-0.002283976666512899,0.8904936835169792,0.516032338142395,1.088100953772664,3e-05,0.1,0.00044997115,,
266240,130,147,-16.669656340000003,667.09,1807,0.0,1290,-4.454359394311905,-0.0008060941690928303,0.33231592178344727,19.160362243652344,33.249065363407134,3e-05,0.1,4.5441295e-05,,
268288,131,148,-15.929672970000004,658.3,1812,0.0,1300,-4.453010129928589,-0.0006770894571673125,0.4247317910194397,3.3485074043273926,35.74309128150344,3e-05,0.1,5.0563598e-05,,
270000,,,,,,0.0052734375,1310,-4.463778430223465,-0.004733557859435677,0.9588842391967773,0.08130791783332825,0.3721732795238495,3e-05,0.1,0.00087993883,-30.681600952148436,753.2
270336,132,148,-15.98761687,666.87,1825,,,,,,,,,,,,
272384,133,148,-15.90506394,673.1,1830,0.0,1320,-4.454631108045578,-0.0017461503259255551,0.9308311492204666,0.19789311289787292,0.8382285103201866,3e-05,0.1,0.00018410425,,
274432,134,149,-14.87976167,670.5,1835,0.00771484375,1330,-4.457638597488403,-0.00400507134036161,0.8747881948947906,0.08298076689243317,0.49443914256989957,3e-05,0.1,0.00078204076,,
276480,135,150,-15.697831650000001,675.36,1840,0.01357421875,1340,-4.450339388847351,-0.0047631867229938505,0.9380511119961739,0.04098857566714287,0.42498358711600304,3e-05,0.1,0.0012528184,,
278528,136,150,-15.835431430000002,669.77,1846,0.00595703125,1350,-4.439206290245056,-0.003374831986729987,0.8998128175735474,2.527076482772827,5.052398959547281,3e-05,0.1,0.0008135248,,
280000,,,,,,0.00439453125,1360,-4.421422255039215,-0.0037502347229747103,0.9569987580180168,0.0200134739279747,0.2762133815325797,3e-05,0.1,0.0008172922,-12.664099597930909,716.6
280576,137,150,-16.11646741,676.15,1858,,,,,,,,,,,,
282624,138,151,-17.241044459999998,677.81,1864,9.765625e-05,1370,-4.4605771660804745,-0.002095270570134744,0.5451307594776154,18.356592178344727,36.06979594528675,3e-05,0.1,0.0002987227,,
284672,139,152,-18.045107799999997,682.15,1869,0.002685546875,1380,-4.431838691234589,-0.002308184647699818,-0.008234620094299316,36.167110443115234,36.27172866165638,3e-05,0.1,0.00046828494,,
286720,140,152,-19.745359309999998,689.65,1874,0.0,1390,-4.409698003530503,-0.0007644942234037444,0.7015123069286346,18.51373863220215,39.179206155240536,3e-05,0.1,5.5663026e-05,,
288768,141,153,-20.710990149999997,692.62,1879,0.0,1400,-4.4042515873909,-0.00037328804028220476,0.3432655334472656,14.630877494812012,73.64441367387772,3e-05,0.1,1.4734367e-05,,
290000,,,,,,0.0,1410,-4.438477718830109,-0.0005356332701921928,0.42980772256851196,13.924382209777832,31.957589015364647,3e-05,0.1,1.7443235e-05,-29.447226905822752,657.8
290816,142,153,-21.30982861,695.53,1891,,,,,,,,,,,,
292864,143,154,-21.501952480000003,698.3,1897,9.765625e-05,1420,-4.439685708284378,-0.003813557527610101,0.8996565341949463,0.8805660605430603,1.8450801581144334,3e-05,0.1,0.00047001897,,
294912,144,155,-22.991434059999996,705.99,1902,0.0,1430,-4.403668123483658,-0.0021867435541935267,0.9255163669586182,0.5472328662872314,2.2103199921548367,3e-05,0.1,0.00034129457,,
296960,145,155,-22.16399052,704.38,1907,0.003076171875,1440,-4.397880268096924,-0.0022616792644839733,0.7104006409645081,2.2090113162994385,40.19758282899856,3e-05,0.1,0.0004978962,,
299008,146,156,-20.06686577,696.64,1912,0.0458984375,1450,-4.424230694770813,-0.006749463311280124,0.9373856037855148,0.025994494557380676,0.2728300908580422,3e-05,0.1,0.0020387506,,
300000,,,,,,0.00458984375,1460,-4.412608104944229,-0.003162595241155941,0.8684374392032623,0.7206027507781982,2.70655018389225,3e-05,0.1,0.00072820124,-20.10344409942627,805.8
301056,147,156,-22.124566389999995,705.1,1926,,,,,,,,,,,,
303104,148,156,-22.883473120000005,705.53,1931,0.0,1470,-4.414323186874389,-0.0005237641591520515,0.08396124839782715,34.85569763183594,73.15145509243011,3e-05,0.1,3.199035e-05,,
305152,149,157,-23.777617260000003,709.91,1936,0.0,1480,-4.412416058778763,-0.0006989204528508707,0.5146203637123108,21.949186325073242,39.41635285615921,3e-05,0.1,3.0818075e-05,,
307200,150,158,-24.174299089999998,710.2,1941,0.0,1490,-4.399756634235382,-0.0005480316060129554,0.4922511577606201,34.55989456176758,78.82923834323883,3e-05,0.1,2.204979e-05,,
309248,151,158,-23.65363056,711.73,1946,0.001123046875,1500,-4.409587872028351,-0.0026265683787642046,0.5134781002998352,11.67785930633545,39.617131498456004,3e-05,0.1,0.0005720893,,
310000,,,,,,0.002001953125,1510,-4.428428608179092,-0.0036080999358091503,0.864225834608078,0.20713098347187042,0.9147752046585083,3e-05,0.1,0.00076788757,-40.08779153823853,805.6
311296,152,158,-23.47678193,718.12,1960,,,,,,,,,,,,
313344,153,159,-23.354665450000002,716.7,1965,0.015380859375,1520,-4.449104696512222,-0.005280038726050406,0.9023657143115997,0.04873918741941452,0.31756505435332655,3e-05,0.1,0.001428835,,
315392,154,160,-23.49301578,721.68,1970,0.018994140625,1530,-4.427112001180649,-0.005031269497703761,0.932801753282547,0.13577337563037872,0.6889309676364064,3e-05,0.1,0.0015191799,,
317440,155,160,-23.160529700000005,719.42,1975,0.00751953125,1540,-4.423394733667374,-0.003612626440008171,0.9243583604693413,0.21953493356704712,0.6473330533131957,3e-05,0.1,0.001259057,,
319488,156,161,-24.053607839999994,721.71,1980,0.000146484375,1550,-4.4399753451347355,-0.002689460903638974,0.9346833899617195,0.46027615666389465,1.023680032044649,3e-05,0.1,0.00036500726,,
320000,,,,,,0.0,1560,-4.423699396848678,-0.0015343263425165788,0.25343990325927734,17.76017189025879,41.05092177689075,3e-05,0.1,0.00016888842,-40.529164505004886,730.0
321536,157,161,-25.04838331,727.28,1993,,,,,,,,,,,,
323584,158,161,-25.451313039999995,736.93,1998,0.0,1570,-4.424757438898086,-0.0004977373508154414,0.45888710021972656,12.276263236999512,33.437208625674245,3e-05,0.1,1.4449848e-05,,
325632,159,162,-27.16336991,744.21,2003,0.0,1580,-4.41537514925003,-0.0017049646732630209,0.956907119601965,0.42605260014533997,1.1797459185123444,3e-05,0.1,0.00026276457,,
327680,160,163,-26.86821107,742.59,2009,0.0,1590,-4.4073954641819,-0.0013753939536400139,0.5965854227542877,29.94164276123047,76.21357752084732,3e-05,0.1,0.00012255553,,
329728,161,163,-25.945956929999998,741.72,2014,0.025,1600,-4.429685813188553,-0.004980519847595133,0.882323868572712,0.09471610188484192,0.6622847693040967,3e-05,0.1,0.0019104254,,
330000,,,,,,0.005615234375,1610,-4.425431364774704,-0.0047375393216498194,0.9176538437604904,0.09162259101867676,0.704061221703887,3e-05,0.1,0.0011100218,-51.51361894607544,829.2
331776,162,163,-27.16163682,753.88,2027,,,,,,,,,,,,
333824,163,164,-27.228371620000004,758.1,2033,0.0,1620,-4.412318134307862,-0.0009122916089836508,0.36724185943603516,17.99853515625,34.54400595724583,3e-05,0.1,7.703595e-05,,
335872,164,164,-27.973597750000003,763.84,2038,0.0,1630,-4.4053132891654965,-0.0015663515456253662,0.9237872809171677,0.26565268635749817,2.848118157312274,3e-05,0.1,0.00021418641,,
337920,165,165,-28.81212147,760.65,2043,0.0,1640,-4.396280181407929,-0.00036152253160253166,0.2972976565361023,19.922035217285156,67.55056040287018,3e-05,0.1,2.4024834e-05,,
339968,166,165,-27.85889036,758.01,2048,0.0,1650,-4.417662340402603,-0.0009574096693540923,0.5812407732009888,46.43488693237305,40.17691042423248,3e-05,0.1,3.6582554e-05,,
340000,,,,,,0.005712890625,1660,-4.427229058742523,-0.004049039573874325,0.7981017380952835,0.05417633801698685,0.3410883581265807,3e-05,0.1,0.0008113472,-9.0803956925869,600.4
342016,167,165,-27.309706310000003,763.85,2062,,,,,,,,,,,,
344064,168,165,-26.468710169999998,765.44,2077,0.0,1670,-4.42112780213356,-0.0028956742433365436,0.9418005608022213,0.09232498705387115,0.4748898703604937,3e-05,0.1,0.0004865071,,
346112,169,164,-28.427875479999997,771.35,2097,0.00029296875,1680,-4.427416568994522,-0.002600062036071904,0.8113663494586945,0.9498687982559204,2.105498889833689,3e-05,0.1,0.00037986258,,
348160,170,164,-28.83579627,773.05,2117,0.0,1690,-4.386312031745911,-0.0007304743514396251,0.5821222364902496,59.11227798461914,76.81918434500695,3e-05,0.1,6.0274877e-05,,
350000,,,,,,0.0,1700,-4.405101120471954,-0.0017958516429644078,0.9502310417592525,0.14576050639152527,1.0236252076923846,3e-05,0.1,0.00020496588,-4.888300895690918,646.4
350208,171,162,-29.78024071,773.19,2149,,,,,,,,,,,,
352256,172,162,-29.270618510000006,783.72,2169,0.0,1710,-4.411101031303406,-0.0002930679009296,0.2538807988166809,30.11224365234375,35.23681151866913,3e-05,0.1,2.0233012e-05,,
354304,173,162,-30.32333927,782.76,2187,0.0138671875,1720,-4.45198363661766,-0.004993856175860856,0.8468275964260101,0.08333424478769302,0.6529657138511539,3e-05,0.1,0.001118622,,
356352,174,161,-30.513103930000003,785.1,2206,0.0,1730,-4.415781170129776,-0.0004496704350458458,0.08025771379470825,8.83124828338623,37.865641391277315,3e-05,0.1,5.387288e-05,,
358400,175,161,-29.80183079,780.56,2225,0.0,1740,-4.440153712034226,-0.0008677904814248904,0.4293630123138428,9.425405502319336,15.40931190997362,3e-05,0.1,4.959249e-05,,
360000,,,,,,0.00068359375,1750,-4.4323713958263395,-0.0027516727772308514,0.9486537538468838,0.04124680161476135,0.862199479341507,3e-05,0.1,0.00065523945,-64.77553672790528,945.8
360448,176,159,-30.93243426,785.03,2261,,,,,,,,,,,,
362496,177,158,-30.166097800000003,783.11,2282,0.0,1760,-4.444436848163605,-0.00036724424426211045,0.326724648475647,20.33617401123047,57.51638275384903,3e-05,0.1,2.1105603e-05,,
364544,178,158,-28.471685360000002,776.22,2301,0.0,1770,-4.436629164218902,-0.0015937654534354806,0.8811721578240395,0.4458564519882202,2.054738103598356,3e-05,0.1,0.0001325756,,
366592,179,158,-28.276538840000004,776.05,2318,0.0,1780,-4.428054821491242,-0.0003555754039552994,0.5472769141197205,56.149322509765625,34.48745730221272,3e-05,0.1,1.8608465e-05,,
368640,180,157,-28.914937919999996,776.53,2338,0.0,1790,-4.4322569370269775,-0.0010819777497090399,0.9347573891282082,0.40494972467422485,2.060425840318203,3e-05,0.1,0.00013553572,,
370000,,,,,,0.000537109375,1800,-4.449912917613983,-0.0024397602886892856,0.9310756325721741,0.9905515313148499,3.3835413590073586,3e-05,0.1,0.00046678266,-41.05280294418335,755.4
370688,181,156,-28.446582969999998,771.53,2372,,,,,,,,,,,,
372736,182,155,-27.967291600000003,776.09,2391,0.005224609375,1810,-4.431226444244385,-0.0031702726570074446,0.8403028398752213,0.21831557154655457,0.8027621529996395,3e-05,0.1,0.00074893364,,
374784,183,155,-28.86282239,781.01,2406,0.0,1820,-4.4326047658920285,-0.0007175117301812861,0.550898015499115,6.940176963806152,36.45971282124519,3e-05,0.1,2.9518444e-05,,
376832,184,155,-28.69447752,782.23,2425,0.0,1830,-4.421612387895584,-0.0004731847089715302,0.05969738960266113,25.483179092407227,33.34842875301838,3e-05,0.1,1.9969215e-05,,
378880,185,154,-28.765960970000005,784.15,2447,0.0,1840,-4.417776668071747,-0.0020521369646303357,0.8767532780766487,0.21336719393730164,1.096767646819353,3e-05,0.1,0.0002565349,,
380000,,,,,,0.0,1850,-4.440765625238418,-0.0006894320627907291,0.40248286724090576,32.813697814941406,41.69562182128429,3e-05,0.1,6.6714274e-05,-60.06936655044556,871.8
380928,186,153,-28.87225833,792.39,2481,,,,,,,,,,,,
382976,187,153,-27.229321520000003,788.81,2494,0.0,1860,-4.423982679843903,-0.0004930737428367138,0.30535197257995605,5.868677139282227,33.767297050356866,3e-05,0.1,1.3547833e-05,,
385024,188,153,-25.833065339999997,782.57,2514,0.0,1870,-4.426752519607544,-0.0016013794418540783,0.9199247658252716,1.3242816925048828,2.5247646272182465,3e-05,0.1,9.507983e-05,,
387072,189,152,-26.82217555,781.72,2531,0.0,1880,-4.420910000801086,-0.0005984752817312256,0.38979262113571167,9.018957138061523,34.64019297063351,3e-05,0.1,1.9894214e-05,,
389120,190,152,-26.758439350000003,787.43,2551,0.0,1890,-4.425868171453476,-0.0007844143619877286,0.5884885191917419,10.671366691589355,35.475376427173615,3e-05,0.1,2.3945526e-05,,
390000,,,,,,0.0005859375,1900,-4.42354861497879,-0.0020722321321954952,0.8693853467702866,0.42187100648880005,2.018190470337868,3e-05,0.1,0.0002538801,-46.506016278266905,823.6
391168,191,151,-28.204272220000004,788.48,2585,,,,,,,,,,,,
393216,192,151,-29.976980730000005,794.92,2601,0.0,1910,-4.433942490816117,-0.001670322312565986,0.5980288982391357,29.31406593322754,30.734069350361825,3e-05,0.1,0.00014434362,,
395264,193,151,-29.83953848,788.6,2615,0.0,1920,-4.417183947563172,-0.0007473266683518887,0.30984312295913696,30.72258949279785,64.94285106658936,3e-05,0.1,5.1461626e-05,,
397312,194,150,-30.275156390000003,793.29,2634,0.0,1930,-4.445428627729416,-0.0016025561228161678,0.8272436112165451,0.7950007915496826,2.3976008869707583,3e-05,0.1,0.0001486624,,
399360,195,150,-29.710564790000003,793.71,2652,0.004345703125,1940,-4.422010141611099,-0.004092234463314526,0.9191883280873299,0.159322127699852,0.4348114913329482,3e-05,0.1,0.0008600999,,
400000,,,,,,0.001806640625,1950,-4.440225040912628,-0.003874192529474385,0.8793812841176987,0.14414915442466736,0.6073702597990632,3e-05,0.1,0.0006198914,-16.52021989822388,722.0
401408,196,149,-28.71224632,790.58,2681,,,,,,,,,,,,
403456,197,149,-29.24527767,787.11,2699,0.0076171875,1960,-4.438866263628006,-0.003717231212067418,0.6410990655422211,0.8548128008842468,0.9052907705307007,3e-05,0.1,0.0008670257,,
405504,198,149,-28.98798052,780.09,2715,0.0,1970,-4.425558930635452,-0.00019441908807493746,0.099101722240448,12.599148750305176,63.90537105798721,3e-05,0.1,2.9187999e-05,,
407552,199,148,-28.953092250000005,781.45,2736,0.0,1980,-4.407230693101883,-0.0015248024719767272,0.9085136950016022,2.6301660537719727,5.158792143315077,3e-05,0.1,0.00015988795,,
409600,200,148,-27.917456160000008,773.54,2751,0.003955078125,1990,-4.4264245390892025,-0.0032230273907771336,0.8959007635712624,0.7403198480606079,1.1317252825945616,3e-05,0.1,0.00086596666,,
410000,,,,,,0.01328125,2000,-4.439131200313568,-0.0057390288246097045,0.8772575631737709,0.08806828409433365,0.38391960989683865,3e-05,0.1,0.0010544183,-54.39384880065918,755.0
411648,201,147,-27.312164560000006,772.0,2781,,,,,,,,,,,,
413696,202,147,-26.54250696,772.35,2798,9.765625e-05,2010,-4.415610444545746,-0.0015729136735899373,0.9103749245405197,0.7425631284713745,1.3220223139971494,3e-05,0.1,0.00028289773,,
415744,203,147,-25.99206187,777.81,2817,0.0,2020,-4.430480450391769,-0.0012226331833517178,0.43931251764297485,0.5029686689376831,13.826638847589493,3e-05,0.1,0.00011538449,,
417792,204,147,-27.06524992,775.08,2836,0.00029296875,2030,-4.423787832260132,-0.002531791344517842,0.9313321709632874,0.09564033895730972,1.3317577302455903,3e-05,0.1,0.00044643626,,
419840,205,146,-26.73430789,768.93,2858,0.0,2040,-4.43262802362442,-0.0006992855633143336,0.11045485734939575,9.419434547424316,29.479334814846517,3e-05,0.1,4.481242e-05,,
420000,,,,,,0.001708984375,2050,-4.454606300592422,-0.0029083112924126906,0.8556819707155228,1.715404987335205,3.024729771912098,3e-05,0.1,0.00046885034,-12.054200482368469,619.8
421888,206,146,-26.038563999999997,768.02,2885,,,,,,,,,,,,
423936,207,146,-24.662969220000004,757.32,2901,4.8828125e-05,2060,-4.42582722902298,-0.002377706312108785,0.9206349477171898,0.13857723772525787,0.970346612483263,3e-05,0.1,0.00036428703,,
425984,208,145,-24.989128299999997,744.93,2920,0.0,2070,-4.452775436639786,-0.0017022387764882296,0.92198596149683,0.4347344636917114,1.2735592514276504,3e-05,0.1,0.0002334964,,
428032,209,145,-24.52047076,745.51,2942,0.0,2080,-4.425611531734466,-0.0013293766693095676,0.5598299503326416,19.225400924682617,39.20436589717865,3e-05,0.1,0.000117973424,,
430000,,,,,,0.002197265625,2090,-4.428434681892395,-0.002616125755594112,0.9227806925773621,0.44283854961395264,1.0097709640860557,3e-05,0.1,0.0003337314,-26.302049618959426,628.0
430080,210,144,-24.255383039999998,748.89,2973,,,,,,,,,,,,
432128,211,144,-24.845331379999998,749.59,2992,0.0,2100,-4.435349613428116,-0.00038661923026666044,0.47937601804733276,8.978744506835938,34.387816251814364,3e-05,0.1,1.7652259e-05,,
434176,212,144,-23.595270590000005,746.56,3011,0.0,2110,-4.4054777979850765,-0.001953514260821976,0.9201075509190559,0.23889249563217163,1.9726963751018047,3e-05,0.1,0.00037672545,,
436224,213,144,-23.084886069999996,747.12,3029,0.0,2120,-4.446624863147735,-0.00168637816386763,0.5828182697296143,41.376182556152344,33.321273776888845,3e-05,0.1,0.00027787537,,
438272,214,143,-21.965561989999998,743.57,3048,0.03408203125,2130,-4.4580755710601805,-0.006721021479461342,0.41035979986190796,0.13099457323551178,0.9339497083798051,3e-05,0.1,0.0019205287,,
440000,,,,,,0.001123046875,2140,-4.436077404022217,-0.0015857420163229107,0.8985135778784752,0.8102285861968994,1.9699436962604522,3e-05,0.1,0.00036998623,-26.5592360496521,795.0
440320,215,142,-22.090635,741.36,3082,,,,,,,,,,,,
442368,216,142,-21.393599170000005,738.5,3098,0.00029296875,2150,-4.438148540258408,-0.002496129967039451,0.8829054310917854,0.2717615067958832,1.3226821824908257,3e-05,0.1,0.00039056406,,
444416,217,142,-21.407483000000003,744.75,3112,0.0130859375,2160,-4.441402024030685,-0.004850446726777591,0.934189073741436,0.09278050810098648,0.5413365775719285,3e-05,0.1,0.0011148914,,
446464,218,142,-21.04119215,736.43,3131,0.0130859375,2170,-4.432518839836121,-0.003750865119218361,0.600231796503067,0.8534166812896729,1.1977346519008278,3e-05,0.1,0.0011030072,,
448512,219,142,-22.10888967,738.5,3151,0.0,2180,-4.4075011789798735,-0.00039436431106878447,0.37821507453918457,13.414850234985352,41.80140478909016,3e-05,0.1,4.3510576e-05,,
450000,,,,,,0.0,2190,-4.444513154029846,-0.0004436632007127628,0.3048771619796753,26.330177307128906,62.23360795974732,3e-05,0.1,3.052861e-05,-15.52708921432495,618.8
450560,220,141,-21.937944419999994,737.82,3179,,,,,,,,,,,,
452608,221,141,-20.929276309999995,741.9,3194,0.003759765625,2200,-4.433645009994507,-0.0036867670307401566,0.8629738837480545,0.1250838190317154,0.7318078247830272,3e-05,0.1,0.0009149197,,
454656,222,141,-19.52818112,729.51,3208,0.001171875,2210,-4.437006151676178,-0.002595879093860276,0.9053364098072052,0.6632411479949951,1.1489602901041507,3e-05,0.1,0.0005295953,,
456704,223,141,-18.661172529999998,726.65,3226,0.0,2220,-4.475430500507355,-0.0009754625498317182,0.9500656239688396,0.23204724490642548,1.7471534062176943,3e-05,0.1,9.5320516e-05,,
458752,224,141,-18.924350219999997,734.09,3244,0.00146484375,2230,-4.451124447584152,-0.0028415175853297114,0.757796585559845,36.02289581298828,44.63258111476898,3e-05,0.1,0.0003114445,,
460000,,,,,,0.000927734375,2240,-4.412862432003021,-0.002556236938107759,0.9264522939920425,0.0844632238149643,0.7889219142496586,3e-05,0.1,0.00039217123,-40.79697322845459,820.6
460800,225,140,-18.14215055,732.79,3273,,,,,,,,,,,,
462848,226,140,-17.39698835,733.13,3292,0.00126953125,2250,-4.4308801829814914,-0.0026702920789830388,0.949310913681984,0.08435797691345215,1.2038686838001014,3e-05,0.1,0.00053542387,,
464896,227,140,-16.1387901,731.66,3308,0.0,2260,-4.435837501287461,-0.0012324779134360142,0.9238809123635292,0.6911506056785583,1.3104298882186414,3e-05,0.1,0.00023545854,,
466944,228,140,-14.77915873,726.24,3327,0.046337890625,2270,-4.4391929626464846,-0.008149082804447972,0.9170438945293427,0.012598160654306412,0.2613148939795792,3e-05,0.1,0.002322128,,
468992,229,140,-14.823905350000002,726.07,3345,0.017529296875,2280,-4.460068196058273,-0.006422137806657702,0.9491113796830177,0.168239563703537,0.389595509506762,3e-05,0.1,0.0013043105,,
470000,,,,,,0.013134765625,2290,-4.468565285205841,-0.005093358195153996,0.8272278606891632,0.7672861814498901,1.1276651054620743,3e-05,0.1,0.0010507427,-23.7608549118042,598.0
471040,230,139,-14.663661110000003,726.18,3375,,,,,,,,,,,,
473088,231,139,-14.76658246,733.57,3393,0.075048828125,2300,-4.464334565401077,-0.00852077430463396,0.5401946902275085,0.06265875697135925,0.2534666509367526,3e-05,0.1,0.0027533341,,
475136,232,139,-14.744433129999999,727.1,3412,0.000146484375,2310,-4.449883157014847,-0.0013180907524656504,0.11088627576828003,26.57090950012207,38.0806917399168,3e-05,0.1,0.000281045,,
477184,233,139,-15.0240577,730.99,3426,0.0,2320,-4.429204696416855,-0.0010399751015938818,0.7339425683021545,16.40672492980957,38.93163503706455,3e-05,0.1,7.799483e-05,,
479232,234,139,-13.889470330000002,736.28,3446,0.0,2330,-4.413220435380936,-0.0008682829415192827,0.7506589889526367,28.345048904418945,41.67566040158272,3e-05,0.1,6.266491e-05,,
480000,,,,,,9.765625e-05,2340,-4.476592028141022,-0.0018378062464762478,0.7906911671161652,0.2245476096868515,1.2026417955756188,3e-05,0.1,0.00015140086,-37.85679378509521,646.0
481280,235,138,-14.07418515,737.95,3478,,,,,,,,,,,,
483328,236,138,-14.994749600000002,741.89,3494,0.004541015625,2350,-4.46897714138031,-0.004433465984766372,0.9061985909938812,0.10436227172613144,0.3486091984435916,3e-05,0.1,0.00081165123,,
485376,237,138,-14.10696815,732.8,3510,0.0,2360,-4.436496067047119,-0.00044583336712094023,0.2676517367362976,16.905054092407227,33.3461404055357,3e-05,0.1,3.0720228e-05,,
487424,238,138,-14.86800308,732.11,3524,0.034765625,2370,-4.470325517654419,-0.007400679518468678,0.5767743289470673,-0.021852169185876846,0.19424299849197268,3e-05,0.1,0.0016758826,,
489472,239,138,-13.605515839999999,721.96,3542,0.0,2380,-4.455972224473953,-0.0007899381220340729,0.16478770971298218,2.1946098804473877,38.17351161837578,3e-05,0.1,5.2446267e-05,,
490000,,,,,,0.019189453125,2390,-4.4590673565864565,-0.005202786007430404,0.808622807264328,0.11078368872404099,0.4448559034615755,3e-05,0.1,0.0012312946,-8.009764528274536,542.0
491520,240,137,-15.038003119999999,726.49,3571,,,,,,,,,,,,
493568,241,137,-16.297866889999998,725.66,3590,0.0,2400,-4.408192980289459,-0.0003301340286270715,0.3113468885421753,18.68289566040039,33.60118860900402,3e-05,0.1,3.9409846e-05,,
495616,242,137,-16.658255729999997,724.13,3611,0.0,2410,-4.439032167196274,-0.0011923680925974623,0.28072482347488403,13.672706604003906,22.832324928045274,3e-05,0.1,0.00017472921,,
497664,243,136,-16.89335882,731.14,3632,0.0,2420,-4.43616823554039,-0.0008290325757116079,0.9517908506095409,0.2799503207206726,1.3752616055309772,3e-05,0.1,4.4418353e-05,,
499712,244,136,-16.822423219999997,733.57,3648,0.0,2430,-4.409321671724319,-0.0010160571662709117,0.9176564142107964,0.323371559381485,1.6379781305789947,3e-05,0.1,0.00014624611,,
500000,,,,,,0.0,2440,-4.460395359992981,-0.0009410909609869122,0.22653603553771973,49.940895080566406,40.52298313379288,3e-05,0.1,3.781679e-05,-7.851904106140137,533.6
501760,245,136,-16.43978986,736.55,3678,,,,,,,,,,,,
503808,246,136,-16.63191441,740.41,3698,0.001318359375,2450,-4.441652542352676,-0.00211221243662294,0.8799161314964294,0.3137452006340027,0.7475874356925487,3e-05,0.1,0.00044380137,,
505856,247,136,-15.01981471,729.7,3717,0.0,2460,-4.427140951156616,-0.00041461922228336334,0.7274614572525024,10.903016090393066,43.26258963942528,3e-05,0.1,3.6685873e-05,,
507904,248,135,-16.04861855,733.05,3737,0.006005859375,2470,-4.477410221099854,-0.0038127623076434245,0.902478538453579,0.40254825353622437,0.734436284378171,3e-05,0.1,0.00074718206,,
509952,249,135,-17.60419299,736.86,3752,0.0,2480,-4.426768958568573,-0.0007404297590255738,0.7787026911973953,13.775097846984863,38.677988581359386,3e-05,0.1,5.1011477e-05,,
510000,,,,,,0.0,2490,-4.411860579252243,-0.0003697754742461257,0.544419914484024,32.43315124511719,26.996330893039705,3e-05,0.1,1.849726e-05,-44.11187896132469,725.2
512000,250,135,-18.55278562,737.75,3785,,,,,,,,,,,,
514048,251,135,-18.63089287,734.29,3803,0.0,2500,-4.419708883762359,-0.0013177856686525046,0.9269098192453384,2.4687883853912354,8.759069029986858,3e-05,0.1,0.00021419255,,
516096,252,135,-18.36746981,733.45,3822,0.002099609375,2510,-4.421645951271057,-0.003101531317224726,0.9594994001090527,0.06503382325172424,0.5500935951247812,3e-05,0.1,0.00082197564,,
518144,253,134,-19.769216729999997,734.19,3843,0.00048828125,2520,-4.405854779481888,-0.0025993291899794714,0.901212640106678,0.1044238954782486,0.8588316375389695,3e-05,0.1,0.00043087947,,
520000,,,,,,0.0,2530,-4.382880771160126,-0.0005537749646464362,0.5056318640708923,33.28374099731445,41.62561735510826,3e-05,0.1,3.0090596e-05,-18.385238695144654,717.2
520192,254,134,-17.22672993,720.63,3875,,,,,,,,,,,,
522240,255,134,-19.10468202,733.7,3894,0.0,2540,-4.407799035310745,-0.0027676095691276715,0.9406723640859127,0.14777737855911255,0.6421380398795009,3e-05,0.1,0.00042175598,,
524288,256,133,-19.80048319,727.0,3913,0.0,2550,-4.367184180021286,-0.0001824071485316381,0.3862135410308838,23.904104232788086,63.75680947303772,3e-05,0.1,2.203649e-05,,
526336,257,133,-20.908506720000002,729.74,3933,4.8828125e-05,2560,-4.39609095454216,-0.0022582362755201755,0.9043166935443878,0.19954222440719604,1.4407985933125018,3e-05,0.1,0.00025120357,,
528384,258,133,-22.093571450000002,737.93,3953,0.0,2570,-4.372558397054672,-0.00036223400675226,0.5137439072132111,4.359102249145508,37.39040442705154,3e-05,0.1,1.604989e-05,,
530000,,,,,,0.0,2580,-4.416677302122116,-0.0014280460483860225,0.7072933912277222,11.760472297668457,36.546196611970664,3e-05,0.1,9.864787e-05,-3.4537561655044557,630.4
530432,259,133,-22.623764110000007,734.09,3978,,,,,,,,,,,,
532480,260,133,-22.278716139999997,725.17,3994,0.0,2590,-4.40681843161583,-0.000633338704938069,0.261671781539917,11.389331817626953,26.621595539152622,3e-05,0.1,3.514014e-05,,
534528,261,133,-24.42830039,722.24,4015,0.00048828125,2600,-4.401873081922531,-0.0028046632476616653,0.8792853727936745,0.4684033989906311,2.265468928962946,3e-05,0.1,0.0003373736,,
536576,262,132,-25.302945449999996,724.08,4034,0.0,2610,-4.383924454450607,-0.00024649519182275983,0.629800409078598,37.6551399230957,74.85739469528198,3e-05,0.1,1.3760524e-05,,
538624,263,132,-25.02636109999999,721.21,4051,0.0,2620,-4.38585552573204,-0.001003895397298038,0.7963006496429443,11.307524681091309,45.264095252752305,3e-05,0.1,7.754957e-05,,
540000,,,,,,0.0,2630,-4.435932624340057,-0.002311286969052162,0.8879215195775032,0.5416834950447083,3.1253817923367024,3e-05,0.1,0.00020873739,-17.339443612098695,805.4
540672,264,132,-25.82490949999999,722.65,4079,,,,,,,,,,,,
542720,265,132,-26.029317179999993,716.66,4098,0.00419921875,2640,-4.423413038253784,-0.0027269463374977932,0.8710031807422638,0.4803890883922577,1.3039031516760589,3e-05,0.1,0.0004292519,,
544768,266,132,-27.2823784,721.81,4114,0.0,2650,-4.380395513772965,-0.0016459193648188375,0.8719932436943054,0.5598981976509094,1.149894791096449,3e-05,0.1,0.00029961573,,
546816,267,132,-26.894381889999995,719.97,4129,0.0,2660,-4.36867995262146,-0.0003301552555058151,0.2962999939918518,58.075531005859375,67.24577839970588,3e-05,0.1,1.435075e-05,,
548864,268,132,-25.796177120000003,718.26,4145,0.0,2670,-4.394062894582748,-0.0007860942852857989,0.9140262007713318,0.8718592524528503,4.387613150477409,3e-05,0.1,5.436316e-05,,
550000,,,,,,0.019091796875,2680,-4.398104417324066,-0.004763947546598502,0.8931849747896194,0.05053810775279999,0.5818687510676682,3e-05,0.1,0.0014213948,-24.02813414335251,691.0
550912,269,131,-26.538297070000002,719.56,4178,,,,,,,,,,,,
552960,270,131,-27.88586666,720.31,4197,0.0,2690,-4.419164139032364,-0.0016496185737196356,0.0840575098991394,5.233523845672607,34.48454228937626,3e-05,0.1,9.593947e-05,,
555008,271,131,-28.022712669999997,715.62,4216,0.0,2700,-4.403346586227417,-0.0006585663475561887,0.488877534866333,23.266725540161133,31.26937109977007,3e-05,0.1,1.993557e-05,,
557056,272,131,-28.09700857,717.21,4237,0.0,2710,-4.373506528139115,-0.00027041989524150266,0.7021689116954803,4.558107376098633,41.196330192685124,3e-05,0.1,6.496557e-06,,
559104,273,131,-28.096200300000007,717.79,4258,0.0,2720,-4.423465251922607,-0.0023396426549879834,0.8399108797311783,0.5182456970214844,2.076427299529314,3e-05,0.1,0.00028115243,,
560000,,,,,,0.0,2730,-4.407549059391021,-0.0012542872165795416,0.6783425509929657,14.500822067260742,35.57451317608356,3e-05,0.1,0.00012190244,-40.02207374572754,788.8
561152,274,130,-30.148903599999997,729.45,4287,,,,,,,,,,,,
563200,275,130,-30.081647309999997,732.39,4305,0.000146484375,2740,-4.43478924036026,-0.001028927335573826,0.5625945031642914,16.268613815307617,76.77685267925263,3e-05,0.1,0.00027834423,,
565248,276,130,-30.02849904,732.9,4327,0.0,2750,-4.388059002161026,-0.0006245850163395517,0.7199682593345642,22.114761352539062,43.92541217803955,3e-05,0.1,3.4922152e-05,,
567296,277,130,-29.901273439999997,734.68,4347,0.0,2760,-4.3869533240795135,-0.000707530026556924,0.5575335323810577,16.241174697875977,37.36093296408653,3e-05,0.1,2.5638408e-05,,
569344,278,130,-29.64183776,734.21,4368,0.001123046875,2770,-4.413674086332321,-0.002117265740525909,0.9061794802546501,0.8117411136627197,1.7997892186045648,3e-05,0.1,0.00042833982,,
570000,,,,,,0.0,2780,-4.408490711450577,-0.0020346423611044885,0.7945950925350189,0.19959713518619537,1.6130072478204966,3e-05,0.1,0.00022547663,-41.69438052177429,783.6
571392,279,129,-30.548259780000002,743.11,4402,,,,,,,,,,,,
573440,280,129,-31.376239050000002,744.06,4422,0.0,2790,-4.372453504800797,-0.000554031586216297,0.6472748219966888,62.007747650146484,40.29175725579262,3e-05,0.1,2.9393617e-05,,
575488,281,129,-31.276572100000003,738.88,4441,0.0,2800,-4.374132663011551,-0.0003961694339523092,0.2703039050102234,7.636172771453857,72.10388227701188,3e-05,0.1,1.2010714e-05,,
577536,282,129,-30.44253583,734.54,4456,0.026171875,2810,-4.408261793851852,-0.005619907172513194,0.6374986469745636,0.7370778918266296,1.1452661786228417,3e-05,0.1,0.0018263168,,
579584,283,129,-31.269475080000007,739.65,4474,0.017041015625,2820,-4.401788693666458,-0.005537082267983351,0.9133105874061584,0.10075964033603668,0.3490873996168375,3e-05,0.1,0.0014623387,,
580000,,,,,,0.0,2830,-4.366357570886612,-0.00040550064150011165,0.6533190608024597,23.15701675415039,31.6472045481205,3e-05,0.1,4.5047316e-05,-40.163005125522616,804.2
581632,284,129,-31.85052717,746.98,4508,,,,,,,,,,,,
583680,285,128,-32.92696081,747.84,4526,0.0,2840,-4.3852797746658325,-0.0015820509433979169,0.24608266353607178,47.90589904785156,42.44356941580772,3e-05,0.1,0.00013327133,,
585728,286,128,-32.76818229,746.12,4546,0.0013671875,2850,-4.357536268234253,-0.0019631461793323977,0.6785487532615662,18.37596321105957,36.079622054100035,3e-05,0.1,0.00039859858,,
587776,287,128,-33.737998759999996,751.25,4565,0.0,2860,-4.40400738120079,-0.0003036425507161766,0.2845621109008789,44.60416030883789,72.12990248203278,3e-05,0.1,1.2848817e-05,,
589824,288,128,-34.05789068000001,756.86,4582,0.0,2870,-4.373808991909027,-0.001046932347526308,0.6790764331817627,51.232513427734375,42.850543797016144,3e-05,0.1,9.721014e-05,,
590000,,,,,,0.00146484375,2880,-4.383398956060409,-0.00327389643935021,0.9537874571979046,0.32439932227134705,2.0005352795124054,3e-05,0.1,0.00075965293,-15.146660947799683,691.8
591872,289,128,-34.27442608,768.06,4609,,,,,,,,,,,,
593920,290,128,-34.05816457000001,765.71,4624,0.000927734375,2890,-4.367486596107483,-0.003283641143934801,0.725090503692627,0.432668000459671,1.863659667596221,3e-05,0.1,0.00082346075,,
595968,291,128,-34.85728738,770.67,4646,0.04423828125,2900,-4.384985154867172,-0.00785675413790159,0.958895493298769,0.021976538002490997,0.2028049036860466,3e-05,0.1,0.0023926243,,
598016,292,128,-33.532030049999996,766.41,4667,0.0,2910,-4.3477030277252195,-0.0002482011739630252,0.2384355664253235,31.276878356933594,67.84888029098511,3e-05,0.1,2.750929e-05,,
600000,,,,,,0.001611328125,2920,-4.381596595048904,-0.002677805500570685,0.8979423940181732,1.1542927026748657,2.140898625552654,3e-05,0.1,0.00068542967,-87.91262130737304,932.6
600064,293,127,-32.23375384,763.84,4705,,,,,,,,,,,,
602112,294,127,-32.19421836000001,767.13,4722,0.01640625,2930,-4.374042516946792,-0.005684050678974017,0.8285813331604004,0.03689991682767868,0.4068602679297328,3e-05,0.1,0.0013473344,,
604160,295,127,-30.84803901,760.75,4737,0.0,2940,-4.4004825294017795,-0.0012503084522904827,0.19423997402191162,26.487211227416992,38.43572574555874,3e-05,0.1,0.00014640755,,
606208,296,127,-31.526620599999998,770.78,4751,0.000634765625,2950,-4.384176230430603,-0.0026121736504137517,0.9089763164520264,0.5311213135719299,1.545275294035673,3e-05,0.1,0.00042618395,,
608256,297,127,-31.462674470000003,774.21,4769,0.0013671875,2960,-4.432881796360016,-0.003027781649143435,0.15410560369491577,6.933055877685547,38.6275995850563,3e-05,0.1,0.0004138237,,
610000,,,,,,0.0,2970,-4.36044420003891,-0.0006125717773102224,0.4850877523422241,12.340775489807129,26.849189129471778,3e-05,0.1,4.136312e-05,-38.570587921142575,783.4
610304,298,127,-32.48116186,781.17,4804,,,,,,,,,,,,
612352,299,126,-31.721046760000004,782.82,4825,0.00078125,2980,-4.3807126700878145,-0.0018451696902047842,0.533014327287674,6.118113040924072,35.27308661341667,3e-05,0.1,0.00034294903,,
614400,300,126,-32.32202715,783.38,4847,0.0,2990,-4.349177986383438,-0.0004664736014092341,0.6287562251091003,4.870214939117432,43.831570744514465,3e-05,0.1,2.1577434e-05,,
616448,301,126,-34.5949223,792.33,4866,0.0,3000,-4.3541787981987,-0.00047343731130240486,0.37407225370407104,34.4307746887207,72.82618045806885,3e-05,0.1,1.1314143e-05,,
618496,302,126,-34.53706418000001,796.15,4881,0.0,3010,-4.3448956429958345,-0.0004069573144079186,0.5770343542098999,9.768671035766602,75.6882399559021,3e-05,0.1,1.3993849e-05,,
620000,,,,,,4.8828125e-05,3020,-4.358341997861862,-0.0028593299895874223,0.8738321363925934,0.4844546914100647,1.7136276178061962,3e-05,0.1,0.00044071765,-0.726428434252739,478.8
620544,303,126,-35.282873110000004,805.28,4908,,,,,,,,,,,,
622592,304,126,-35.80844023,812.19,4926,0.0,3030,-4.394914990663528,-0.0010705989843700081,0.4443918466567993,13.958779335021973,43.80164178609848,3e-05,0.1,0.000100965815,,
624640,305,126,-37.60805302,818.14,4943,0.0,3040,-4.368656194210052,-0.0005303746263962239,0.6275864243507385,16.58746910095215,33.64549444019794,3e-05,0.1,3.173368e-05,,
626688,306,126,-35.74558005,814.18,4964,0.0,3050,-4.349818569421768,-0.0004272993115591817,0.1966845989227295,26.33323860168457,68.39536517858505,3e-05,0.1,1.25624065e-05,,
628736,307,126,-37.06312509,821.36,4984,0.0,3060,-4.333155405521393,-0.000671164107916411,0.9246484041213989,0.5761752128601074,3.108988970518112,3e-05,0.1,3.512879e-05,,
630000,,,,,,0.0,3070,-4.368230628967285,-0.0007208299241028727,0.6808811128139496,66.80010223388672,80.8923891544342,3e-05,0.1,4.8889022e-05,-0.29130859375,619.2
630784,308,125,-36.83907244,825.56,5012,,,,,,,,,,,,
632832,309,125,-37.239188160000005,826.19,5030,0.0,3080,-4.378624004125595,-0.0015578409889712929,0.7380874156951904,2.4383275508880615,4.409439152479171,3e-05,0.1,0.0001690425,,
634880,310,125,-37.52323509,828.44,5051,0.0,3090,-4.369340461492539,-0.0014445822431298438,0.567213773727417,12.397895812988281,35.94414374828339,3e-05,0.1,0.000120148325,,
636928,311,125,-37.62192487,834.74,5072,0.0,3100,-4.3478291690349575,-0.0011600064754020423,0.9400719739496708,1.2886055707931519,2.1480809077620506,3e-05,0.1,8.554192e-05,,
638976,312,125,-37.67252436,835.17,5091,0.0,3110,-4.381613570451736,-0.000999811874498846,0.10801082849502563,14.699258804321289,31.574170851707457,3e-05,0.1,5.5317098e-05,,
640000,,,,,,0.0,3120,-4.359609931707382,-0.0005253854920738377,0.6794950664043427,0.42235779762268066,39.944506174325944,3e-05,0.1,2.1630229e-05,-18.910556602478028,801.4
641024,313,125,-37.766884909999995,840.4,5124,,,,,,,,,,,,
643072,314,125,-37.933496749999996,842.68,5140,0.0,3130,-4.394913804531098,-0.0017477575252996757,0.8917027339339256,0.5273122191429138,4.03602294921875,3e-05,0.1,0.0001820517,,
645120,315,125,-36.721216049999995,832.63,5155,0.0,3140,-4.354401552677155,-0.0008374371798709034,0.6997155547142029,18.71540641784668,32.36588076651096,3e-05,0.1,7.6484896e-05,,
647168,316,125,-37.84884036,837.76,5173,0.0,3150,-4.36204708814621,-0.00039371375169139355,0.3936578631401062,3.9271116256713867,34.90541375875473,3e-05,0.1,1.403538e-05,,
649216,317,124,-37.21836634,836.75,5194,0.0,3160,-4.34188197851181,-0.0007195376267191023,0.6318487524986267,21.631729125976562,80.45438225269318,3e-05,0.1,3.056985e-05,,
650000,,,,,,0.0,3170,-4.402188360691071,-0.0020040533388964834,0.5959116220474243,10.549978256225586,31.737099558115005,3e-05,0.1,0.00018664115,-38.26729109287262,749.0
651264,318,124,-38.24240357,843.99,5228,,,,,,,,,,,,
653312,319,124,-40.08184801,849.88,5246,0.0,3180,-4.41005277633667,-0.0005257750082819257,-0.005673527717590332,4.6137614250183105,29.358634105324747,3e-05,0.1,2.5476853e-05,,
655360,320,124,-40.38098386,843.4,5265,0.0,3190,-4.360506528615952,-0.00032784043287392706,0.3524182438850403,43.64845657348633,71.68298202753067,3e-05,0.1,9.707379e-06,,
657408,321,124,-39.45102791,842.38,5272,0.0,3200,-4.383874571323394,-0.0008879957444150932,0.7208665013313293,18.28862190246582,43.011465954780576,3e-05,0.1,6.3327956e-05,,
659456,322,124,-39.898158460000005,843.49,5277,0.0,3210,-4.345879065990448,-0.000791216672223527,0.7766511738300323,22.873083114624023,50.48396918177605,3e-05,0.1,9.9181576e-05,,
660000,,,,,,0.0,3220,-4.356237190961838,-0.0009614680137019604,0.8850636631250381,0.9690791964530945,2.538873779773712,3e-05,0.1,9.399856e-05,-43.27254806160927,899.4
661504,323,124,-39.650060630000006,848.0,5292,,,,,,,,,,,,
663552,324,125,-39.755823250000006,851.36,5297,0.001708984375,3230,-4.394734901189804,-0.002397042186930776,0.8924775123596191,0.9298542141914368,2.646059888601303,3e-05,0.1,0.0006738429,,
665600,325,125,-39.29059049000001,847.58,5303,0.0,3240,-4.397333401441574,-0.0020477376063354315,0.9033116549253464,0.4638187885284424,1.9075806133449078,3e-05,0.1,0.00028624808,,
667648,326,125,-37.103151659999995,843.24,5308,0.0,3250,-4.399421310424804,-0.00103898967281566,0.6638131439685822,8.358721733093262,39.33154956698418,3e-05,0.1,6.375462e-05,,
669696,327,126,-36.336494599999995,841.7,5314,0.0,3260,-4.380861693620682,-0.001720188109902665,0.8393426537513733,1.7193892002105713,5.026245965063572,3e-05,0.1,0.00022079409,,
670000,,,,,,0.0,3270,-4.369180339574814,-0.0013376972769037821,0.6399680078029633,14.376389503479004,44.04388942122459,3e-05,0.1,0.00011040532,-68.97029514312744,931.6
671744,328,126,-35.5006382,843.55,5329,,,,,,,,,,,,
673792,329,126,-36.0456283,843.0,5335,0.008251953125,3280,-4.417569833993912,-0.004291234834818169,0.9593716487288475,0.0927937924861908,0.48682177234441043,3e-05,0.1,0.0007066999,,
675840,330,126,-37.79085318,840.94,5340,0.0,3290,-4.38678964972496,-0.0009847568755503744,0.2401367425918579,29.934003829956055,40.18606641292572,3e-05,0.1,0.00012195599,,
677888,331,126,-37.80539198,833.49,5345,0.0,3300,-4.3654212832450865,-0.0006031088181771338,0.3877720236778259,48.21266174316406,78.0476419210434,3e-05,0.1,2.7162489e-05,,
679936,332,127,-37.57361472,827.36,5351,0.0,3310,-4.374002611637115,-0.000584922886628192,0.6148392260074615,25.697479248046875,43.27756081223488,3e-05,0.1,2.7506088e-05,,
680000,,,,,,0.0,3320,-4.442267423868179,-0.002026939086499624,0.12850922346115112,12.66321849822998,28.206546425819397,3e-05,0.1,0.00017443902,-12.851027774810792,755.0
681984,333,127,-37.186226960000006,830.73,5364,,,,,,,,,,,,
684032,334,127,-37.79583383,830.04,5369,0.000927734375,3330,-4.412025952339173,-0.0024280650599393994,0.7440927922725677,1.0149335861206055,5.567831790447235,3e-05,0.1,0.00039795515,,
686080,335,127,-36.51115933999999,821.62,5374,0.0,3340,-4.415998721122742,-0.0007103542084223591,0.7087708115577698,7.984025955200195,41.8871668279171,3e-05,0.1,3.948374e-05,,
688128,336,127,-35.54013960999999,822.68,5380,0.00078125,3350,-4.438719779253006,-0.0021195967856328934,0.8491017818450928,0.4861587584018707,2.066451285034418,3e-05,0.1,0.00029166645,,
690000,,,,,,4.8828125e-05,3360,-4.398050838708878,-0.0019350082788150758,0.8229386210441589,0.8688964247703552,2.153479079902172,3e-05,0.1,0.000297245,-28.41316204071045,728.0
690176,337,127,-34.72930428,813.1,5392,,,,,,,,,,,,
692224,338,128,-34.63993306,820.65,5398,0.00517578125,3370,-4.447732049226761,-0.00425507404434029,0.7097850441932678,0.4504149556159973,1.3868416145443916,3e-05,0.1,0.0007291706,,
694272,339,128,-34.60264791,819.4,5403,0.0,3380,-4.366371834278107,-0.0013896570802899078,0.7423984110355377,28.02229881286621,44.224336475133896,3e-05,0.1,0.00012716334,,
696320,340,128,-32.53426195,813.96,5408,0.0,3390,-4.373829364776611,-0.0013638994947541504,0.6808100044727325,9.955879211425781,34.57128040194512,3e-05,0.1,0.00010003196,,
698368,341,128,-32.42373064,812.48,5414,0.03212890625,3400,-4.421466678380966,-0.005569655961880926,0.8203500360250473,0.06393972039222717,0.4047697676345706,3e-05,0.1,0.0020272932,,
700000,,,,,,0.0,3410,-4.376636028289795,-0.0005225007625995204,0.3481438159942627,21.902727127075195,59.59522774219513,3e-05,0.1,7.843063e-05,-6.468708157539368,813.8
700416,342,129,-32.15198436,807.75,5428,,,,,,,,,,,,
702464,343,129,-31.140088289999994,811.87,5433,0.03037109375,3420,-4.439145314693451,-0.006125587105634623,0.39847904443740845,0.10504801571369171,1.1238107930868864,3e-05,0.1,0.0018087722,,
704512,344,129,-29.199492449999997,806.3,5439,0.030712890625,3430,-4.409934931993485,-0.006235991229186766,0.7717306613922119,0.0764353796839714,0.4021804263815284,3e-05,0.1,0.0019145212,,
706560,345,129,-29.07788301,802.43,5444,0.00478515625,3440,-4.399447190761566,-0.0042103466083062814,0.46844667196273804,0.9373094439506531,2.411555753275752,3e-05,0.1,0.0007631212,,
708608,346,130,-27.38565482,797.98,5450,0.0,3450,-4.388737344741822,-0.00043465371418278665,0.04771679639816284,24.38336753845215,29.254968750476838,3e-05,0.1,4.4061046e-05,,
710000,,,,,,0.0,3460,-4.375254303216934,-0.0009485982562182471,0.8863112032413483,0.8271255493164062,2.8584396757185457,3e-05,0.1,6.366169e-05,-35.554756259918214,822.0
710656,347,130,-28.511308639999996,792.36,5464,,,,,,,,,,,,
712704,348,130,-27.26346082,790.16,5469,0.0,3470,-4.384007972478867,-0.0003627061931183562,0.4924962520599365,17.129467010498047,39.62982093691826,3e-05,0.1,1.0053918e-05,,
714752,349,130,-26.02243803,784.61,5475,0.0,3480,-4.37191122174263,-0.0014118844643235206,0.9497309438884258,2.1791958808898926,3.059782142937183,3e-05,0.1,0.000115731964,,
716800,350,130,-25.00086701,784.34,5480,0.0,3490,-4.380354559421539,-0.0017011302159517072,0.9298973903059959,0.3895716071128845,0.9127913311123848,3e-05,0.1,0.00019575146,,
718848,351,131,-25.00221951,780.14,5486,0.00087890625,3500,-4.373179346323013,-0.0033913691993802788,0.820311963558197,0.14176428318023682,0.7756125189363956,3e-05,0.1,0.0006075668,,
720000,,,,,,0.022021484375,3510,-4.386779719591141,-0.0049792506761150435,0.8401216864585876,-9.613484144210815e-05,0.1769033597782254,3e-05,0.1,0.0015795336,-60.02513961791992,855.8
720896,352,131,-24.191104290000002,781.88,5501,,,,,,,,,,,,
722944,353,131,-24.591405819999995,781.84,5506,0.0021484375,3520,-4.378381723165512,-0.002669374315883033,0.8302014023065567,0.42923998832702637,0.996192479506135,3e-05,0.1,0.00039591306,,
724992,354,131,-23.760419900000006,781.54,5512,0.0,3530,-4.377922457456589,-0.0006174501148052513,0.11154735088348389,5.5850701332092285,35.15958109200001,3e-05,0.1,2.510706e-05,,
727040,355,131,-21.728121469999998,774.71,5517,0.0,3540,-4.335535931587219,-0.00029277415305841716,0.739952802658081,8.487123489379883,38.87945322394371,3e-05,0.1,5.94373e-06,,
729088,356,132,-22.03427678,775.14,5523,0.00068359375,3550,-4.432589358091354,-0.0022182308428455146,0.6086227595806122,0.27218765020370483,2.1653309680521486,3e-05,0.1,0.00027674675,,
730000,,,,,,0.0,3560,-4.340217638015747,-0.0003058381291339174,0.7646442800760269,13.665711402893066,39.21565902233124,3e-05,0.1,2.4316483e-05,-56.06263809204101,871.2
731136,357,132,-20.025817059999998,768.96,5538,,,,,,,,,,,,
733184,358,132,-21.596909440000005,776.09,5543,0.0736328125,3570,-4.381337410211563,-0.00855316817178391,0.47047948837280273,0.03503211587667465,0.29193626493215563,3e-05,0.1,0.00285245,,
735232,359,132,-20.07416178,771.77,5548,0.0,3580,-4.369730466604233,-9.541379986330867e-05,0.11028623580932617,33.586402893066406,65.80375428199768,3e-05,0.1,2.7085596e-05,,
737280,360,132,-19.84036721,760.2,5553,0.00126953125,3590,-4.397115164995194,-0.002077941966126673,0.7360700070858002,0.24042560160160065,0.7167930744588376,3e-05,0.1,0.00047213564,,
739328,361,132,-20.89647953,762.8,5559,0.01298828125,3600,-4.432411426305771,-0.005325942044146359,0.8791530355811119,0.2601272165775299,0.44617822486907244,3e-05,0.1,0.0012255709,,
740000,,,,,,0.0,3610,-4.404208868741989,-0.0002078247081954032,0.33459222316741943,6.73665189743042,27.105668656527996,3e-05,0.1,9.934243e-06,-23.202033519744873,846.0
741376,362,133,-19.8194525,769.72,5573,,,,,,,,,,,,
743424,363,133,-20.943595130000002,774.33,5578,0.0,3620,-4.3819660425186155,-0.0008448359381873161,0.8944985345005989,1.6606011390686035,5.273840875923634,3e-05,0.1,3.8569327e-05,,
745472,364,133,-21.48443467,773.34,5583,0.0,3630,-4.3918578088283535,-0.0003669721365440637,0.243183434009552,13.18532657623291,26.6665642619133,3e-05,0.1,1.6948528e-05,,
747520,365,133,-21.62326574,775.43,5589,0.0,3640,-4.387954336404801,-0.0005033182271290571,0.7344886362552643,13.429144859313965,38.49098949432373,3e-05,0.1,1.9229454e-05,,
749568,366,133,-23.367525500000003,777.68,5594,0.0,3650,-4.3346146941185,-0.0005657095258357004,0.7806719392538071,50.38102722167969,46.72758201360703,3e-05,0.1,3.5844947e-05,,
750000,,,,,,0.0,3660,-4.355207747220993,-0.00022004934508004225,0.5825348794460297,44.09668731689453,75.73884999752045,3e-05,0.1,4.619884e-06,-59.887168884277344,857.8
751616,367,134,-24.33663545,790.61,5608,,,,,,,,,,,,
753664,368,134,-21.75404117,779.83,5613,0.0,3670,-4.3606001257896425,-0.0003361843875609338,0.4586358070373535,2.636983871459961,39.96193642616272,3e-05,0.1,1.3140263e-05,,
755712,369,134,-22.61703205,784.97,5619,0.0,3680,-4.404502415657044,-0.0015418752023833803,0.8803472593426704,0.31886792182922363,2.1162802562117577,3e-05,0.1,0.00010746997,,
757760,370,134,-22.931711750000005,788.17,5624,0.0,3690,-4.363608765602112,-0.00034390658474876546,0.6026574075222015,27.988569259643555,40.0370667219162,3e-05,0.1,2.8621493e-05,,
759808,371,134,-22.41689382,781.18,5629,0.0,3700,-4.389068847894668,-0.0003309368352347519,0.5126496255397797,35.84451675415039,35.24658971428871,3e-05,0.1,1.2665463e-05,,
760000,,,,,,0.002587890625,3710,-4.421173584461212,-0.002976184993167408,0.5366245806217194,0.665441632270813,2.7371214769780634,3e-05,0.1,0.0004597562,-22.427695870399475,609.4
761856,372,135,-23.731154919999998,791.17,5640,,,,,,,,,,,,
763904,373,135,-23.59108215,792.82,5645,0.0,3720,-4.404293644428253,-0.00037498527162824755,0.7518518567085266,12.64326286315918,40.76129131913185,3e-05,0.1,1.5224272e-05,,
765952,374,135,-24.064641459999994,797.81,5650,0.0,3730,-4.391658043861389,-0.001483757543610409,0.5483635663986206,14.794673919677734,43.384122437238695,3e-05,0.1,0.0002500626,,
768000,375,135,-24.71240847,794.21,5656,0.0001953125,3740,-4.402733558416367,-0.001897682822891511,0.9550441466271877,0.135458841919899,0.9760770721361041,3e-05,0.1,0.00043333907,,
770000,,,,,,0.0,3750,-4.409147322177887,-0.0014487314663711004,0.2890890836715698,11.629030227661133,41.06812390089035,3e-05,0.1,0.00015446317,-16.43785514831543,770.8
770048,376,135,-25.488845149999996,802.96,5669,,,,,,,,,,,,
772096,377,136,-25.28745626,797.78,5674,0.0,3760,-4.412804794311524,-0.000683690958248917,0.5536192357540131,31.223060607910156,38.600923067331316,3e-05,0.1,1.8726976e-05,,
774144,378,136,-24.1592479,796.06,5679,0.00498046875,3770,-4.4106931447982785,-0.001509092713240534,0.35569512844085693,18.885225296020508,40.8520631313324,3e-05,0.1,0.00051324745,,
776192,379,136,-23.60473893,791.57,5684,0.00078125,3780,-4.438214153051376,-0.002778867926099338,0.906864196062088,0.23065721988677979,0.683959786221385,3e-05,0.1,0.0004152284,,
778240,380,136,-23.32410185,790.43,5689,0.0205078125,3790,-4.401992589235306,-0.007172231312142685,0.8075863569974899,0.05225390940904617,0.8508779788389802,3e-05,0.1,0.0017243773,,
780000,,,,,,0.000244140625,3800,-4.389262938499451,-0.0018042599491309374,0.933440625667572,0.5745679140090942,1.7710420563817024,3e-05,0.1,0.00024036941,-46.972479820251465,738.4
780288,381,136,-24.00088381,781.97,5702,,,,,,,,,,,,
782336,382,137,-24.069484620000004,778.34,5707,0.00146484375,3810,-4.424725914001465,-0.0039792078896425664,0.9544559270143509,0.24692559242248535,0.8702168431133032,3e-05,0.1,0.00057372276,,
784384,383,137,-24.107728710000007,779.76,5713,0.013916015625,3820,-4.405853247642517,-0.0040243936426122675,0.9367155358195305,0.1799391210079193,0.9537271779030562,3e-05,0.1,0.0010328292,,
786432,384,137,-23.775821740000005,779.32,5718,0.0,3830,-4.3879893064498905,-0.0009082380071049556,0.576704740524292,19.056711196899414,39.08685653209686,3e-05,0.1,4.2985426e-05,,
788480,385,137,-23.91103322,780.79,5723,0.072412109375,3840,-4.38734849691391,-0.008212074388575274,0.9140172079205513,-0.006962768733501434,0.20136096952483057,3e-05,0.1,0.0021895275,,
790000,,,,,,0.0,3850,-4.3982746541500095,-0.00030556515703210606,0.5225793123245239,7.669410228729248,33.03790784180164,3e-05,0.1,3.9704522e-05,-20.879761934280396,630.8
790528,386,137,-25.09196106,781.61,5735,,,,,,,,,,,,
792576,387,138,-24.45687307,793.81,5740,0.011279296875,3860,-4.3967062652111055,-0.002342172496719286,0.06073993444442749,13.926587104797363,35.29849839508533,3e-05,0.1,0.0009896618,,
794624,388,138,-24.43195447,786.3,5745,0.00361328125,3870,-4.441705000400543,-0.0035490450551151297,0.9134458526968956,0.06908434629440308,0.6859946940094233,3e-05,0.1,0.0006824514,,
796672,389,138,-25.318433289999998,786.65,5750,0.0,3880,-4.433827644586563,-0.0008564218558603897,0.8307815343141556,0.8373388648033142,3.0423534527420997,3e-05,0.1,6.035657e-05,,
798720,390,138,-27.162087320000005,794.61,5756,0.0,3890,-4.3976507663726805,-0.0006067861162591725,0.2732347846031189,12.107970237731934,30.138772782683372,3e-05,0.1,2.4050445e-05,,
800000,,,,,,0.0,3900,-4.37931073307991,-0.0004365341330412775,0.6972990334033966,78.99937438964844,69.50263404846191,3e-05,0.1,1.1030526e-05,-11.518907928466797,563.0
800768,391,138,-26.560177620000008,792.05,5767,,,,,,,,,,,,
802816,392,139,-25.498335540000003,787.28,5772,0.0,3910,-4.440489983558654,-0.0012530437408713624,0.8447141200304031,1.0739495754241943,4.402028754353523,3e-05,0.1,0.0001472926,,
804864,393,139,-24.480222509999997,784.81,5777,0.000146484375,3920,-4.406504672765732,-0.0008807961581624113,0.8612845689058304,0.95133376121521,3.3489789038896562,3e-05,0.1,0.00015737858,,
806912,394,139,-24.48381469,778.9,5782,0.0,3930,-4.415166419744492,-0.0010461330908583476,0.8889412432909012,0.9545033574104309,3.0381130054593086,3e-05,0.1,6.578333e-05,,
808960,395,139,-24.68276955,775.65,5787,0.0,3940,-4.399890744686127,-0.00020280138996895403,0.6563711762428284,11.856242179870605,38.57044597268104,3e-05,0.1,8.930918e-06,,
810000,,,,,,0.001708984375,3950,-4.425991541147232,-0.0015666187427996192,0.15231895446777344,15.80472469329834,37.98596121966839,3e-05,0.1,0.00031825065,-9.036401009559631,592.6
811008,396,139,-24.626536399999996,780.51,5799,,,,,,,,,,,,
813056,397,140,-25.826047289999998,784.29,5804,0.0,3960,-4.396170848608017,-0.00040423987520625814,0.4882447123527527,17.5299015045166,35.05238628387451,3e-05,0.1,9.0928515e-06,,
815104,398,140,-25.67256681,779.42,5809,0.0,3970,-4.389634817838669,-0.0004275771541870199,0.437125563621521,17.041034698486328,30.591594699025155,3e-05,0.1,1.4392717e-05,,
817152,399,140,-25.638827029999998,777.24,5815,0.040869140625,3980,-4.420791375637054,-0.007450456230435521,0.7405885457992554,0.08724944293498993,0.30617837980389595,3e-05,0.1,0.0020905214,,
819200,400,140,-25.71526279,767.41,5820,0.0,3990,-4.449172031879425,-0.0012419229475199244,0.06593304872512817,49.951534271240234,39.08299884200096,3e-05,0.1,0.0001381342,,
820000,,,,,,0.0,4000,-4.391188538074493,-0.00016208472079597412,0.6687906980514526,14.985482215881348,40.88021559715271,3e-05,0.1,6.2388426e-06,-24.55477018356323,710.4
821248,401,140,-25.5202899,767.8,5833,,,,,,,,,,,,
823296,402,141,-25.703957690000003,765.03,5838,0.0,4010,-4.394700163602829,-0.0011530358387972228,0.9497225545346737,0.9405583739280701,3.6768744669854643,3e-05,0.1,8.803874e-05,,
825344,403,141,-25.703957689999996,765.03,5843,0.0,4020,-4.414574140310288,-0.0017511431578896008,0.9215277954936028,0.22468000650405884,0.8810902699828148,3e-05,0.1,0.00019947474,,
827392,404,141,-25.00481976,755.65,5848,0.0,4030,-4.347900474071503,-0.0003112705528110382,0.4924159049987793,30.058795928955078,82.93140212297439,3e-05,0.1,1.7658516e-05,,
829440,405,141,-25.52343781,755.24,5854,0.0,4040,-4.350932216644287,-0.00040568490803707393,0.6819754540920258,9.437934875488281,33.92686586976051,3e-05,0.1,1.0930642e-05,,
830000,,,,,,0.0,4050,-4.4351691365242,-0.0003327578480821103,0.14501339197158813,15.196198463439941,30.484204125404357,3e-05,0.1,5.965645e-06,-39.57163963317871,778.0
831488,406,141,-23.08307597,748.48,5889,,,,,,,,,,,,
833536,407,141,-23.365523709999998,748.14,5906,0.009619140625,4060,-4.466811710596085,-0.0055421105702407655,0.5289042294025421,0.2904045879840851,1.092276145517826,3e-05,0.1,0.0010478784,,
835584,408,140,-24.753936050000004,753.78,5927,0.0,4070,-4.359470820426941,-0.001041944368625991,0.9073262214660645,1.01244056224823,2.5706119000911714,3e-05,0.1,9.823477e-05,,
837632,409,140,-23.051256840000004,742.84,5946,0.0,4080,-4.368452048301696,-0.0005668436249834485,0.6357159614562988,16.757293701171875,30.76236765384674,3e-05,0.1,3.4553115e-05,,
839680,410,140,-22.97118321,740.63,5965,0.008056640625,4090,-4.410472476482392,-0.0030194911116268484,0.912867434322834,0.12837398052215576,0.49529477432370184,3e-05,0.1,0.00068918266,,
840000,,,,,,0.002001953125,4100,-4.433721381425857,-0.0031096980354050176,0.6442193686962128,1.1516542434692383,1.1799429059028625,3e-05,0.1,0.0003360297,-45.68782062530518,854.4
841728,411,140,-21.867097029999996,738.5,5998,,,,,,,,,,,,
843776,412,140,-22.1889993,739.49,6019,0.010400390625,4110,-4.466931271553039,-0.0053719072981039066,0.7168221771717072,0.28053972125053406,0.7853456437587738,3e-05,0.1,0.0007524612,,
845824,413,140,-20.994489559999998,731.46,6036,0.003955078125,4120,-4.375708031654358,-0.0029277920461026953,0.014998555183410645,6.865114688873291,37.32329908013344,3e-05,0.1,0.00056840305,,
847872,414,140,-21.932308550000002,730.58,6051,9.765625e-05,4130,-4.3870860755443575,-0.0012848942424170673,0.7838490158319473,0.6748605966567993,2.1368765830993652,3e-05,0.1,0.00014865576,,
849920,415,139,-21.6928731,731.74,6071,9.765625e-05,4140,-4.393481981754303,-0.001334360771579668,0.06189274787902832,5.0809502601623535,35.682913774251936,3e-05,0.1,0.00019405226,,
850000,,,,,,0.00029296875,4150,-4.379541224241256,-0.0009163348047877661,0.8780840784311295,1.413060188293457,3.0116468511521814,3e-05,0.1,9.157832e-05,1.132797223329544,546.0
851968,416,139,-21.533093480000005,734.58,6099,,,,,,,,,,,,
854016,417,139,-21.493403530000002,734.6,6119,0.002392578125,4160,-4.4438537657260895,-0.003645573410904035,0.6841053366661072,0.3015156686306,1.2192372538149356,3e-05,0.1,0.00049360923,,
856064,418,139,-22.230335649999997,740.85,6140,0.0,4170,-4.365566766262054,-0.0012496558396378533,0.9246526956558228,0.36640146374702454,2.78698520436883,3e-05,0.1,0.00016220708,,
858112,419,139,-22.11825548,737.79,6157,0.0,4180,-4.357976442575454,-0.0007736630315775983,0.3026447892189026,15.831306457519531,42.47372717857361,3e-05,0.1,5.3630152e-05,,
860000,,,,,,0.0,4190,-4.3541579186916355,-0.0002917457459261641,0.49456024169921875,9.279378890991211,41.681409233808516,3e-05,0.1,7.807364e-06,-6.142151260375977,604.4
860160,420,139,-23.33346352,736.7,6187,,,,,,,,,,,,
862208,421,138,-23.24811184,744.16,6207,0.0,4200,-4.406995749473571,-0.0009211056043568533,0.3686770796775818,8.250223159790039,37.88639769852161,3e-05,0.1,0.00011445023,,
864256,422,138,-23.35064562,747.57,6227,0.0,4210,-4.368540042638779,-0.0015562422544462607,0.05997258424758911,2.0807158946990967,27.49088808000088,3e-05,0.1,0.00016549547,,
866304,423,138,-22.986843379999996,730.71,6247,0.0,4220,-4.3567344665527346,-0.001048380008433014,0.7771371752023697,10.497835159301758,37.07767663449049,3e-05,0.1,7.522563e-05,,
868352,424,138,-24.77675439,739.15,6265,0.00078125,4230,-4.4477205097675325,-0.003092190407915041,0.5641963481903076,0.2218862622976303,1.4724608678370714,3e-05,0.1,0.00037566066,,
870000,,,,,,0.0,4240,-4.377762162685395,-0.0007211028976598754,0.37090975046157837,39.7673225402832,77.09581328630448,3e-05,0.1,3.880472e-05,-43.064853763580324,819.0
870400,425,138,-24.21741372,735.3,6301,,,,,,,,,,,,
872448,426,138,-22.200605389999996,734.59,6319,0.0005859375,4250,-4.42391996383667,-0.0024969658799818715,0.9582953751087189,0.08657464385032654,0.8459039148874581,3e-05,0.1,0.00038416917,,
874496,427,138,-22.553966899999995,733.63,6325,0.00283203125,4260,-4.422367125749588,-0.003691743325907737,0.7985523045063019,0.505237340927124,1.468364179134369,3e-05,0.1,0.000857552,,
876544,428,138,-22.36110811,731.38,6330,0.001416015625,4270,-4.382915878295899,-0.0031251322536263613,0.913850910961628,0.18216757476329803,0.649354605562985,3e-05,0.1,0.0005197811,,
878592,429,138,-23.172925739999997,731.7,6335,0.019189453125,4280,-4.396107918024063,-0.0038981436315225436,0.9540275260806084,0.15409356355667114,0.7071324303746224,3e-05,0.1,0.0011527787,,
880000,,,,,,0.0177734375,4290,-4.478436750173569,-0.0024661274714162574,0.04914432764053345,14.784015655517578,36.9547419667244,3e-05,0.1,0.00064014253,-44.44113712310791,839.8
880640,430,138,-22.17886633,730.22,6350,,,,,,,,,,,,
882688,431,138,-23.211761040000006,745.75,6355,0.00107421875,4300,-4.39339816570282,-0.0027174177987035362,0.9351107776165009,0.11323292553424835,0.846743644028902,3e-05,0.1,0.00053116574,,
884736,432,139,-21.86122143,732.65,6361,0.0,4310,-4.363924366235733,-0.000904364968300797,0.5625126659870148,24.371829986572266,40.52464294731617,3e-05,0.1,6.170329e-05,,
886784,433,139,-21.72385561,732.29,6366,0.0,4320,-4.388564056158065,-0.0019072250317549333,0.8746433705091476,1.2491108179092407,4.420762220025063,3e-05,0.1,0.00022437554,,
888832,434,139,-23.110313170000005,735.95,6372,0.0,4330,-4.354731631278992,-0.000840678763051983,0.11496549844741821,2.8748879432678223,21.232898679375648,3e-05,0.1,5.5610697e-05,,
890000,,,,,,0.0,4340,-4.374433803558349,-0.0009377665177453309,0.6922534108161926,9.515660285949707,34.477717167139055,3e-05,0.1,4.9294613e-05,-1.938344669342041,682.0
890880,435,139,-23.26659037,746.07,6385,,,,,,,,,,,,
892928,436,139,-22.216575609999996,734.84,6390,0.0,4350,-4.370715910196305,-0.001055491520673968,0.6779667139053345,4.5734357833862305,39.96723948717117,3e-05,0.1,0.000121010846,,
894976,437,139,-22.757747140000003,732.21,6396,0.00517578125,4360,-4.44530303478241,-0.004059264798706863,0.9182922840118408,0.18560370802879333,0.867382688075304,3e-05,0.1,0.00083755836,,
897024,438,140,-24.06194073,741.17,6401,0.0,4370,-4.385310089588165,-0.0006230159109691158,0.5457392632961273,4.871425628662109,32.97071765959263,3e-05,0.1,3.5602483e-05,,
899072,439,140,-22.02077884,732.4,6406,0.0,4380,-4.41975907087326,-0.0004685253108618781,0.4405549168586731,6.836969375610352,24.48901401758194,3e-05,0.1,2.038444e-05,,
900000,,,,,,0.0099609375,4390,-4.423205006122589,-0.00245105511858128,0.8990964740514755,0.4823065996170044,1.3811825308948755,3e-05,0.1,0.0007419224,-39.682454109191895,721.8
901120,440,140,-20.065535479999998,732.56,6420,,,,,,,,,,,,
903168,441,140,-21.18960627,744.92,6425,4.8828125e-05,4400,-4.39504286646843,-0.0012612041959073395,0.8319710493087769,1.9299780130386353,6.2232821270823475,3e-05,0.1,0.00014223001,,
905216,442,140,-21.557070519999996,743.5,6430,0.0,4410,-4.350878322124482,-0.0007460120250470936,0.45864444971084595,10.228795051574707,41.15376071035862,3e-05,0.1,6.708637e-05,,
907264,443,140,-22.829150919999993,747.36,6436,0.00078125,4420,-4.389707762002945,-0.002781525152386166,0.9036893546581268,0.23985616862773895,2.250178042054176,3e-05,0.1,0.0004827265,,
909312,444,141,-21.7651786,746.91,6441,0.0,4430,-4.36498841047287,-0.0005911854193982435,0.4155457615852356,8.162395477294922,39.808453512191775,3e-05,0.1,3.9902196e-05,,
910000,,,,,,0.031884765625,4440,-4.366196954250336,-0.004578540536749642,0.8892820999026299,0.3698900043964386,1.1082739841192961,3e-05,0.1,0.0012241423,-11.594478034973145,679.0
911360,445,141,-21.380716489999994,757.72,6454,,,,,,,,,,,,
913408,446,141,-20.85925846,756.0,6459,0.033984375,4450,-4.397815823554993,-0.005735584127251059,0.8548732101917267,0.08532091975212097,0.5818228255957365,3e-05,0.1,0.0013950415,,
915456,447,141,-22.748511869999998,759.84,6465,0.011083984375,4460,-4.4167733669281,-0.004506640153704211,0.8585212677717209,0.16216769814491272,0.9622442301362752,3e-05,0.1,0.00073770655,,
917504,448,141,-24.320826130000004,765.24,6470,0.0,4470,-4.336466217041016,-0.0005113947408972308,0.14433741569519043,29.869544982910156,57.89676599502563,3e-05,0.1,2.92919e-05,,
919552,449,141,-23.62271778,766.37,6476,0.0,4480,-4.368971157073974,-0.0007204456938779913,0.03253734111785889,11.739355087280273,37.37099976539612,3e-05,0.1,2.7597358e-05,,
920000,,,,,,0.002490234375,4490,-4.415943896770477,-0.0025618068815674634,0.8540566265583038,0.21954627335071564,1.1095056891441346,3e-05,0.1,0.00065788836,-55.92100954055786,856.2
921600,450,141,-24.88662135,768.69,6490,,,,,,,,,,,,
923648,451,142,-23.863416009999995,766.55,6496,0.0,4500,-4.368311005830765,-0.0006372223841026425,0.32096946239471436,1.3321595191955566,24.46248076558113,3e-05,0.1,4.2916916e-05,,
925696,452,142,-23.78666195,764.54,6501,0.030419921875,4510,-4.394185328483582,-0.006224765430670231,0.6096449196338654,0.03666967153549194,0.4019933117553592,3e-05,0.1,0.0017485855,,
927744,453,142,-24.614104030000004,762.65,6507,0.0017578125,4520,-4.400703704357147,-0.0034795058105373754,0.7874534130096436,0.08580347895622253,0.762000673264265,3e-05,0.1,0.00046982564,,
929792,454,142,-24.573525370000006,763.42,6512,0.0,4530,-4.4154656529426575,-0.00019863147172145547,0.2304677963256836,7.676763534545898,24.73234889507294,3e-05,0.1,0.00012147648,,
930000,,,,,,0.0,4540,-4.37483304142952,-0.0010422234365250916,0.8843105435371399,0.42966389656066895,1.3006531342864036,3e-05,0.1,6.147445e-05,-56.187762308120725,849.6
931840,455,142,-23.720923229999997,760.16,6526,,,,,,,,,,,,
933888,456,142,-21.65968379,750.5,6532,0.00029296875,4550,-4.407143074274063,-0.0018408937554340809,0.7558947056531906,0.2986013889312744,1.0078710373491049,3e-05,0.1,0.00018408833,,
935936,457,143,-21.18752145,740.94,6537,0.000146484375,4560,-4.413354551792144,-0.0018183061911258847,0.918291762471199,0.369799941778183,2.093730266392231,3e-05,0.1,0.00016080224,,
937984,458,143,-20.0572971,735.54,6543,0.0,4570,-4.391037714481354,-0.0017135775720817036,0.9406019449234009,0.3716442883014679,1.4713759060949088,3e-05,0.1,0.00018142813,,
940000,,,,,,0.039990234375,4580,-4.412393015623093,-0.006632832455215976,0.7474156320095062,0.04666572064161301,0.4035555923357606,3e-05,0.1,0.0018030297,2.736643362045288,716.8
940032,459,143,-21.606702480000003,747.82,6556,,,,,,,,,,,,
942080,460,143,-21.67116461,747.19,6561,0.0,4590,-4.326984000205994,-0.000732317582151154,0.4157521724700928,4.4217071533203125,42.67431347966194,3e-05,0.1,5.3826778e-05,,
944128,461,143,-20.15196745,732.08,6567,0.0,4600,-4.388365638256073,-0.0002931991359218955,0.5969201922416687,4.007511138916016,32.39337225556373,3e-05,0.1,6.838178e-06,,
946176,462,143,-21.12513818,740.65,6573,0.030810546875,4610,-4.427434724569321,-0.005322098423494026,0.46776652336120605,0.19138304889202118,0.8268798840232193,3e-05,0.1,0.0013445296,,
948224,463,144,-20.82607136,736.69,6578,0.009912109375,4620,-4.399936479330063,-0.001876999225351028,0.028614699840545654,22.805932998657227,35.28209718465805,3e-05,0.1,0.0006803257,,
950000,,,,,,0.00302734375,4630,-4.4437676012516025,-0.0023432074522133917,0.8710152357816696,0.26699110865592957,1.0342832919210196,3e-05,0.1,0.00057265523,-40.374567586183545,755.4
950272,464,144,-20.44697643,729.24,6592,,,,,,,,,,,,
952320,465,144,-20.628151,729.12,6598,0.018896484375,4640,-4.450173419713974,-0.00677580526098609,0.890469878911972,0.062461741268634796,0.37362627116963265,3e-05,0.1,0.0013284292,,
954368,466,144,-19.955385709999998,720.52,6604,0.0,4650,-4.355637848377228,-0.0003263629558205139,0.766155555844307,9.478747367858887,41.87308144569397,3e-05,0.1,2.1100714e-05,,
956416,467,144,-20.64945803,725.24,6609,0.0,4660,-4.3545652568340305,-0.002013290111790411,0.900416262447834,0.3826885223388672,1.0971094779670238,3e-05,0.1,0.00018839122,,
958464,468,144,-20.763897709999995,724.76,6615,0.0,4670,-4.326552826166153,-0.000702195373014547,0.5556963980197906,40.32209014892578,34.62822277545929,3e-05,0.1,8.375093e-05,,
960000,,,,,,0.0,4680,-4.384404510259628,-0.0009929417487001047,0.08176016807556152,19.033679962158203,39.52076916694641,3e-05,0.1,9.9840574e-05,-24.364955389499663,749.2
960512,469,144,-20.888281129999996,724.68,6628,,,,,,,,,,,,
962560,470,145,-19.50095734,715.49,6633,0.0,4690,-4.364024889469147,-0.0009883519829600117,0.1296282410621643,19.385215759277344,36.74483226537704,3e-05,0.1,4.5260065e-05,,
964608,471,145,-18.19657109,713.43,6639,0.0134765625,4700,-4.43545224070549,-0.0046839647737215275,0.6163924038410187,0.6729460954666138,1.4397054888308047,3e-05,0.1,0.0012579605,,
966656,472,145,-17.56320311,713.14,6644,0.002392578125,4710,-4.4197285592556,-0.0034788052493240685,0.7019410133361816,0.26205897331237793,1.5115511514246465,3e-05,0.1,0.0005907159,,
968704,473,145,-16.575508779999996,706.23,6649,0.006884765625,4720,-4.465816795825958,-0.004672100860625505,0.8217595368623734,0.08427554368972778,0.622543229535222,3e-05,0.1,0.00090002286,,
970000,,,,,,0.0,4730,-4.380146110057831,-0.0012521996162831784,0.9282615706324577,0.6371108293533325,4.68660367578268,3e-05,0.1,8.455466e-05,-1.6049890518188477,645.6
970752,474,145,-17.90553347,710.43,6662,,,,,,,,,,,,
972800,475,145,-17.7365018,703.31,6667,0.0,4740,-4.403338366746903,-0.00036269192205509173,0.5786338150501251,14.38845443725586,35.975788454711434,3e-05,0.1,6.9905655e-06,,
974848,476,146,-17.57272293,699.52,6672,0.0,4750,-4.339640730619431,-0.0004664143780246377,0.7333937585353851,20.128156661987305,39.134155590832236,3e-05,0.1,2.5137095e-05,,
976896,477,146,-15.726189920000001,688.11,6678,0.0,4760,-4.426266223192215,-0.0012009621917968617,0.9267392978072166,0.8387249708175659,1.4307975336909293,3e-05,0.1,6.090346e-05,,
978944,478,146,-15.73480833,686.71,6684,0.015185546875,4770,-4.437457472085953,-0.004739333549514413,0.7944450378417969,0.29091954231262207,0.6602536020800471,3e-05,0.1,0.0009778289,,
980000,,,,,,0.0,4780,-4.349292516708374,-0.0008257109118858352,0.9513275399804115,0.37909746170043945,2.260805382579565,3e-05,0.1,0.00010057472,-62.112766695022586,913.8
980992,479,146,-18.26843967,687.1,6700,,,,,,,,,,,,
983040,480,146,-17.23491919,686.63,6705,0.0,4790,-4.356319230794907,-0.00027382696862332523,0.601506769657135,34.37611389160156,61.326534676551816,3e-05,0.1,6.4195483e-06,,
985088,481,146,-16.534869890000003,686.39,6711,0.0,4800,-4.386857122182846,-0.0008197800780180842,0.7853659242391586,1.702507734298706,3.0560518532991408,3e-05,0.1,2.9404182e-05,,
987136,482,146,-15.49442941,679.07,6716,0.0,4810,-4.3663627207279205,-0.0009847285604337231,0.9115884304046631,0.5166816115379333,2.932602289319038,3e-05,0.1,5.358373e-05,,
989184,483,147,-15.25493695,679.52,6721,0.008447265625,4820,-4.4033371090888975,-0.002994910115376115,0.7932983487844467,0.6566401720046997,1.6838243015110492,3e-05,0.1,0.0006751792,,
990000,,,,,,0.0,4830,-4.4079513370990755,-0.0008801244679489173,0.05065673589706421,13.709447860717773,35.94051221013069,3e-05,0.1,4.3950276e-05,-27.35989875793457,698.8
991232,484,147,-15.3529473,679.97,6734,,,,,,,,,,,,
993280,485,147,-15.697516399999998,679.04,6739,0.0,4840,-4.405281049013138,-0.000993272893538233,0.8072907030582428,0.28485479950904846,1.4753657180815936,3e-05,0.1,0.00012769786,,
995328,486,147,-14.622200730000001,679.62,6745,0.0001953125,4850,-4.401394373178482,-0.0024713045509997754,0.9586106278002262,0.18808192014694214,1.2945992663502692,3e-05,0.1,0.00030588446,,
997376,487,147,-14.72461342,680.13,6750,0.0958984375,4860,-4.37158305644989,-0.00938450893445406,0.7157153487205505,0.25752556324005127,0.857049684971571,3e-05,0.1,0.0027630106,,
999424,488,147,-14.47443997,678.87,6755,0.00556640625,4870,-4.3920326888561245,-0.004034838904044591,0.4845835566520691,0.17144332826137543,0.7347248911857605,3e-05,0.1,0.0008628047,,
1000000,,,,,,0.00234375,4880,-4.372263008356095,-0.002784485381562263,0.9203173294663429,0.04322769492864609,0.39305759929120543,3e-05,0.1,0.000557794,-21.927973079681397,751.4
1001472,489,147,-15.009488440000002,687.02,6769,,,,,,,,,,,,
