time/fps,time/time_elapsed,time/total_timesteps,rollout/ep_len_mean,rollout/ep_rew_mean,time/iterations,train/explained_variance,train/learning_rate,train/clip_fraction,train/n_updates,train/loss,train/value_loss,train/entropy_loss,train/policy_gradient_loss,train/clip_range,train/approx_kl,eval/mean_reward,eval/mean_ep_length
499,4,2048,37.388888888888886,8.572404092592594,1,,,,,,,,,,,,
228,17,4096,37.74,10.400459439999999,2,-0.008751273155212402,0.0003,0.105322265625,10,20.528738021850586,55.097656565904614,-1.9517343185842038,-0.017217857404466484,0.2,0.011571882,,
172,35,6144,38.19,13.955454809999999,3,0.2789408564567566,0.0003,0.07275390625,20,31.54684829711914,47.17770731151104,-1.929600115120411,-0.01499032339634141,0.2,0.009545924,,
162,50,8192,38.55,15.24545292,4,0.45883995294570923,0.0003,0.096533203125,30,6.6741180419921875,21.363209326565265,-1.9063186801970005,-0.01681251246482134,0.2,0.010339476,,
,,10000,,,,0.5787741541862488,0.0003,0.13701171875,40,8.19262981414795,20.27125751376152,-1.876563061401248,-0.02241608239564812,0.2,0.011729047,14.100757884979249,35.4
150,68,10240,37.27,20.79075282,5,,,,,,,,,,,,
147,83,12288,37.18,24.299614740000003,6,0.42552340030670166,0.0003,0.09755859375,50,6.398562908172607,20.765965902805327,-1.8511050034314394,-0.015792284366034436,0.2,0.009574374,,
147,97,14336,38.07,24.75149849,7,0.6771990954875946,0.0003,0.0880859375,60,6.616671562194824,17.704911005496978,-1.8392664019018412,-0.01581300703837769,0.2,0.010121174,,
146,111,16384,38.52,24.374357290000003,8,0.6402067542076111,0.0003,0.089453125,70,7.005096912384033,19.900798013806344,-1.7825799826532602,-0.018013265742047223,0.2,0.010041257,,
144,127,18432,38.61,26.46795476,9,0.5841188728809357,0.0003,0.067138671875,80,8.494455337524414,20.530324053764343,-1.7573575358837843,-0.017217747066752054,0.2,0.009454332,,
,,20000,,,,0.5088271200656891,0.0003,0.132666015625,90,7.4226274490356445,14.727771966159343,-1.7600926987826824,-0.02028151264094049,0.2,0.010659276,17.263461303710937,33.0
140,146,20480,38.59,27.32136697,10,,,,,,,,,,,,
137,163,22528,38.2,28.72749632,11,0.6098164319992065,0.0003,0.121826171875,100,5.118675708770752,14.649690560996532,-1.7112312354147434,-0.018321119219763204,0.2,0.011550623,,
140,174,24576,37.05,31.16985321,12,0.6239572763442993,0.0003,0.091455078125,110,6.525943756103516,12.669449843466282,-1.6860752001404762,-0.017020636532106437,0.2,0.008702235,,
138,191,26624,38.22,31.60652455,13,0.5197048783302307,0.0003,0.10029296875,120,4.622568607330322,14.476897920668126,-1.6563315253704787,-0.01727270614064764,0.2,0.010442329,,
139,205,28672,37.83,28.800989099999995,14,0.5585010349750519,0.0003,0.109521484375,130,3.4820830821990967,10.056166878342628,-1.6598414074629546,-0.0186127553723054,0.2,0.010925197,,
,,30000,,,,0.44924724102020264,0.0003,0.09404296875,140,5.399955749511719,19.7199663951993,-1.634365602955222,-0.01941007074492518,0.2,0.009326283,36.199404907226565,40.2
137,224,30720,37.21,30.18131757,15,,,,,,,,,,,,
136,240,32768,37.75,33.781505360000004,16,0.5328130424022675,0.0003,0.118798828125,150,2.411911725997925,10.998884829878808,-1.6216098971664905,-0.02024409818041022,0.2,0.010930673,,
137,254,34816,37.14,34.84143563,17,0.5371643900871277,0.0003,0.14501953125,160,1.7712745666503906,6.412298679351807,-1.5687813568860292,-0.02280982769007096,0.2,0.011663064,,
136,269,36864,37.26,35.41294898,18,0.6320601105690002,0.0003,0.155859375,170,1.7116097211837769,5.553631239384413,-1.5573442485183477,-0.024527443839178886,0.2,0.012752049,,
137,283,38912,38.49,35.40015755,19,0.5981886684894562,0.0003,0.106298828125,180,1.6585074663162231,6.940385887026787,-1.5358325701206923,-0.019305956753669307,0.2,0.0102242315,,
,,40000,,,,0.627836138010025,0.0003,0.101123046875,190,2.2739570140838623,7.114828180521727,-1.5279727749526502,-0.017792951727460603,0.2,0.00912991,40.19375,37.2
137,298,40960,38.83,35.663309559999995,20,,,,,,,,,,,,
137,312,43008,37.75,36.813281929999995,21,0.6152989864349365,0.0003,0.105859375,200,3.293562889099121,8.736060024797917,-1.5111560340970756,-0.018794455802708398,0.2,0.011406925,,
137,326,45056,37.95,38.91457894,22,0.7012481689453125,0.0003,0.177587890625,210,1.6841225624084473,5.870805077254772,-1.502422734349966,-0.027599847786768807,0.2,0.014513605,,
136,344,47104,37.8,39.77215693,23,0.5739308297634125,0.0003,0.14013671875,220,1.8940105438232422,6.816546986252069,-1.4399569652974606,-0.02309619271036354,0.2,0.013310667,,
138,355,49152,37.77,39.150196949999994,24,0.7015475928783417,0.0003,0.143115234375,230,1.1036763191223145,4.128860157728195,-1.3999808833003045,-0.023839713796041904,0.2,0.013955722,,
,,50000,,,,0.6651754081249237,0.0003,0.15595703125,240,1.4454928636550903,4.855023370310664,-1.365421310439706,-0.026556490146322175,0.2,0.013330736,38.469155883789064,40.2
137,372,51200,38.17,38.59441521000001,25,,,,,,,,,,,,
137,387,53248,38.38,39.40413544,26,0.714564323425293,0.0003,0.11748046875,250,1.5607130527496338,5.6172926720231775,-1.3363284308463335,-0.021602469215577003,0.2,0.010689318,,
136,405,55296,38.19,39.68918789,27,0.6498322188854218,0.0003,0.120751953125,260,1.577043890953064,6.031535364687443,-1.287153261527419,-0.021704295283416285,0.2,0.011633601,,
136,419,57344,38.22,41.06749032,28,0.7321887612342834,0.0003,0.148291015625,270,1.9688513278961182,4.557408122345805,-1.3228490673005582,-0.027356082695769147,0.2,0.014612828,,
137,430,59392,37.77,41.79871198,29,0.7463827729225159,0.0003,0.12734375,280,1.1789406538009644,3.9541618309915068,-1.3284135736525058,-0.024447493559273427,0.2,0.011685735,,
,,60000,,,,0.6678194999694824,0.0003,0.1380859375,290,1.5540896654129028,5.851508186012507,-1.3209391817450524,-0.022598085190111306,0.2,0.0124988165,40.50677642822266,40.8
138,444,61440,38.26,41.3866424,30,,,,,,,,,,,,
138,459,63488,40.0,41.65184568000001,31,0.7022532224655151,0.0003,0.158251953125,300,1.1150165796279907,4.216273341327906,-1.3217796441167593,-0.02213771708557033,0.2,0.014329433,,
138,473,65536,39.66,41.957853410000006,32,0.739162802696228,0.0003,0.1662109375,310,0.6658201217651367,3.0838356904685496,-1.31965052485466,-0.024076214774686376,0.2,0.017645057,,
138,487,67584,37.65,42.60477673999999,33,0.7442631125450134,0.0003,0.16884765625,320,1.220566987991333,4.024243826046586,-1.3073886685073375,-0.021967971534468233,0.2,0.015002815,,
138,504,69632,37.8,43.225009879999995,34,0.7225261330604553,0.0003,0.14775390625,330,1.4209415912628174,3.974193513020873,-1.2739253289997579,-0.023094110572128557,0.2,0.01492244,,
,,70000,,,,0.7612463235855103,0.0003,0.15703125,340,1.1532946825027466,3.573240888863802,-1.3249102149158716,-0.02529138078680262,0.2,0.014819932,45.622527313232425,34.2
138,519,71680,38.77,43.31795607,35,,,,,,,,,,,,
137,536,73728,38.8,42.76461527000001,36,0.7546014487743378,0.0003,0.16904296875,350,1.5014430284500122,3.8253363125026225,-1.327823530882597,-0.02608338926365832,0.2,0.014907823,,
137,553,75776,39.21,43.0535089,37,0.6523520350456238,0.0003,0.14228515625,360,1.6198846101760864,4.049688037857413,-1.275924388691783,-0.024763234560668933,0.2,0.0146946665,,
137,567,77824,37.14,42.6372417,38,0.7804330587387085,0.0003,0.166162109375,370,0.6220426559448242,2.8765864070504903,-1.2429652187973261,-0.023075518627592828,0.2,0.014001149,,
137,581,79872,37.32,43.45304664000001,39,0.7391497492790222,0.0003,0.16640625,380,0.7904458045959473,3.761699250712991,-1.2275317702442408,-0.023496552556753158,0.2,0.016076205,,
,,80000,,,,0.7636712342500687,0.0003,0.159912109375,390,0.8348696827888489,3.5138005703687667,-1.203158214315772,-0.021757789951516317,0.2,0.013631981,46.33921585083008,35.4
137,596,81920,36.19,44.56839809,40,,,,,,,,,,,,
137,610,83968,36.15,44.34884542999999,41,0.7750581204891205,0.0003,0.1736328125,400,1.3195219039916992,3.505735022202134,-1.2142264604568482,-0.02566359954071231,0.2,0.015286416,,
137,625,86016,37.26,44.54104477999999,42,0.7590053379535675,0.0003,0.15498046875,410,1.103041410446167,3.847004082426429,-1.2203598629683257,-0.02475029455090407,0.2,0.015998691,,
137,639,88064,36.96,44.10499863999999,43,0.8164975196123123,0.0003,0.20947265625,420,1.4927785396575928,2.071566747687757,-1.218698136880994,-0.027077149896649645,0.2,0.01883097,,
,,90000,,,,0.7733072936534882,0.0003,0.16748046875,430,0.673088550567627,2.9005539627745747,-1.2161735855042934,-0.025773959449725225,0.2,0.016342254,43.915025329589845,31.8
138,651,90112,36.94,45.32249726999999,44,,,,,,,,,,,,
139,662,92160,37.54,45.64806051000001,45,0.792887732386589,0.0003,0.16982421875,440,0.667419970035553,2.8842702275142074,-1.1768769845366478,-0.024543278763303533,0.2,0.015028237,,
139,676,94208,37.89,45.43690289999999,46,0.8085783571004868,0.0003,0.164208984375,450,0.41199469566345215,1.9031763000413775,-1.1660584930330515,-0.021854150845319963,0.2,0.016787112,,
139,690,96256,39.3,44.81916291999999,47,0.8252419382333755,0.0003,0.127490234375,460,0.688698947429657,2.7214007284492254,-1.1739104468375445,-0.020556182708241978,0.2,0.013774672,,
140,701,98304,37.86,45.44953340000001,48,0.7016200721263885,0.0003,0.153955078125,470,0.7534773349761963,3.2227837929502128,-1.1572359453886747,-0.022372635346255266,0.2,0.017111756,,
,,100000,,,,0.8245974481105804,0.0003,0.1654296875,480,0.8211711645126343,2.3116785982623695,-1.100723726861179,-0.024413111100147943,0.2,0.017315043,45.984520721435544,39.0
140,712,100352,37.3,45.724061869999986,49,,,,,,,,,,,,
140,726,102400,37.57,45.92903881,50,0.810707613825798,0.0003,0.16591796875,490,0.7442581653594971,2.425468716956675,-1.0995636612176896,-0.023825639899587258,0.2,0.016104128,,
140,742,104448,36.51,45.237539420000004,51,0.8041581958532333,0.0003,0.153369140625,500,1.4465590715408325,2.661822083964944,-1.082871105708182,-0.022255604442034383,0.2,0.016870098,,
140,760,106496,36.42,45.79176692,52,0.811096265912056,0.0003,0.145849609375,510,0.9748559594154358,3.1196604698896406,-1.0720866745337845,-0.02076249665406067,0.2,0.013580825,,
140,774,108544,37.32,46.62205827999999,53,0.7996954470872879,0.0003,0.1150390625,520,0.5222352743148804,3.0295710660517217,-1.0314724421128632,-0.018507295682502443,0.2,0.012654953,,
,,110000,,,,0.7916234880685806,0.0003,0.136474609375,530,0.7882729768753052,2.454625797830522,-1.0285532299429179,-0.022348209071788007,0.2,0.014027048,45.679247283935545,38.4
140,789,110592,37.69,45.843366069999995,54,,,,,,,,,,,,
140,802,112640,37.39,46.229918180000006,55,0.8053266704082489,0.0003,0.163330078125,540,0.9221665859222412,2.9264948733150957,-1.0172958271577954,-0.018920129079197066,0.2,0.01694316,,
139,820,114688,37.5,45.80281043000001,56,0.7933504283428192,0.0003,0.1603515625,550,0.5798356533050537,2.459085219912231,-0.9818307353183627,-0.01854409100342309,0.2,0.017764106,,
139,838,116736,37.53,46.45794462,57,0.8030874282121658,0.0003,0.163525390625,560,0.6984025835990906,2.2469036446884276,-0.9956365449354052,-0.022784538958512714,0.2,0.017827759,,
138,855,118784,37.32,47.11153953,58,0.8113059252500534,0.0003,0.159765625,570,0.8673493266105652,2.396919468790293,-0.9365776078775525,-0.02228303234442137,0.2,0.017615061,,
,,120000,,,,0.8154928237199783,0.0003,0.166357421875,580,0.5885170698165894,2.620289616845548,-0.9576376045122743,-0.024381847756740172,0.2,0.018214872,48.08059463500977,35.4
138,869,120832,37.93,46.50868314,59,,,,,,,,,,,,
139,879,122880,37.78,46.36836880999999,60,0.7759663015604019,0.0003,0.199853515625,590,0.6183409094810486,2.9425386071205137,-1.030779548175633,-0.02155992877233075,0.2,0.01931523,,
139,894,124928,37.17,46.56956537999999,61,0.812053993344307,0.0003,0.183740234375,600,0.8468749523162842,2.8348783049732447,-1.0036110198125243,-0.02256124290142907,0.2,0.021316912,,
140,904,126976,36.99,46.44865021,62,0.8095292896032333,0.0003,0.13076171875,610,0.8644590377807617,3.3853860519826413,-0.9996283793821931,-0.018045936174166853,0.2,0.013443444,,
140,918,129024,37.71,47.94983559,63,0.797238364815712,0.0003,0.133984375,620,0.5532054305076599,2.883377291448414,-0.9814331183210016,-0.019753209528425943,0.2,0.014762023,,
,,130000,,,,0.8636635094881058,0.0003,0.170654296875,630,0.372904896736145,1.7315715972334147,-0.9636083586141467,-0.018549773035920224,0.2,0.021221437,48.23449630737305,39.0
140,934,131072,36.7,47.131745470000006,64,,,,,,,,,,,,
140,949,133120,36.04,46.97740392,65,0.804188996553421,0.0003,0.159130859375,640,0.4738961458206177,2.372983518242836,-0.9791132854297757,-0.022571286000311375,0.2,0.017123248,,
139,967,135168,36.81,47.56765073999999,66,0.8138175755739212,0.0003,0.174951171875,650,0.6478248238563538,2.473189830034971,-0.9602197395637632,-0.020682774372107814,0.2,0.01650814,,
140,977,137216,37.11,47.795416929999995,67,0.827176883816719,0.0003,0.18466796875,660,0.8500204682350159,1.8006579654291273,-0.9638047304004431,-0.021264673220866826,0.2,0.023075199,,
139,995,139264,37.38,47.17803260000001,68,0.8848685845732689,0.0003,0.1984375,670,0.46273282170295715,1.4822998185642065,-0.9474312622100115,-0.022383240846102125,0.2,0.02287297,,
,,140000,,,,0.7884246855974197,0.0003,0.151904296875,680,1.07656991481781,2.7995349349454046,-0.9422702191397547,-0.020802898357214872,0.2,0.019133978,48.971717071533206,32.4
139,1013,141312,38.23,46.490089350000005,69,,,,,,,,,,,,
139,1027,143360,37.66,46.9447696,70,0.8287686258554459,0.0003,0.180126953125,690,0.5797117352485657,2.033224956318736,-0.9350842837244272,-0.021562521348823794,0.2,0.0211654,,
139,1045,145408,36.96,47.74039138999999,71,0.8495521694421768,0.0003,0.162451171875,700,0.3573344647884369,1.9586449107155204,-0.9137388717383146,-0.017608673455106326,0.2,0.01837587,,
139,1059,147456,36.78,47.88007079999999,72,0.8904456719756126,0.0003,0.181640625,710,0.37191471457481384,1.4455516191199422,-0.8652028996497393,-0.022542677282763178,0.2,0.020881603,,
138,1076,149504,37.47,47.88213121999999,73,0.856575146317482,0.0003,0.158642578125,720,0.619308590888977,1.5502985063940287,-0.8238077141344547,-0.021910222279257142,0.2,0.017045027,,
,,150000,,,,0.8717747926712036,0.0003,0.187451171875,730,0.6167030930519104,1.7301936419680715,-0.8538811884820461,-0.025076146157516632,0.2,0.024091676,50.13469543457031,42.6
138,1090,151552,37.75,48.2500816,74,,,,,,,,,,,,
139,1101,153600,37.3,48.381758850000004,75,0.894950233399868,0.0003,0.136474609375,740,0.3103492558002472,1.3814189363270999,-0.7986621851101517,-0.016021586113856755,0.2,0.016461013,,
139,1115,155648,38.88,47.660623560000005,76,0.8761282339692116,0.0003,0.20361328125,750,0.28931230306625366,1.4044310509227216,-0.8286930637434125,-0.02289612659951672,0.2,0.03011781,,
139,1130,157696,39.03,48.37129619,77,0.8417808562517166,0.0003,0.156787109375,760,0.5036230683326721,2.2007843775674703,-0.8500522172078491,-0.016530613340728452,0.2,0.015767043,,
139,1141,159744,37.8,48.49313692999999,78,0.8967987298965454,0.0003,0.171337890625,770,0.22369444370269775,1.219601527042687,-0.846719877421856,-0.019334775177412666,0.2,0.019980457,,
,,160000,,,,0.8938076421618462,0.0003,0.18935546875,780,0.2424071878194809,1.1731955034658312,-0.8178890200331808,-0.01993852699379204,0.2,0.02341345,46.88237838745117,35.4
139,1157,161792,37.87,48.449256749999996,79,,,,,,,,,,,,
140,1168,163840,38.41,48.43576702999999,80,0.882836364209652,0.0003,0.143310546875,790,0.2778361439704895,1.557156611699611,-0.7745707696303725,-0.020305273491248953,0.2,0.014946737,,
139,1185,165888,39.15,48.17430265,81,0.8980966359376907,0.0003,0.1767578125,800,0.29116544127464294,1.1532831143587827,-0.8014262679964304,-0.017826012062141672,0.2,0.02168211,,
139,1203,167936,38.34,48.012836789999994,82,0.8562628328800201,0.0003,0.16875,810,0.5487903952598572,1.7913658954203129,-0.8526226337999105,-0.018849145896092524,0.2,0.019988205,,
139,1221,169984,37.14,47.976573800000004,83,0.8736816495656967,0.0003,0.180859375,820,0.257756769657135,1.456221296824515,-0.8508141130208969,-0.021301116108952557,0.2,0.023275811,,
,,170000,,,,0.8391117006540298,0.0003,0.151416015625,830,0.28377658128738403,1.577231769822538,-0.7852703325450421,-0.017694469696289163,0.2,0.022348035,50.143550872802734,35.4
139,1235,172032,37.09,47.87145071,84,,,,,,,,,,,,
139,1250,174080,37.32,48.61771332,85,0.8464174121618271,0.0003,0.15185546875,840,0.4352971017360687,1.7573992675170302,-0.8044736905023455,-0.01790316831175005,0.2,0.018736247,,
139,1264,176128,38.73,49.20535469000001,86,0.8785785883665085,0.0003,0.1732421875,850,0.2728538513183594,1.4723545185290277,-0.7957661310210824,-0.015829376125475393,0.2,0.0191391,,
138,1282,178176,39.69,48.57417169,87,0.8674416095018387,0.0003,0.159521484375,860,0.42616721987724304,1.7838362328708173,-0.8295983003452421,-0.019888261445157696,0.2,0.019699765,,
,,180000,,,,0.8793496787548065,0.0003,0.17119140625,870,0.3064689338207245,1.3246194916777312,-0.7948601182550192,-0.015582895267289131,0.2,0.020923153,48.108333587646484,43.2
138,1297,180224,39.22,48.65709680999999,88,,,,,,,,,,,,
139,1306,182272,37.9,48.97528363000001,89,0.8741093724966049,0.0003,0.15966796875,880,0.794202446937561,1.6491820031777025,-0.7797730272635818,-0.02130330458167009,0.2,0.015367538,,
139,1320,184320,38.19,49.26255298,90,0.8864116668701172,0.0003,0.156005859375,890,0.7273557186126709,1.4840147092938423,-0.7557355482131243,-0.019275409284455237,0.2,0.01904704,,
139,1337,186368,37.56,48.74315467,91,0.8877077028155327,0.0003,0.147509765625,900,0.3449721336364746,1.1680856001563371,-0.7900566598400474,-0.019435905998398083,0.2,0.018668469,,
139,1348,188416,38.19,48.91523499,92,0.8512004315853119,0.0003,0.1654296875,910,0.3074197769165039,1.5854291938245297,-0.7926389757543802,-0.017072761501185595,0.2,0.01980196,,
,,190000,,,,0.8815127462148666,0.0003,0.16416015625,920,0.42585232853889465,1.2139177507720889,-0.8025933157652616,-0.01499644657887984,0.2,0.019045625,49.96017074584961,37.8
139,1362,190464,37.39,49.11333642,93,,,,,,,,,,,,
140,1373,192512,38.2,48.767937339999996,94,0.8755684122443199,0.0003,0.170947265625,930,0.29034918546676636,1.458367360383272,-0.7704498123377561,-0.01923933059297269,0.2,0.01911968,,
139,1391,194560,39.51,49.341794070000006,95,0.903036430478096,0.0003,0.178515625,940,0.23370599746704102,1.0903840568847953,-0.797554431296885,-0.02070694499852834,0.2,0.021274373,,
139,1409,196608,38.97,49.33908670999998,96,0.9244931861758232,0.0003,0.1884765625,950,0.2819426357746124,1.0901827125810086,-0.8029997795820236,-0.017408443678868936,0.2,0.026101608,,
139,1426,198656,38.25,48.84834557,97,0.9088875129818916,0.0003,0.203662109375,960,0.3311169743537903,0.9480783778242767,-0.8093535518273711,-0.016744022781495005,0.2,0.023834743,,
,,200000,,,,0.8834720328450203,0.0003,0.15830078125,970,0.2675403952598572,1.3652610771358014,-0.8022250475361943,-0.0196497062643175,0.2,0.0176896,48.36341934204101,36.6
139,1441,200704,37.6,49.17117281,98,,,,,,,,,,,,
139,1453,202752,37.39,49.34158964,99,0.9025654941797256,0.0003,0.190234375,980,0.30876439809799194,1.2214263240806758,-0.7687864534556865,-0.018701214974862525,0.2,0.023176137,,
139,1467,204800,37.86,49.83652546000001,100,0.8891220986843109,0.0003,0.1796875,990,0.4416825771331787,1.2708686582744122,-0.7723905043676496,-0.017510842275805773,0.2,0.021012165,,
139,1482,206848,37.8,49.45906964000001,101,0.9019344449043274,0.0003,0.166064453125,1000,0.24135252833366394,1.4353793111629785,-0.7625624692067504,-0.01891876560403034,0.2,0.022537258,,
139,1494,208896,37.5,48.291261670000004,102,0.8623284995555878,0.0003,0.16923828125,1010,0.5360310077667236,1.3224370883777739,-0.7586819089949131,-0.02144252705766121,0.2,0.019200996,,
,,210000,,,,0.7758091241121292,0.0003,0.14267578125,1020,0.5445851683616638,3.5809599762782454,-0.7716988947242498,-0.020819621157716028,0.2,0.016252697,47.90760040283203,36.6
139,1512,210944,37.66,48.70633121000001,103,,,,,,,,,,,,
139,1525,212992,38.14,49.81921791,104,0.8267163932323456,0.0003,0.15224609375,1030,0.48435553908348083,1.8755445096641779,-0.7142244406044483,-0.01878344674478285,0.2,0.018886495,,
139,1539,215040,37.77,49.74330145,105,0.900314137339592,0.0003,0.187890625,1040,0.2401675283908844,1.1729356510564686,-0.7412992333993316,-0.01870005316013703,0.2,0.023154074,,
139,1553,217088,37.77,49.11041047000001,106,0.8795425146818161,0.0003,0.18369140625,1050,0.4104045629501343,1.67986074462533,-0.741504124365747,-0.023081786726106657,0.2,0.020003367,,
139,1568,219136,38.97,49.23898118,107,0.8689540326595306,0.0003,0.18818359375,1060,0.3353656530380249,1.1511923842132092,-0.7690515739843249,-0.01887687204434769,0.2,0.022601059,,
,,220000,,,,0.8927403688430786,0.0003,0.15751953125,1070,0.308749794960022,1.3919104340486228,-0.7504778254777194,-0.01721795995836146,0.2,0.021037988,50.89383163452148,41.4
139,1586,221184,39.13,49.14074667999999,108,,,,,,,,,,,,
139,1600,223232,38.44,48.76750816,109,0.8823027312755585,0.0003,0.1783203125,1080,0.3801485300064087,1.2161685083061458,-0.7537210267037153,-0.018436000604560833,0.2,0.02140503,,
139,1612,225280,37.38,48.713718279999995,110,0.8975158780813217,0.0003,0.18369140625,1090,0.485221266746521,1.3123298092745244,-0.739678361825645,-0.021304388984572143,0.2,0.02350809,,
139,1627,227328,36.6,48.8553163,111,0.8886132389307022,0.0003,0.16767578125,1100,0.590440571308136,1.1797079900279641,-0.707451768964529,-0.01770208715897752,0.2,0.020146327,,
139,1643,229376,36.9,49.90602848,112,0.8617463856935501,0.0003,0.169091796875,1110,0.4651639461517334,1.3855166513472796,-0.7233152722939848,-0.02194684330752352,0.2,0.021802846,,
,,230000,,,,0.8830139860510826,0.0003,0.17294921875,1120,0.4057709276676178,1.5829088868573309,-0.746925731562078,-0.02328457185649313,0.2,0.02155213,51.06705856323242,37.2
139,1658,231424,37.96,50.488128499999995,113,,,,,,,,,,,,
139,1669,233472,38.59,50.42827044999999,114,0.8569348752498627,0.0003,0.175048828125,1130,0.7529276013374329,2.1475978672504423,-0.7680799301713706,-0.016243991983355955,0.2,0.01871536,,
139,1683,235520,37.41,50.15917699999999,115,0.9176133573055267,0.0003,0.218212890625,1140,0.5224924087524414,1.2796909993514418,-0.7529838066548109,-0.019334133766824378,0.2,0.023377638,,
139,1698,237568,37.74,50.219447040000006,116,0.9176250696182251,0.0003,0.1978515625,1150,0.3063960075378418,0.9297746330499649,-0.716744726523757,-0.015992528918286553,0.2,0.025525406,,
139,1712,239616,38.28,49.834630239999996,117,0.9155975356698036,0.0003,0.21005859375,1160,0.22174762189388275,0.9994259256869554,-0.7773298589512706,-0.01903379546274664,0.2,0.029402286,,
,,240000,,,,0.9183644577860832,0.0003,0.181689453125,1170,0.1954946517944336,0.8987790583632886,-0.769094473309815,-0.016320373860071413,0.2,0.025751606,49.068565368652344,38.4
139,1727,241664,37.99,50.20520706,118,,,,,,,,,,,,
140,1738,243712,38.05,49.77489911,119,0.9170970171689987,0.0003,0.171240234375,1180,0.18969659507274628,0.957555563095957,-0.759041809104383,-0.017363771350937897,0.2,0.02264005,,
140,1752,245760,37.41,49.613053259999994,120,0.892390213906765,0.0003,0.191357421875,1190,0.2526307702064514,1.0676913519389928,-0.7429825283586979,-0.017218461688025856,0.2,0.023847563,,
140,1766,247808,37.08,49.65847145000001,121,0.8839440122246742,0.0003,0.155078125,1200,0.20381879806518555,1.3589061431586742,-0.7254302250221372,-0.018438729719491675,0.2,0.02077536,,
140,1783,249856,37.68,49.324086109999996,122,0.8768241330981255,0.0003,0.18896484375,1210,0.36069995164871216,1.1504009300842881,-0.7300070863217115,-0.020046306947187988,0.2,0.024266167,,
,,250000,,,,0.8856488764286041,0.0003,0.14921875,1220,0.30833181738853455,1.5000107103027402,-0.7140793439000845,-0.01792918551946059,0.2,0.017225588,49.61406936645508,39.6
140,1799,251904,39.4,49.48362935,123,,,,,,,,,,,,
140,1813,253952,40.42,50.03796935,124,0.8724852800369263,0.0003,0.16826171875,1230,0.4428081810474396,1.6881616663187742,-0.7237294489517808,-0.01891916009481065,0.2,0.022954125,,
139,1831,256000,39.18,50.34053963,125,0.9216600209474564,0.0003,0.20283203125,1240,0.3814905881881714,1.008727256860584,-0.726625737734139,-0.016638050717301667,0.2,0.027914345,,
140,1841,258048,37.83,50.298190049999995,126,0.9148104786872864,0.0003,0.143701171875,1250,0.5021411776542664,1.1397286142222582,-0.7112689651548862,-0.018263725638098548,0.2,0.018522903,,
,,260000,,,,0.9135594591498375,0.0003,0.159228515625,1260,0.21973833441734314,0.9709657941944897,-0.7199006289243698,-0.01592394499457441,0.2,0.018114178,52.541666412353514,39.6
139,1858,260096,37.48,49.34916472,127,,,,,,,,,,,,
140,1868,262144,37.39,48.919635759999984,128,0.8648537844419479,0.0003,0.157373046875,1270,0.4589766263961792,1.6542500734329224,-0.7122174818068743,-0.019006640286534093,0.2,0.017403198,,
140,1885,264192,37.71,49.93129396000001,129,0.8851012662053108,0.0003,0.180615234375,1280,0.30349019169807434,1.0728559623472393,-0.7246533846482635,-0.018818067548272664,0.2,0.024536483,,
140,1900,266240,37.35,49.4726672,130,0.8725249469280243,0.0003,0.196826171875,1290,0.2951456308364868,1.6598923897370697,-0.750688909739256,-0.020673983869346556,0.2,0.03043159,,
140,1910,268288,37.83,49.111629889999996,131,0.8788775727152824,0.0003,0.2,1300,0.21308442950248718,1.1375526325777172,-0.727037368528545,-0.02313211594155291,0.2,0.029695172,,
,,270000,,,,0.9070383757352829,0.0003,0.200439453125,1310,0.25013643503189087,1.186212607845664,-0.740581719763577,-0.017394795108702964,0.2,0.026434673,48.93520278930664,42.6
140,1929,270336,39.01,49.93868720999999,132,,,,,,,,,,,,
140,1943,272384,37.93,49.487397120000004,133,0.8951490223407745,0.0003,0.165966796875,1320,0.3411165475845337,1.4386077063158154,-0.7699139256030321,-0.016828802664531396,0.2,0.020501586,,
139,1960,274432,36.93,48.92740111,134,0.8350527137517929,0.0003,0.166455078125,1330,0.3822437822818756,1.859246183000505,-0.7230340978130698,-0.020035610017657746,0.2,0.024031557,,
139,1978,276480,36.9,49.57808152,135,0.8843967840075493,0.0003,0.162646484375,1340,0.402522474527359,1.625329249445349,-0.7169653018936515,-0.02029631360910571,0.2,0.020652944,,
139,1993,278528,37.05,49.65784444,136,0.8785641267895699,0.0003,0.163427734375,1350,0.34982961416244507,1.4215813094750047,-0.6827885493636131,-0.01925319833389949,0.2,0.021157008,,
,,280000,,,,0.8373000472784042,0.0003,0.1873046875,1360,0.4767360985279083,1.663721803482622,-0.6957373708486557,-0.01722912074183114,0.2,0.029573994,48.45993576049805,35.4
139,2010,280576,38.17,49.6276613,137,,,,,,,,,,,,
139,2024,282624,38.98,49.60862979,138,0.8889711797237396,0.0003,0.172265625,1370,0.38247859477996826,1.5993604714982212,-0.7239204110577703,-0.016324322324362584,0.2,0.023367982,,
139,2039,284672,39.06,50.38660415000001,139,0.8880839720368385,0.0003,0.1818359375,1380,0.24516351521015167,1.6238823062740266,-0.7042950751259923,-0.011865727169788443,0.2,0.024190854,,
139,2055,286720,38.46,50.64054076,140,0.9207153022289276,0.0003,0.175244140625,1390,0.2182013839483261,0.9836043446324766,-0.6800049481913447,-0.013578582830086816,0.2,0.031372305,,
139,2073,288768,36.75,50.540483849999994,141,0.9098357036709785,0.0003,0.20712890625,1400,0.2934013903141022,0.9804138836450875,-0.6997883260250092,-0.014715308047743746,0.2,0.028303085,,
,,290000,,,,0.9271996095776558,0.0003,0.18017578125,1410,0.25995758175849915,0.9018472995609045,-0.6394999247044325,-0.01840309366962174,0.2,0.026886377,49.3742073059082,39.0
139,2090,290816,37.03,51.07551326,142,,,,,,,,,,,,
139,2104,292864,38.5,50.729404220000006,143,0.8756699487566948,0.0003,0.131884765625,1420,0.2906703054904938,1.5596099295653403,-0.6525998349301517,-0.012755404162453488,0.2,0.019010361,,
138,2122,294912,38.73,50.117518200000006,144,0.9315911903977394,0.0003,0.187646484375,1430,0.23176540434360504,0.8619022954255342,-0.7051372660323978,-0.020527522757765836,0.2,0.025177607,,
139,2135,296960,37.86,50.525808609999984,145,0.9109929352998734,0.0003,0.18583984375,1440,0.21098726987838745,0.9878533140756189,-0.677227938733995,-0.016141241828154306,0.2,0.02517322,,
139,2139,299008,37.05,50.948803270000006,146,0.9228315204381943,0.0003,0.168115234375,1450,0.3597898781299591,1.0873011610470713,-0.6586653001606464,-0.01741707646433497,0.2,0.021793906,,
,,300000,,,,0.907481350004673,0.0003,0.163427734375,1460,0.344643235206604,1.201852742396295,-0.6575646990910172,-0.016189862991450355,0.2,0.024381958,48.82890396118164,31.8
140,2143,301056,37.3,50.68338156,147,,,,,,,,,,,,
141,2146,303104,37.45,50.85760404999999,148,0.8189070671796799,0.0003,0.16220703125,1470,0.6642333269119263,2.6042240949347617,-0.6346595435403287,-0.015713931708887685,0.2,0.0183314,,
141,2149,305152,37.11,50.262887260000014,149,0.8859467133879662,0.0003,0.178662109375,1480,0.22896209359169006,1.1330772305838763,-0.6197398499585688,-0.017141465001623148,0.2,0.028556172,,
142,2153,307200,36.81,50.02697490999999,150,0.8765650168061256,0.0003,0.1703125,1490,0.276961088180542,1.3279634352773428,-0.6454688917845488,-0.016191230290860403,0.2,0.025270643,,
143,2156,309248,37.35,50.40641111,151,0.9264765381813049,0.0003,0.191357421875,1500,0.30465373396873474,0.8220079105347395,-0.6533953469246626,-0.016951534500549315,0.2,0.03120529,,
,,310000,,,,0.9107740297913551,0.0003,0.199169921875,1510,0.2762582004070282,1.0394371746107935,-0.66084910556674,-0.015794687226298267,0.2,0.031203628,49.079470825195315,36.6
144,2160,311296,37.69,50.13273432000001,152,,,,,,,,,,,,
144,2163,313344,36.97,50.31452962,153,0.8784322217106819,0.0003,0.157373046875,1520,0.3001984655857086,1.4405066162347793,-0.619636639393866,-0.016214735005632974,0.2,0.025321176,,
145,2166,315392,36.78,50.66356843,154,0.9229125156998634,0.0003,0.180908203125,1530,0.264241486787796,0.9240789593197405,-0.6112022927030921,-0.019947199312446172,0.2,0.02831352,,
146,2170,317440,37.5,50.312020589999996,155,0.8862219229340553,0.0003,0.167626953125,1540,0.3109477758407593,1.2169669577851892,-0.6247934507206082,-0.017665843205031707,0.2,0.01989508,,
146,2173,319488,38.4,50.384404399999994,156,0.8936234936118126,0.0003,0.173486328125,1550,0.5426839590072632,1.2018953346647323,-0.6361522836610675,-0.017116581735899673,0.2,0.02630571,,
,,320000,,,,0.9051658138632774,0.0003,0.160400390625,1560,0.26583418250083923,1.2087131537497044,-0.640868263039738,-0.015529634690028615,0.2,0.019860983,49.906925964355466,34.2
147,2177,321536,38.95,49.97127903999999,157,,,,,,,,,,,,
148,2180,323584,38.89,49.88400992,158,0.8576949387788773,0.0003,0.135693359375,1570,0.7376115918159485,1.754599403589964,-0.6545845057815314,-0.017226919514359906,0.2,0.020199835,,
149,2184,325632,37.89,50.75548409,159,0.8857938125729561,0.0003,0.148876953125,1580,0.31232255697250366,1.3501953903585673,-0.6288554183207452,-0.018004763124190505,0.2,0.020408396,,
149,2187,327680,36.69,51.070967730000014,160,0.9195591062307358,0.0003,0.216162109375,1590,0.21423648297786713,0.8057566806674004,-0.6509891947731375,-0.013761706775403582,0.2,0.03539931,,
150,2190,329728,37.38,50.58125111,161,0.9313278049230576,0.0003,0.2111328125,1600,0.28255215287208557,0.8114962781779468,-0.6492054391652345,-0.01470998824806884,0.2,0.04800562,,
,,330000,,,,0.9272486418485641,0.0003,0.177734375,1610,0.19172212481498718,0.9030538032762706,-0.6571344994008541,-0.017794200277421623,0.2,0.02961874,51.890625,43.2
151,2194,331776,38.53,50.03059855000001,162,,,,,,,,,,,,
151,2198,333824,37.23,50.26248606,163,0.8460373431444168,0.0003,0.158984375,1620,0.46229761838912964,2.01267833635211,-0.6609982207417489,-0.014094547562126535,0.2,0.020639176,,
152,2201,335872,36.93,50.486635199999995,164,0.8852907493710518,0.0003,0.1302734375,1630,0.5646563172340393,1.7327279662713408,-0.6640842072665691,-0.013209954592457506,0.2,0.017816683,,
153,2204,337920,37.11,50.80046703999999,165,0.9123906716704369,0.0003,0.17568359375,1640,0.26341086626052856,1.3249769642017781,-0.6388644760474562,-0.0176796721687424,0.2,0.023226142,,
153,2208,339968,38.25,50.442714450000004,166,0.9134168848395348,0.0003,0.185546875,1650,0.16092267632484436,1.0078479801304638,-0.6147550102323294,-0.016566120751667766,0.2,0.025643967,,
,,340000,,,,0.9069489166140556,0.0003,0.185302734375,1660,0.2338593602180481,0.9487758508883417,-0.6476622382178903,-0.012264085737115238,0.2,0.038683973,52.1724365234375,39.6
154,2211,342016,39.19,49.857023299999994,167,,,,,,,,,,,,
155,2215,344064,38.94,49.26514208999999,168,0.8393437266349792,0.0003,0.1736328125,1670,0.36730796098709106,2.1806629935279487,-0.6429520649835467,-0.016724951547803357,0.2,0.023622513,,
155,2218,346112,39.54,50.320104439999994,169,0.9129990488290787,0.0003,0.20361328125,1680,0.20019866526126862,0.9509007029235363,-0.6409370357170701,-0.019731493457220493,0.2,0.032186825,,
156,2222,348160,38.91,51.17709999999999,170,0.9233010336756706,0.0003,0.21181640625,1690,0.22148871421813965,0.8537117192521692,-0.674412457831204,-0.016097552132850978,0.2,0.03540947,,
,,350000,,,,0.9122467264533043,0.0003,0.209423828125,1700,0.31531623005867004,1.0804039278998971,-0.6791281903162598,-0.014934198699484114,0.2,0.026661552,51.025308990478514,42.0
157,2226,350208,38.65,50.82519246,171,,,,,,,,,,,,
158,2229,352256,37.78,50.66180027999999,172,0.9004054963588715,0.0003,0.180712890625,1710,0.3545178472995758,1.4264954556711018,-0.677075681462884,-0.019855765478860123,0.2,0.02695799,,
158,2232,354304,37.92,50.89935123999999,173,0.8840438798069954,0.0003,0.162646484375,1720,0.3727964758872986,1.3609589133411646,-0.6323038809001446,-0.02000599216480623,0.2,0.021558994,,
159,2236,356352,38.37,51.05040129000001,174,0.9156996235251427,0.0003,0.1830078125,1730,0.23384365439414978,0.9472926829010249,-0.6593998441472649,-0.01688203479425283,0.2,0.027458152,,
160,2239,358400,38.52,50.35055971000003,175,0.9313545227050781,0.0003,0.20673828125,1740,0.21423614025115967,0.8119921567849815,-0.6418149985373021,-0.019682606842252426,0.2,0.032554243,,
,,360000,,,,0.9112724140286446,0.0003,0.19619140625,1750,0.1917857825756073,1.0739873346872628,-0.6578209603205323,-0.014873724866629346,0.2,0.029218964,52.3,39.0
160,2243,360448,38.32,49.82085343,176,,,,,,,,,,,,
161,2246,362496,36.61,49.8421399,177,0.9044637680053711,0.0003,0.1755859375,1760,0.26616597175598145,0.9768995644524694,-0.6365723483264446,-0.01736017076909775,0.2,0.028423544,,
162,2249,364544,37.89,50.432842349999994,178,0.9174244254827499,0.0003,0.16982421875,1770,0.30975010991096497,0.9708748956210911,-0.60909173944965,-0.015842553426045923,0.2,0.02212073,,
162,2253,366592,38.49,51.02628412,179,0.9113980829715729,0.0003,0.15693359375,1780,0.4026371240615845,1.2049818747676908,-0.6596325101330877,-0.01640806169307325,0.2,0.020849817,,
163,2256,368640,36.42,50.58663066,180,0.9200606942176819,0.0003,0.173876953125,1790,0.22995488345623016,0.933243346773088,-0.6236233707517386,-0.018356663027952892,0.2,0.02507662,,
,,370000,,,,0.8792444542050362,0.0003,0.1638671875,1800,0.44486430287361145,1.1930812346749007,-0.6099346747621894,-0.015815923718037084,0.2,0.026531942,52.9103515625,40.8
163,2260,370688,36.88,50.439578950000005,181,,,,,,,,,,,,
164,2263,372736,38.59,50.35125556,182,0.8272523730993271,0.0003,0.1580078125,1810,0.44506579637527466,2.7048515263944863,-0.6231160566210747,-0.014150015877385158,0.2,0.021209229,,
165,2267,374784,38.04,50.14658283000001,183,0.9123240411281586,0.0003,0.2056640625,1820,0.2542344331741333,1.0719752353616059,-0.6521494656801223,-0.018974690110917437,0.2,0.030010963,,
165,2270,376832,37.32,50.813420130000004,184,0.8884580954909325,0.0003,0.16240234375,1830,0.2516298294067383,1.220500146318227,-0.6276720633730293,-0.019527003020630217,0.2,0.020155266,,
166,2274,378880,38.19,50.99025996,185,0.924119845032692,0.0003,0.178759765625,1840,0.5788248181343079,0.9655148698948324,-0.6424665458500385,-0.016622317064320668,0.2,0.02334368,,
,,380000,,,,0.944756381213665,0.0003,0.162841796875,1850,0.18541410565376282,0.7140895576681942,-0.6395876144059003,-0.010217217376339249,0.2,0.021346495,48.558143615722656,31.2
167,2277,380928,38.68,50.99730404000001,186,,,,,,,,,,,,
167,2281,382976,38.62,50.53205790999999,187,0.8695118129253387,0.0003,0.150830078125,1860,0.40975409746170044,2.1158437419682743,-0.676958585716784,-0.015624997032136888,0.2,0.022036767,,
168,2284,385024,37.59,50.48814566,188,0.92063008248806,0.0003,0.182421875,1870,0.3511584997177124,1.0796963652595877,-0.682506587356329,-0.014975005123415031,0.2,0.026056007,,
169,2288,387072,38.07,50.71409188,189,0.9182025194168091,0.0003,0.20693359375,1880,0.16421781480312347,0.8061641966924071,-0.6359244732186198,-0.018121597172284964,0.2,0.027985139,,
169,2291,389120,38.58,50.883085740000006,190,0.9332894459366798,0.0003,0.199853515625,1890,0.18593358993530273,0.7683219702914357,-0.6687141885980964,-0.01593363740539644,0.2,0.03378868,,
,,390000,,,,0.9353667423129082,0.0003,0.185205078125,1900,0.1794988065958023,0.9576233395375311,-0.6611707115545868,-0.011588523005775642,0.2,0.036224198,49.81121826171875,41.4
170,2295,391168,39.52,51.26988860999999,191,,,,,,,,,,,,
171,2298,393216,38.86,51.039047999999994,192,0.9156465977430344,0.0003,0.18525390625,1910,0.16524046659469604,1.1199011168442667,-0.6680017670616507,-0.016504963012994266,0.2,0.02810373,,
171,2302,395264,38.73,50.45840072,193,0.9254439920186996,0.0003,0.1990234375,1920,0.21918132901191711,0.8608179763890803,-0.6364217706024646,-0.019907795297331176,0.2,0.02929926,,
172,2305,397312,39.18,50.40838328999999,194,0.9021401628851891,0.0003,0.2044921875,1930,0.3334466218948364,0.9996743869036436,-0.6676596539095044,-0.018723566791595658,0.2,0.03215782,,
172,2309,399360,38.04,50.691530809999996,195,0.8944215029478073,0.0003,0.161669921875,1940,0.43562325835227966,1.2538102908059954,-0.6322433192282915,-0.016320274835743477,0.2,0.02655413,,
,,400000,,,,0.9378206431865692,0.0003,0.186181640625,1950,0.18845389783382416,0.903790298011154,-0.661752316635102,-0.01691611454298254,0.2,0.02664242,54.73287582397461,43.8
173,2312,401408,38.08,50.827815199999996,196,,,,,,,,,,,,
174,2316,403456,37.81,50.64137197000001,197,0.9172859787940979,0.0003,0.186669921875,1960,0.23767459392547607,1.017253754939884,-0.6729164017364383,-0.020714596936886664,0.2,0.030061904,,
174,2319,405504,38.22,50.70277862,198,0.8874226361513138,0.0003,0.187548828125,1970,0.15680623054504395,1.2554832647554577,-0.6671842332929373,-0.0163579725951422,0.2,0.031101346,,
175,2323,407552,38.58,50.91176273,199,0.9318057298660278,0.0003,0.211669921875,1980,0.26957422494888306,0.7385960414074362,-0.6905774505808949,-0.01815364131471142,0.2,0.03146249,,
176,2326,409600,39.03,51.0125591,200,0.9146139919757843,0.0003,0.18671875,1990,0.31294122338294983,1.1044895796105265,-0.6681416533887387,-0.017843096781871282,0.2,0.027303673,,
,,410000,,,,0.9159700274467468,0.0003,0.21376953125,2000,0.2461855113506317,0.9658830847591162,-0.6743723267689348,-0.019781155921373285,0.2,0.03726272,51.77100143432617,39.6
176,2330,411648,39.76,50.909209940000004,201,,,,,,,,,,,,
177,2333,413696,39.13,50.73859609999999,202,0.8882097229361534,0.0003,0.162158203125,2010,0.33657747507095337,1.2559979644604027,-0.6450649643316865,-0.015391567452752497,0.2,0.025219005,,
177,2337,415744,38.07,50.872707979999994,203,0.9101628288626671,0.0003,0.17392578125,2020,0.3632113039493561,0.8488930790685117,-0.6579697482287884,-0.01768803135928465,0.2,0.033779535,,
178,2340,417792,37.77,51.17563376000001,204,0.916051484644413,0.0003,0.177587890625,2030,0.24504324793815613,0.9421201596036554,-0.6459496051073075,-0.012309488070604857,0.2,0.026581801,,
179,2343,419840,37.38,50.74852063,205,0.9246907234191895,0.0003,0.1611328125,2040,0.46518075466156006,1.0331103641539812,-0.6244922071695328,-0.01653505513968412,0.2,0.028204545,,
,,420000,,,,0.8684922307729721,0.0003,0.1703125,2050,0.3938600718975067,1.5912115369923412,-0.61038862708956,-0.014885165024315939,0.2,0.021069342,48.178192901611325,42.0
179,2347,421888,37.96,50.534227439999995,206,,,,,,,,,,,,
180,2350,423936,37.32,50.92638929999999,207,0.91354900598526,0.0003,0.193896484375,2060,0.21116217970848083,1.0968400264158844,-0.6205063411965966,-0.015228616709646304,0.2,0.027335517,,
180,2354,425984,37.56,51.211182019999995,208,0.9290630370378494,0.0003,0.19990234375,2070,0.20971226692199707,0.6999378724023699,-0.6201079131104053,-0.014854858806938865,0.2,0.0344458,,
181,2357,428032,37.68,50.88905639000001,209,0.9446282722055912,0.0003,0.2072265625,2080,0.12418472766876221,0.6465631444472819,-0.6548426616936922,-0.013861246742453658,0.2,0.035637334,,
,,430000,,,,0.9270613640546799,0.0003,0.1708984375,2090,0.231385737657547,0.7275237157940865,-0.6561087081208825,-0.01982217655677232,0.2,0.027743394,50.91053314208985,37.2
182,2361,430080,37.9,51.342065489999996,210,,,,,,,,,,,,
182,2364,432128,38.29,51.47701777,211,0.9383793286979198,0.0003,0.18984375,2100,0.10244785994291306,0.7391417141072452,-0.6357885664328933,-0.022140605672757375,0.2,0.02728561,,
183,2368,434176,37.47,51.44337987,212,0.9160745516419411,0.0003,0.1849609375,2110,0.24108126759529114,0.9343401794787496,-0.6155610308982432,-0.013492122470051982,0.2,0.029111482,,
183,2371,436224,36.75,50.67408316000001,213,0.9381940737366676,0.0003,0.21572265625,2120,0.16952945291996002,0.6721908862702548,-0.6281960099004209,-0.017881021795619744,0.2,0.041729316,,
184,2374,438272,37.35,50.7244307,214,0.850130096077919,0.0003,0.16474609375,2130,0.6950176954269409,2.061363705247641,-0.6305855186656117,-0.01881127589440439,0.2,0.025893068,,
,,440000,,,,0.9384497664868832,0.0003,0.1697265625,2140,0.3404008150100708,0.8729125922545791,-0.6077510376460851,-0.013334930692872149,0.2,0.02581513,49.86111068725586,31.8
185,2378,440320,37.39,51.41569149000001,215,,,,,,,,,,,,
185,2381,442368,38.02,50.87129678,216,0.9269085079431534,0.0003,0.191259765625,2150,0.2206251323223114,0.8276591150090098,-0.5987938929349184,-0.017810460962937213,0.2,0.030018287,,
186,2385,444416,37.35,50.974706860000005,217,0.9078446626663208,0.0003,0.181640625,2160,0.3767399787902832,1.293574946001172,-0.6132928722538054,-0.014588210188958329,0.2,0.024689343,,
186,2388,446464,37.32,51.03468315,218,0.9060338214039803,0.0003,0.155859375,2170,0.1870824545621872,1.0453973612748086,-0.5787295333109796,-0.012143314132117666,0.2,0.022162804,,
187,2392,448512,36.81,50.685274879999994,219,0.9166754707694054,0.0003,0.171875,2180,0.25247952342033386,0.9700636876747012,-0.6284094631671906,-0.018757777177961545,0.2,0.03082323,,
,,450000,,,,0.8809729218482971,0.0003,0.17783203125,2190,0.43143001198768616,1.2873746419325471,-0.6381968449801206,-0.017773085528460797,0.2,0.026771072,51.74662704467774,35.4
188,2395,450560,38.41,50.65877055000001,220,,,,,,,,,,,,
188,2399,452608,38.5,51.06281967999999,221,0.937825508415699,0.0003,0.19970703125,2200,0.27560552954673767,0.8192749683745205,-0.6486147232353687,-0.010853421749197878,0.2,0.028439412,,
189,2402,454656,37.62,51.01492199000001,222,0.9189344197511673,0.0003,0.178173828125,2210,0.2781440019607544,1.0147993606515229,-0.6316004610620439,-0.022582424963184168,0.2,0.025046838,,
189,2406,456704,37.53,50.58590241000001,223,0.9449796415865421,0.0003,0.19267578125,2220,0.2957676649093628,0.6535504815168679,-0.6238122346810997,-0.012199244128714782,0.2,0.03656542,,
190,2409,458752,38.4,50.81664285,224,0.9243790060281754,0.0003,0.152099609375,2230,0.29419952630996704,0.8692351185716689,-0.5991147195920348,-0.014636890190013218,0.2,0.020611942,,
,,460000,,,,0.9279844686388969,0.0003,0.195458984375,2240,0.252170205116272,1.0661433800123632,-0.6381973657757044,-0.014036726595077199,0.2,0.03218981,50.175595092773435,39.0
190,2413,460800,39.16,51.14251735999999,225,,,,,,,,,,,,
191,2416,462848,38.08,50.90959744999999,226,0.9304074347019196,0.0003,0.190869140625,2250,0.15221412479877472,0.8883293122984469,-0.6082190610468388,-0.012610914248216431,0.2,0.035171296,,
192,2420,464896,38.82,51.02560638,227,0.9086550772190094,0.0003,0.163232421875,2260,0.22572816908359528,0.8885340011678636,-0.5949423198588193,-0.016544533746491653,0.2,0.027528534,,
192,2423,466944,37.89,51.21128705000001,228,0.9267131984233856,0.0003,0.1662109375,2270,0.20371073484420776,0.9517887802794576,-0.6145013973116875,-0.014299288293113933,0.2,0.025352683,,
193,2426,468992,37.38,51.107636389999996,229,0.9334186017513275,0.0003,0.165283203125,2280,0.22932730615139008,0.7192896420601755,-0.5943806105293333,-0.016929890034953134,0.2,0.022407856,,
,,470000,,,,0.9373280853033066,0.0003,0.143896484375,2290,0.5566554069519043,0.9610524190589785,-0.5989573849365115,-0.01367638513474958,0.2,0.01711009,51.73755416870117,38.4
193,2430,471040,38.53,50.889831839999985,230,,,,,,,,,,,,
194,2433,473088,39.19,50.25326813000001,231,0.9101524725556374,0.0003,0.181201171875,2300,0.1512102335691452,0.9867103678174317,-0.6033889818936586,-0.01630312623165082,0.2,0.03347735,,
194,2438,475136,38.13,50.4624101,232,0.9215682148933411,0.0003,0.196728515625,2310,0.1673564612865448,0.8692902727983892,-0.5911884722299874,-0.013980387429182884,0.2,0.03430615,,
194,2455,477184,36.75,51.093113589999994,233,0.9160400703549385,0.0003,0.194970703125,2320,0.34019893407821655,0.8489692310802639,-0.5919350237585604,-0.010425874424981885,0.2,0.04367532,,
194,2467,479232,36.18,51.280101430000016,234,0.9220451265573502,0.0003,0.165087890625,2330,0.16985133290290833,0.8305002425797283,-0.5723551630042494,-0.01753898924944224,0.2,0.029468412,,
,,480000,,,,0.9570364914834499,0.0003,0.198779296875,2340,0.14686372876167297,0.45122224893420937,-0.5714550341479481,-0.010436918144841911,0.2,0.041009627,50.54606323242187,39.0
193,2482,481280,36.55,51.30380164000001,235,,,,,,,,,,,,
193,2498,483328,38.05,50.79834706999999,236,0.9329139664769173,0.0003,0.166162109375,2350,0.12590163946151733,0.8223956446163356,-0.6081420653499663,-0.013608069530164357,0.2,0.023058452,,
193,2513,485376,38.19,51.03661657000001,237,0.9425442516803741,0.0003,0.177392578125,2360,0.28143495321273804,0.7188125043176115,-0.6262340006418526,-0.013698445950285531,0.2,0.03445898,,
192,2530,487424,38.31,50.842200760000004,238,0.9399456717073917,0.0003,0.20478515625,2370,0.29638075828552246,0.6849018532782793,-0.5975165924988687,-0.018965985425165855,0.2,0.034510054,,
192,2544,489472,39.24,50.238007020000005,239,0.9163474962115288,0.0003,0.1716796875,2380,0.27211910486221313,0.9361085462383926,-0.6328094573691487,-0.017182975979812908,0.2,0.02589273,,
,,490000,,,,0.9218519777059555,0.0003,0.185888671875,2390,0.2164991796016693,1.0090708130039274,-0.6437309108674526,-0.01936202013894217,0.2,0.022287242,50.726114654541014,36.6
192,2558,491520,39.34,50.80663099,240,,,,,,,,,,,,
192,2569,493568,38.23,50.45499958000001,241,0.9023676961660385,0.0003,0.1490234375,2400,0.38325417041778564,1.6577459630556404,-0.625331755168736,-0.013371761517191771,0.2,0.017360222,,
191,2587,495616,38.4,50.626018370000004,242,0.8806324675679207,0.0003,0.1591796875,2410,0.206863671541214,1.0723459418863057,-0.607098666857928,-0.01453856406151317,0.2,0.024062512,,
191,2599,497664,37.74,50.999118409999994,243,0.9344764947891235,0.0003,0.1947265625,2420,0.22577878832817078,0.7913729215040803,-0.6001443182118237,-0.01517802189628128,0.2,0.03674614,,
190,2617,499712,37.62,51.107584800000005,244,0.9376719519495964,0.0003,0.192041015625,2430,0.22149154543876648,0.7016503906343132,-0.6009048893116414,-0.017089693156594876,0.2,0.023731012,,
,,500000,,,,0.9442435130476952,0.0003,0.17861328125,2440,0.24461013078689575,0.7471435341052711,-0.5923228490166366,-0.014047308343288023,0.2,0.024327794,51.282006072998044,39.0
190,2631,501760,38.23,50.86594249000001,245,,,,,,,,,,,,
190,2647,503808,37.41,50.657024129999996,246,0.8969141319394112,0.0003,0.161376953125,2450,0.44084620475769043,1.47507618740201,-0.625086072832346,-0.013829067317419685,0.2,0.02387223,,
190,2659,505856,37.59,51.25690811,247,0.8810613080859184,0.0003,0.163818359375,2460,0.3017139434814453,1.3755814381875098,-0.6201442210003734,-0.0173291610495653,0.2,0.022070061,,
189,2673,507904,38.13,51.3395723,248,0.943283449858427,0.0003,0.19599609375,2470,0.2142222821712494,0.6598196404986083,-0.5998920815065503,-0.014690525723563042,0.2,0.028571337,,
189,2685,509952,37.32,50.9371701,249,0.9232097864151001,0.0003,0.168310546875,2480,0.2882348299026489,1.1070287615060805,-0.6024826002307236,-0.015741261576476973,0.2,0.036116857,,
,,510000,,,,0.9203036800026894,0.0003,0.18955078125,2490,0.16995306313037872,0.9578542857430875,-0.6141546698287129,-0.017779875738779084,0.2,0.035031382,51.84465866088867,42.0
189,2699,512000,37.99,50.483754999999995,250,,,,,,,,,,,,
189,2713,514048,38.73,50.74497025000001,251,0.8912436589598656,0.0003,0.1865234375,2500,0.3185178339481354,1.276920357439667,-0.6315413096919655,-0.013019965113198851,0.2,0.025570419,,
189,2727,516096,38.52,51.313374350000004,252,0.926013894379139,0.0003,0.187646484375,2510,0.17570069432258606,0.9545960946008563,-0.6286741234362125,-0.019432572336518204,0.2,0.027377203,,
188,2741,518144,37.59,50.72585504999999,253,0.9350037053227425,0.0003,0.18876953125,2520,0.24472340941429138,0.8727440351620317,-0.6133305535651743,-0.01392751728562871,0.2,0.028564366,,
,,520000,,,,0.9169262871146202,0.0003,0.196044921875,2530,0.13689802587032318,0.9488409083336592,-0.6103445417247713,-0.01479436780209653,0.2,0.037651088,52.80520858764648,36.0
188,2755,520192,37.9,50.65986620999999,254,,,,,,,,,,,,
188,2769,522240,37.54,51.49623488,255,0.9215182736515999,0.0003,0.170556640625,2540,0.23102399706840515,1.198759749531746,-0.6225362304598093,-0.010714102505880873,0.2,0.02965929,,
188,2783,524288,37.29,51.18159803,256,0.9321133196353912,0.0003,0.210595703125,2550,0.12169638276100159,0.6820931990165263,-0.6176716212183238,-0.015722027680021712,0.2,0.026732737,,
188,2795,526336,37.86,50.73981624999998,257,0.9397377818822861,0.0003,0.218212890625,2560,0.21055486798286438,0.6563924702815711,-0.601316277962178,-0.009952294706454267,0.2,0.044265494,,
187,2811,528384,37.95,51.051199610000005,258,0.9307602569460869,0.0003,0.15625,2570,0.2225884199142456,0.8549907251261175,-0.582751654740423,-0.01699658782890765,0.2,0.026185963,,
,,530000,,,,0.9453926309943199,0.0003,0.168310546875,2580,0.14512231945991516,0.6538611249532551,-0.5570700296200812,-0.016635350399883463,0.2,0.03293638,47.40544815063477,37.2
187,2825,530432,38.29,51.12444668999999,259,,,,,,,,,,,,
187,2836,532480,37.81,51.414131050000016,260,0.9344951808452606,0.0003,0.184521484375,2590,0.30653440952301025,0.7851353041362017,-0.5644305115565658,-0.009081336790404747,0.2,0.027595982,,
187,2850,534528,37.56,51.24101425,261,0.9412307217717171,0.0003,0.17412109375,2600,0.17520928382873535,0.7640179959591478,-0.5654722125269472,-0.01274216109959525,0.2,0.026625074,,
187,2864,536576,37.47,50.96105784999998,262,0.9187941998243332,0.0003,0.1828125,2610,0.1065591499209404,0.6884893750306219,-0.582358016539365,-0.013281446672044695,0.2,0.031584732,,
187,2879,538624,37.14,51.08389813000001,263,0.9362759664654732,0.0003,0.1642578125,2620,0.17782482504844666,0.6667752119712531,-0.5863197537139058,-0.016182426338491495,0.2,0.023618005,,
,,540000,,,,0.9105169102549553,0.0003,0.1873046875,2630,0.20182912051677704,0.9267941839061677,-0.6042530887760222,-0.014826817082212073,0.2,0.028130181,50.215936279296876,40.8
186,2895,540672,39.19,50.57969348,264,,,,,,,,,,,,
186,2909,542720,39.01,51.36888596000001,265,0.9266089871525764,0.0003,0.18974609375,2640,0.2148352712392807,0.9101418722420931,-0.6416533913463354,-0.018917811775463634,0.2,0.027009396,,
186,2919,544768,38.37,51.59682173000001,266,0.9363416954874992,0.0003,0.166015625,2650,0.17964640259742737,0.9094275402836501,-0.6089302277192473,-0.02103119666717248,0.2,0.026438136,,
186,2937,546816,38.88,51.80029942000001,267,0.9457841217517853,0.0003,0.17451171875,2660,0.1851387321949005,0.75678296899423,-0.6049623227678239,-0.014214470173465088,0.2,0.026646659,,
185,2953,548864,37.98,51.8801673,268,0.9504631496965885,0.0003,0.190673828125,2670,0.2252330631017685,0.6213802124373615,-0.5948929116129875,-0.01564562839048449,0.2,0.03272304,,
,,550000,,,,0.8789592236280441,0.0003,0.163671875,2680,0.5271825790405273,1.0830251788720489,-0.5933030234649778,-0.016366901144101574,0.2,0.024418391,51.48008270263672,39.0
185,2967,550912,38.14,51.543722729999985,269,,,,,,,,,,,,
185,2982,552960,37.96,51.42206329,270,0.9445744045078754,0.0003,0.1564453125,2690,0.15312018990516663,0.8079104789532721,-0.5770283394493163,-0.015537299728021026,0.2,0.02067982,,
185,2996,555008,37.23,51.42833111999998,271,0.9383187815546989,0.0003,0.19765625,2700,0.14499984681606293,0.674924185173586,-0.604270501062274,-0.014894599457329604,0.2,0.031922705,,
184,3011,557056,37.8,51.92430327000001,272,0.9408623464405537,0.0003,0.196875,2710,0.21402162313461304,0.7616682627238334,-0.5806085306219757,-0.015896840376080947,0.2,0.03127869,,
185,3022,559104,37.71,51.04184376999999,273,0.9566970579326153,0.0003,0.20029296875,2720,0.09270653128623962,0.4975962630007416,-0.597077958099544,-0.015786099243268837,0.2,0.030928299,,
,,560000,,,,0.9274792373180389,0.0003,0.157666015625,2730,0.19492442905902863,0.8321027349680662,-0.6221813330426812,-0.019805106513376813,0.2,0.027227627,51.37064971923828,38.4
184,3036,561152,37.51,50.90832008,274,,,,,,,,,,,,
184,3050,563200,37.57,51.34807413000001,275,0.9423966780304909,0.0003,0.198046875,2740,0.24026644229888916,0.6868499568663538,-0.6311890868470073,-0.014617876899137627,0.2,0.024837174,,
184,3068,565248,38.19,51.09635926000001,276,0.9551891349256039,0.0003,0.19970703125,2750,0.13891258835792542,0.5962992407847196,-0.6555210677906871,-0.015813515789341183,0.2,0.027464636,,
183,3085,567296,38.82,51.04018354,277,0.9272646978497505,0.0003,0.15732421875,2760,0.21824248135089874,0.7991514413617551,-0.6405337573960423,-0.014521247051015962,0.2,0.02149004,,
183,3096,569344,38.46,50.889441969999986,278,0.9516275338828564,0.0003,0.188037109375,2770,0.1387394219636917,0.6502959475386888,-0.6640307189896703,-0.01660532417881768,0.2,0.025510475,,
,,570000,,,,0.9356797710061073,0.0003,0.182421875,2780,0.15956981480121613,0.7147972668055445,-0.6452837485820055,-0.017699227685807273,0.2,0.045228727,51.27445068359375,41.4
183,3111,571392,38.2,50.97004510000001,279,,,,,,,,,,,,
183,3125,573440,38.65,51.08270722999999,280,0.9047615379095078,0.0003,0.167041015625,2790,0.8063071370124817,1.1289436145685614,-0.6607789872214198,-0.018335787396063098,0.2,0.023753002,,
183,3136,575488,39.12,51.44384193999999,281,0.9475912265479565,0.0003,0.198193359375,2800,0.16847707331180573,0.6709926811046898,-0.6537493836134672,-0.01614053299999796,0.2,0.027354004,,
183,3151,577536,37.5,51.01375919,282,0.9561417698860168,0.0003,0.22626953125,2810,0.16782675683498383,0.4839621556457132,-0.6716095454990864,-0.01795798751991242,0.2,0.042071458,,
183,3165,579584,36.57,50.614002549999995,283,0.9201295152306557,0.0003,0.223974609375,2820,0.1625414341688156,0.7358442671131342,-0.6499239752069116,-0.018460310365480837,0.2,0.033810545,,
,,580000,,,,0.8703364431858063,0.0003,0.164990234375,2830,0.1371036171913147,1.2361017615534364,-0.6295529704540967,-0.015091265270893928,0.2,0.02831195,51.53625564575195,39.6
182,3179,581632,37.24,50.18853077,284,,,,,,,,,,,,
182,3194,583680,37.27,50.84287682,285,0.8768680840730667,0.0003,0.18671875,2840,0.5600272417068481,1.5758372951298951,-0.6629982681944966,-0.015917541239468848,0.2,0.03346572,,
182,3207,585728,37.32,51.30599175999999,286,0.9006829559803009,0.0003,0.1720703125,2850,0.2822203040122986,0.8788040032144636,-0.6571652516722679,-0.018143056586995953,0.2,0.029712163,,
182,3225,587776,37.08,51.162915219999995,287,0.9184036403894424,0.0003,0.18134765625,2860,0.2640528082847595,0.9125162195414305,-0.6316928495652974,-0.017301480579772033,0.2,0.025810141,,
182,3237,589824,36.78,51.23034868,288,0.8935878947377205,0.0003,0.184716796875,2870,0.1974601149559021,1.0147607713937759,-0.6379616108722985,-0.0207970815259614,0.2,0.028563358,,
,,590000,,,,0.9268515035510063,0.0003,0.17265625,2880,0.2669731676578522,0.9276560675352812,-0.6239849664270878,-0.010155339978518895,0.2,0.022906862,51.21058883666992,35.4
182,3249,591872,37.72,51.67017821,289,,,,,,,,,,,,
181,3263,593920,38.04,51.419765800000015,290,0.9219569340348244,0.0003,0.19853515625,2890,0.2539594769477844,0.9344978571869433,-0.6468632081523538,-0.01665078377991449,0.2,0.028236035,,
181,3281,595968,38.46,51.38790246999999,291,0.9206403121352196,0.0003,0.19990234375,2900,0.22392380237579346,0.8473917949013412,-0.6327864164486527,-0.017357711850490887,0.2,0.027912758,,
181,3299,598016,38.97,50.93026322,292,0.9347991496324539,0.0003,0.19892578125,2910,0.2519703805446625,0.7863047564402222,-0.634371287561953,-0.017778087490296458,0.2,0.032324634,,
,,600000,,,,0.9032107889652252,0.0003,0.20439453125,2920,0.1861790120601654,0.9971360197290778,-0.6497625910677016,-0.017628614851855674,0.2,0.029033199,51.09251022338867,38.4
180,3317,600064,38.17,51.35213134000001,293,,,,,,,,,,,,
180,3334,602112,37.69,51.277528440000005,294,0.942125927656889,0.0003,0.23134765625,2930,0.1953718662261963,0.7439415636938065,-0.6541521575301885,-0.016680823331989815,0.2,0.043074585,,
180,3348,604160,38.43,50.89979965,295,0.9399189241230488,0.0003,0.19970703125,2940,0.24169379472732544,0.7114182270132006,-0.6645064178854228,-0.015358498609566595,0.2,0.031212008,,
180,3362,606208,37.26,51.24586247,296,0.9282860606908798,0.0003,0.203369140625,2950,0.29139700531959534,0.9113405355252325,-0.6469037845730782,-0.010712381912890123,0.2,0.04664711,,
180,3376,608256,37.14,51.53204640999999,297,0.9427040666341782,0.0003,0.20517578125,2960,0.19442477822303772,0.7289291403256357,-0.6217992758378387,-0.0135919910564553,0.2,0.024094794,,
,,610000,,,,0.9217212125658989,0.0003,0.225146484375,2970,0.25745970010757446,0.9211661401670426,-0.6496692776679993,-0.019116720560123212,0.2,0.041793153,49.04786682128906,36.0
179,3394,610304,37.78,51.12678175999999,298,,,,,,,,,,,,
179,3406,612352,37.93,50.94550783999999,299,0.9279313534498215,0.0003,0.16787109375,2980,0.29245680570602417,0.9479085301049054,-0.6242424016818404,-0.01568731454317458,0.2,0.025377084,,
179,3416,614400,37.29,51.65021965,300,0.9390192814171314,0.0003,0.185546875,2990,0.20491169393062592,0.7414122228510678,-0.6226529151201248,-0.017585375942871906,0.2,0.02939923,,
179,3431,616448,37.56,51.62059482999999,301,0.9504553377628326,0.0003,0.196923828125,3000,0.15670998394489288,0.5845705970656127,-0.6320345063693822,-0.010632485340465792,0.2,0.035233706,,
179,3447,618496,38.46,51.881222140000006,302,0.9454738944768906,0.0003,0.185546875,3010,0.3891346752643585,0.9040425066836179,-0.6308147454634309,-0.02154084741923725,0.2,0.025298703,,
,,620000,,,,0.9589756317436695,0.0003,0.201416015625,3020,0.1076582819223404,0.6214649838395416,-0.5939048895612359,-0.018791220600542148,0.2,0.037394427,52.22020263671875,34.2
179,3460,620544,38.86,51.61601478000001,303,,,,,,,,,,,,
179,3478,622592,38.5,51.62805323,304,0.9395669810473919,0.0003,0.20615234375,3030,0.08452307432889938,0.6106074463110417,-0.6113419614732265,-0.01714903150423197,0.2,0.03687406,,
178,3492,624640,36.96,51.11540891,305,0.9434421323239803,0.0003,0.178369140625,3040,0.11194279789924622,0.6177001671865583,-0.5935711761936545,-0.016437554720323534,0.2,0.024078064,,
178,3506,626688,37.08,51.016541030000006,306,0.9434715174138546,0.0003,0.199462890625,3050,0.09905912727117538,0.612274972954765,-0.5877124201506376,-0.024264681171189295,0.2,0.04011735,,
178,3520,628736,37.26,51.14220771,307,0.9357113912701607,0.0003,0.19775390625,3060,0.2505485713481903,0.6818608119152486,-0.628581904899329,-0.015025051460543181,0.2,0.032606877,,
,,630000,,,,0.9316473081707954,0.0003,0.212548828125,3070,0.10916247963905334,0.7621773227583617,-0.6145049851387739,-0.02043284006649628,0.2,0.032043584,52.10524444580078,36.0
178,3535,630784,37.81,50.58813609,308,,,,,,,,,,,,
178,3545,632832,37.24,50.477794610000004,309,0.9294119775295258,0.0003,0.171337890625,3080,0.2581905126571655,0.8971640941686928,-0.6048957993276417,-0.01589172672247514,0.2,0.019528959,,
178,3559,634880,37.23,51.21907666999999,310,0.9099398851394653,0.0003,0.183447265625,3090,0.25093498826026917,0.9934056241996586,-0.6005594067275524,-0.01783592960855458,0.2,0.034917347,,
178,3573,636928,36.84,51.07669556,311,0.9466518834233284,0.0003,0.2046875,3100,0.2499043047428131,0.6867611014749855,-0.5972714337520302,-0.012664843471429776,0.2,0.040255707,,
178,3587,638976,36.72,51.11192997000001,312,0.9243232011795044,0.0003,0.165771484375,3110,0.3054048418998718,0.9574672209098936,-0.5935935511253774,-0.014860040288476739,0.2,0.027689993,,
,,640000,,,,0.914223775267601,0.0003,0.16181640625,3120,0.290594220161438,0.8402736727148294,-0.5940497926436364,-0.010553461585368495,0.2,0.03141272,50.00409164428711,36.0
178,3598,641024,37.81,51.55857152000002,313,,,,,,,,,,,,
177,3615,643072,38.02,51.258201639999996,314,0.9408525004982948,0.0003,0.196923828125,3130,0.3245048522949219,0.7989544129930437,-0.6240529298782349,-0.01630442258756375,0.2,0.030147374,,
177,3627,645120,37.41,51.18229492000001,315,0.9370107874274254,0.0003,0.206396484375,3140,0.15552954375743866,0.683937706798315,-0.6053815401159227,-0.011093214421998709,0.2,0.03218611,,
177,3639,647168,37.62,51.09159095,316,0.9474570527672768,0.0003,0.204931640625,3150,0.13824009895324707,0.5900328049901873,-0.6037520756013691,-0.018214779227855617,0.2,0.036158554,,
177,3653,649216,37.77,51.18160299999999,317,0.9411536194384098,0.0003,0.208740234375,3160,0.15845584869384766,0.6192044077441097,-0.5987615124322474,-0.019814281685103196,0.2,0.036813717,,
,,650000,,,,0.9234930798411369,0.0003,0.238037109375,3170,0.19626638293266296,0.6878540952224285,-0.6168926449492573,-0.020651806941896212,0.2,0.049241908,51.32604141235352,36.0
177,3668,651264,38.68,51.230265,318,,,,,,,,,,,,
177,3682,653312,39.13,50.94441583,319,0.8711469918489456,0.0003,0.17314453125,3180,1.7572402954101562,2.207205478288233,-0.6187968933954835,-0.013296257659385446,0.2,0.028924452,,
177,3696,655360,38.7,51.029252969999995,320,0.9041956290602684,0.0003,0.157568359375,3190,0.3319965898990631,1.3771787591278553,-0.6228167493827641,-0.017515417774848174,0.2,0.024526214,,
177,3706,657408,38.22,51.10985266000001,321,0.9357376992702484,0.0003,0.223583984375,3200,0.5788391828536987,0.8247038480825722,-0.6565487088635564,-0.01015142225805903,0.2,0.030832581,,
177,3721,659456,38.64,51.30995154,322,0.9238449409604073,0.0003,0.197119140625,3210,0.20053687691688538,0.9198405712842941,-0.6555104032158852,-0.0136640248245385,0.2,0.029812109,,
,,660000,,,,0.9440578781068325,0.0003,0.177783203125,3220,0.2285851389169693,0.6897046422585845,-0.6633551163598895,-0.013974823070020648,0.2,0.023218114,49.454166412353516,36.0
176,3737,661504,38.38,51.43835442999999,323,,,,,,,,,,,,
177,3748,663552,37.45,50.98591631,324,0.9161373823881149,0.0003,0.1916015625,3230,0.2161845862865448,1.182906453870237,-0.6621586386114359,-0.020924085438309703,0.2,0.025749851,,
176,3763,665600,38.19,50.96250704999999,325,0.9192887768149376,0.0003,0.181787109375,3240,0.44707489013671875,1.0802249583415686,-0.6572137731127441,-0.020323230521171354,0.2,0.031270694,,
176,3774,667648,38.79,50.88167918,326,0.9374180659651756,0.0003,0.18583984375,3250,0.172456294298172,0.689176312321797,-0.6653155244886875,-0.01615234196506208,0.2,0.03161627,,
176,3792,669696,37.77,50.727768499999996,327,0.9066206067800522,0.0003,0.197412109375,3260,0.20006915926933289,0.870617107860744,-0.6481115022674203,-0.019023287075106053,0.2,0.026808428,,
,,670000,,,,0.9221114665269852,0.0003,0.189404296875,3270,0.2705581784248352,1.150400043465197,-0.6386656302958726,-0.016943344022729435,0.2,0.02398653,51.83553924560547,34.8
176,3808,671744,37.69,50.75094189999999,328,,,,,,,,,,,,
176,3821,673792,38.44,51.1468693,329,0.9212260320782661,0.0003,0.17158203125,3280,0.7026313543319702,1.1526589008048176,-0.6431210042908788,-0.01899523516331101,0.2,0.025581516,,
176,3837,675840,38.1,51.16069152000001,330,0.943739153444767,0.0003,0.179541015625,3290,0.25093504786491394,0.8034605896100402,-0.6464869329705835,-0.016980410343967377,0.2,0.027494278,,
175,3852,677888,38.28,51.2056759,331,0.9181293174624443,0.0003,0.184423828125,3300,0.2659554183483124,0.8775679051876069,-0.6251773451454937,-0.013490164153336082,0.2,0.041712284,,
175,3869,679936,38.31,51.82089751,332,0.9408220648765564,0.0003,0.198583984375,3310,0.14291536808013916,0.8278150000609458,-0.64423444326967,-0.011337318857840728,0.2,0.024512904,,
,,680000,,,,0.9431921243667603,0.0003,0.23369140625,3320,0.20114222168922424,0.5329651173204184,-0.6509250773116946,-0.019933699120156235,0.2,0.04056653,52.41506423950195,36.6
175,3882,681984,38.2,51.62714801999999,333,,,,,,,,,,,,
175,3893,684032,37.29,50.90780084,334,0.928790956735611,0.0003,0.196337890625,3330,0.46768805384635925,0.993080451991409,-0.634155604429543,-0.011649034055881202,0.2,0.025049966,,
175,3910,686080,36.81,51.27026575000001,335,0.9121609926223755,0.0003,0.194677734375,3340,0.2729560136795044,0.901995892636478,-0.6033295725472272,-0.019654960207117256,0.2,0.02672588,,
175,3925,688128,38.31,51.77300659,336,0.9488718174397945,0.0003,0.198095703125,3350,0.18610915541648865,0.61639393591322,-0.6213185258209706,-0.01687801333173411,0.2,0.031119859,,
,,690000,,,,0.9506974890828133,0.0003,0.18134765625,3360,0.11831117421388626,0.7247734692879021,-0.6436072506010533,-0.017130922386422755,0.2,0.035977513,51.87614517211914,42.0
175,3940,690176,38.95,51.58961751999999,337,,,,,,,,,,,,
175,3954,692224,38.05,51.355455039999995,338,0.9191393703222275,0.0003,0.18603515625,3370,0.3754098117351532,0.9034353022463619,-0.6361005556769669,-0.017933808431553188,0.2,0.031747498,,
175,3965,694272,37.17,51.05675332,339,0.9433342628180981,0.0003,0.20703125,3380,0.22972539067268372,0.663631486473605,-0.6352575417608023,-0.018306943099014462,0.2,0.030541336,,
175,3976,696320,38.07,51.26266598000001,340,0.9199025109410286,0.0003,0.182373046875,3390,0.11433731019496918,0.7006884385365992,-0.6158161288127303,-0.016731723297561986,0.2,0.029968297,,
174,3990,698368,38.22,51.15030302,341,0.9503746852278709,0.0003,0.184033203125,3400,0.08650211989879608,0.6529301257804037,-0.6315701808780432,-0.017991210902982856,0.2,0.027006246,,
,,700000,,,,0.9205728322267532,0.0003,0.178271484375,3410,0.23614346981048584,1.0548591441474855,-0.6068899504840374,-0.022188505288795568,0.2,0.030917954,52.12153625488281,38.4
174,4009,700416,37.66,51.854999340000006,342,,,,,,,,,,,,
174,4023,702464,38.26,51.45930834000001,343,0.9287049099802971,0.0003,0.191845703125,3420,0.22881798446178436,0.9191599085461348,-0.5978698774240911,-0.013727212288358714,0.2,0.027121961,,
174,4037,704512,38.04,50.87746944,344,0.9260998889803886,0.0003,0.18427734375,3430,0.18168652057647705,0.8756127464585006,-0.6126265131868422,-0.016078973621188198,0.2,0.03186611,,
174,4052,706560,37.77,51.67892149999999,345,0.9304987862706184,0.0003,0.205517578125,3440,0.2117399275302887,0.8136073842644691,-0.5963434507139027,-0.008172874976298771,0.2,0.034012243,,
174,4065,708608,37.32,51.26108693000001,346,0.9553458094596863,0.0003,0.21318359375,3450,0.24108801782131195,0.702168511133641,-0.5875030511058867,-0.017207168546156025,0.2,0.04014092,,
,,710000,,,,0.9106859713792801,0.0003,0.18818359375,3460,0.3268543779850006,1.2839465404860675,-0.620186788123101,-0.019411314128956293,0.2,0.024573661,51.14903869628906,35.4
174,4075,710656,37.18,51.261184279999995,347,,,,,,,,,,,,
174,4086,712704,36.52,50.85737368,348,0.9180964380502701,0.0003,0.2166015625,3470,0.14838650822639465,1.0180574629455805,-0.6277006925083697,-0.01796126315894071,0.2,0.03243997,,
174,4103,714752,36.06,50.6623232,349,0.8945510312914848,0.0003,0.183056640625,3480,0.3970992863178253,1.426038024853915,-0.6036162258125841,-0.016806258662836627,0.2,0.028824795,,
174,4119,716800,38.34,51.58672732,350,0.8841430395841599,0.0003,0.136376953125,3490,0.22947056591510773,1.3423063778318465,-0.5888003352098167,-0.015750387708249037,0.2,0.020286215,,
173,4134,718848,37.95,51.99599407999999,351,0.9432664811611176,0.0003,0.197216796875,3500,0.35975563526153564,0.6868646419607103,-0.5972077330574393,-0.012981559592299163,0.2,0.034436014,,
,,720000,,,,0.9358009323477745,0.0003,0.18369140625,3510,0.1409810334444046,0.8058229593094438,-0.5905123653821647,-0.014748141651216429,0.2,0.034198947,48.540277099609376,34.8
173,4149,720896,37.45,50.96153690000002,352,,,,,,,,,,,,
173,4163,722944,36.76,50.86192185000001,353,0.9120011776685715,0.0003,0.17724609375,3520,0.3969760239124298,1.0952490514144302,-0.5938673820346594,-0.019371595294796862,0.2,0.027778817,,
173,4177,724992,37.29,51.658814789999994,354,0.8888034224510193,0.0003,0.183984375,3530,0.37430185079574585,1.036370790284127,-0.6019639029167593,-0.02172226105176378,0.2,0.022455934,,
173,4191,727040,37.98,51.52399961000001,355,0.9505846612155437,0.0003,0.2087890625,3540,0.2957516014575958,0.7598003497347235,-0.5995788087137044,-0.011516866278543602,0.2,0.03246554,,
173,4205,729088,37.53,51.29455925,356,0.9265509024262428,0.0003,0.174609375,3550,0.25997766852378845,1.0061318618245423,-0.5661319154314697,-0.01602505565242609,0.2,0.034816734,,
,,730000,,,,0.9443990290164948,0.0003,0.1841796875,3560,0.19598501920700073,0.7468261706642807,-0.5778739183209837,-0.018073809240740958,0.2,0.031316206,51.052565002441405,37.8
173,4218,731136,37.39,51.12372583000001,357,,,,,,,,,,,,
173,4233,733184,37.24,50.956305979999996,358,0.9060739427804947,0.0003,0.179248046875,3570,0.2617660164833069,1.15929098110646,-0.5726406157016755,-0.01674606799497269,0.2,0.03191883,,
173,4248,735232,37.98,51.23298143,359,0.9253190979361534,0.0003,0.187939453125,3580,0.37209534645080566,1.2505659179762005,-0.5706363048404455,-0.016326217030291447,0.2,0.026397195,,
172,4264,737280,39.3,51.331239729999986,360,0.9330714046955109,0.0003,0.182666015625,3590,0.23573783040046692,0.8761046274565161,-0.5545800217427314,-0.01492134458385408,0.2,0.03454975,,
172,4278,739328,39.09,51.67319246,361,0.9226739481091499,0.0003,0.17626953125,3600,0.3715466260910034,1.1730008382350205,-0.5528554450720549,-0.018542685877764597,0.2,0.030590449,,
,,740000,,,,0.9379385709762573,0.0003,0.196240234375,3610,0.23721683025360107,0.6857511515263468,-0.5633144257590175,-0.01108283906505676,0.2,0.030321643,53.88811264038086,34.8
172,4294,741376,38.5,51.76802068999999,362,,,,,,,,,,,,
172,4308,743424,36.85,51.34731491999999,363,0.9139997288584709,0.0003,0.179931640625,3620,0.514872670173645,1.1086748633533716,-0.5453148305416107,-0.015690586388518567,0.2,0.02912411,,
172,4323,745472,36.45,50.859310090000015,364,0.9326974004507065,0.0003,0.1982421875,3630,0.1565650850534439,0.728784073702991,-0.5295346004888415,-0.016612672523478977,0.2,0.039954983,,
172,4341,747520,36.96,51.01235352,365,0.9273780509829521,0.0003,0.16083984375,3640,0.1935386061668396,0.8777383827604354,-0.5474571095779538,-0.016767934265953955,0.2,0.026416257,,
172,4355,749568,37.56,51.32280776000002,366,0.9394131675362587,0.0003,0.198974609375,3650,0.19226622581481934,0.6620978916995227,-0.5334933264181018,-0.015173180216515902,0.2,0.044175945,,
,,750000,,,,0.9293144047260284,0.0003,0.190625,3660,0.2531340718269348,0.9218974180519581,-0.5424196554347873,-0.016431596597249153,0.2,0.034287296,50.909080505371094,36.6
171,4370,751616,38.59,51.06316033,367,,,,,,,,,,,,
171,4383,753664,38.92,51.22739314999999,368,0.9358650669455528,0.0003,0.17197265625,3670,0.12799398601055145,0.8031948415562511,-0.5130853678099812,-0.014042281058209483,0.2,0.027160365,,
171,4394,755712,38.67,51.77852796,369,0.9411060027778149,0.0003,0.171533203125,3680,0.2373870313167572,0.7769369776360691,-0.5150836311280728,-0.013936480780103011,0.2,0.048187163,,
171,4412,757760,37.65,51.560586840000006,370,0.9241926521062851,0.0003,0.17890625,3690,0.4888004660606384,1.4594096020795404,-0.5225259293802083,-0.015571445730165579,0.2,0.031037606,,
171,4427,759808,36.45,51.65567794999999,371,0.9364498853683472,0.0003,0.17509765625,3700,0.24489650130271912,0.7170950699597597,-0.5215229185298085,-0.017479145247489215,0.2,0.03279222,,
,,760000,,,,0.9435231164097786,0.0003,0.206103515625,3710,0.1327660232782364,0.6309011644218117,-0.5360459248535335,-0.01646936707693385,0.2,0.036873303,53.213541412353514,38.4
171,4441,761856,37.36,51.71512503999998,372,,,,,,,,,,,,
171,4455,763904,38.86,52.009153870000006,373,0.9443673454225063,0.0003,0.210986328125,3720,0.1192292794585228,0.5313783717341721,-0.5173936572857201,-0.00977144702192163,0.2,0.039190635,,
171,4469,765952,37.2,51.41749390999999,374,0.956755992025137,0.0003,0.167724609375,3730,0.158378466963768,0.726580235734582,-0.5125554290600121,-0.016866783273871987,0.2,0.028558742,,
171,4479,768000,36.63,51.24293633,375,0.9227065667510033,0.0003,0.173828125,3740,0.30537012219429016,0.8590789793990552,-0.5021091107279062,-0.016383759865129834,0.2,0.041197374,,
,,770000,,,,0.9353648275136948,0.0003,0.183642578125,3750,0.15904946625232697,0.7236837694421411,-0.5204935026355088,-0.014353242452489211,0.2,0.03741273,52.35698013305664,37.8
171,4490,770048,36.85,51.49721202000001,376,,,,,,,,,,,,
171,4500,772096,36.88,51.39000402999999,377,0.9230477139353752,0.0003,0.1861328125,3760,0.4352920651435852,1.0120453694835305,-0.5303463341668249,-0.01968193843131303,0.2,0.027375706,,
171,4518,774144,36.39,51.490511529999985,378,0.942889429628849,0.0003,0.151708984375,3770,0.16706347465515137,0.7252345409244298,-0.4948616734705865,-0.01491213443223387,0.2,0.024286391,,
171,4532,776192,37.32,51.02875230000001,379,0.9389198198914528,0.0003,0.1619140625,3780,0.1994842141866684,0.7043809063732624,-0.4962080171331763,-0.016571298859344098,0.2,0.029009942,,
171,4547,778240,38.22,51.48532330999999,380,0.9286892116069794,0.0003,0.17900390625,3790,0.3488894999027252,0.9729509833268821,-0.5283866717480123,-0.01556573215057142,0.2,0.030716585,,
,,780000,,,,0.9386358857154846,0.0003,0.1751953125,3800,0.26373907923698425,0.987955611012876,-0.5292355689220131,-0.01423766095249448,0.2,0.036505327,50.581774139404295,39.0
171,4559,780288,36.73,51.64903292000001,381,,,,,,,,,,,,
171,4573,782336,37.33,51.34305339,382,0.9017123878002167,0.0003,0.158544921875,3810,0.2834599018096924,1.199661707598716,-0.5318872948177159,-0.015498688121442682,0.2,0.02116568,,
170,4591,784384,38.22,51.73841075999999,383,0.9355653002858162,0.0003,0.194970703125,3820,0.30378788709640503,0.8694801975041628,-0.5501844421029091,-0.016601127143076155,0.2,0.028870968,,
170,4603,786432,38.01,52.10275229,384,0.9536443650722504,0.0003,0.207080078125,3830,0.17387373745441437,0.6088687328621745,-0.541356441937387,-0.012250459747156129,0.2,0.036789637,,
170,4621,788480,38.64,51.96566389999999,385,0.9594323039054871,0.0003,0.21767578125,3840,0.11014841496944427,0.4878765166737139,-0.5529012599028647,-0.014634847461275058,0.2,0.049420923,,
,,790000,,,,0.9401112571358681,0.0003,0.157666015625,3850,0.1629946529865265,0.9146744362078607,-0.549886816367507,-0.011286816748179263,0.2,0.02936975,50.15132522583008,33.6
170,4637,790528,39.04,51.64569194999999,386,,,,,,,,,,,,
170,4648,792576,38.62,51.46115603000001,387,0.9068877920508385,0.0003,0.19150390625,3860,0.35069772601127625,1.619533231575042,-0.5794263300485909,-0.011086269345832988,0.2,0.039241627,,
170,4662,794624,37.47,51.24773660000001,388,0.924406498670578,0.0003,0.186279296875,3870,0.3095974922180176,0.8979516407474876,-0.5784441767260432,-0.01724553126623505,0.2,0.031379562,,
170,4676,796672,38.13,51.36661561999999,389,0.9430411420762539,0.0003,0.206787109375,3880,0.13774213194847107,0.7898325692862272,-0.5583056700415909,-0.021469151294149925,0.2,0.03156402,,
170,4691,798720,38.85,51.751536990000005,390,0.9483493827283382,0.0003,0.221142578125,3890,0.21491537988185883,0.7166178067214787,-0.5529057515785099,-0.014488758205698105,0.2,0.058340713,,
,,800000,,,,0.9470820352435112,0.0003,0.194482421875,3900,0.3518471121788025,0.832304234802723,-0.5421202498488128,-0.016047881593112833,0.2,0.034843884,49.905477142333986,36.6
170,4702,800768,38.2,51.701249770000004,391,,,,,,,,,,,,
170,4715,802816,37.54,51.700498499999995,392,0.9238928779959679,0.0003,0.21015625,3910,0.18377189338207245,0.8981225708499551,-0.5460557258687914,-0.012983185012490139,0.2,0.04341709,,
170,4729,804864,36.54,51.568667809999994,393,0.9405515007674694,0.0003,0.205126953125,3920,0.17495602369308472,0.6827324119396507,-0.554372887685895,-0.011531104023742956,0.2,0.04373391,,
170,4741,806912,37.17,51.54875314,394,0.9248051717877388,0.0003,0.17939453125,3930,0.27921590209007263,0.7900834490545094,-0.5198974695056677,-0.017155167226155753,0.2,0.028398529,,
170,4752,808960,36.87,52.43312896,395,0.9460899159312248,0.0003,0.21083984375,3940,0.14856408536434174,0.5607854992616922,-0.560352373495698,-0.01503649996157037,0.2,0.03836769,,
,,810000,,,,0.9558432549238205,0.0003,0.20810546875,3950,0.08776117861270905,0.5153272585012019,-0.5358353679999709,-0.011020072110113688,0.2,0.048382338,53.39670333862305,39.0
170,4762,811008,37.72,52.278073909999975,396,,,,,,,,,,,,
170,4780,813056,38.59,51.86987374,397,0.9545348584651947,0.0003,0.18779296875,3960,0.36103731393814087,0.7281439803540707,-0.5424116782844066,-0.021318725129822268,0.2,0.035017334,,
170,4794,815104,37.83,51.695534230000014,398,0.9257983490824699,0.0003,0.168994140625,3970,0.316362202167511,0.8955181654542684,-0.5372109563089907,-0.012158977358194534,0.2,0.024808668,,
169,4811,817152,37.83,51.93552853,399,0.9265546351671219,0.0003,0.18818359375,3980,0.17073047161102295,0.8250602619722486,-0.5536365712061524,-0.009185885190527187,0.2,0.03424727,,
169,4822,819200,38.64,51.60915676999999,400,0.9294500276446342,0.0003,0.16796875,3990,0.6675910949707031,1.196118789445609,-0.5614251239225269,-0.013633371531614102,0.2,0.037746694,,
,,820000,,,,0.929096095263958,0.0003,0.2115234375,4000,0.26565295457839966,0.7095394578762353,-0.599143108446151,-0.014430580583575648,0.2,0.04079249,51.845191955566406,41.4
169,4837,821248,37.75,51.26119641999999,401,,,,,,,,,,,,
169,4851,823296,37.93,51.87647057000001,402,0.9318444952368736,0.0003,0.2037109375,4010,0.26161259412765503,0.9568746152333916,-0.5862661840394139,-0.014912351743259934,0.2,0.032545347,,
169,4868,825344,38.25,51.777945439999996,403,0.9369192346930504,0.0003,0.205810546875,4020,0.14814765751361847,0.8348663202486932,-0.5803135248832405,-0.010441623698716285,0.2,0.036041167,,
169,4882,827392,38.01,51.72520278,404,0.9192921593785286,0.0003,0.192578125,4030,0.35104674100875854,1.214039788581431,-0.5909548006020486,-0.016221295739524067,0.2,0.029568518,,
169,4898,829440,37.92,51.20060147999999,405,0.9447056986391544,0.0003,0.219677734375,4040,0.1486535370349884,0.736184849916026,-0.6294489382766187,-0.020025243920099457,0.2,0.031652644,,
,,830000,,,,0.9446034580469131,0.0003,0.228662109375,4050,0.1967289298772812,0.737112358585,-0.6306946949101985,-0.018946943018818274,0.2,0.04256931,52.68307037353516,36.6
169,4915,831488,38.35,51.15386323,406,,,,,,,,,,,,
169,4927,833536,37.54,51.35937872999999,407,0.9281515032052994,0.0003,0.222412109375,4060,0.22644484043121338,1.1675666934810578,-0.6119293064810336,-0.017009386207791976,0.2,0.044087544,,
168,4945,835584,38.04,51.49054893,408,0.922451451420784,0.0003,0.217822265625,4070,0.2579319179058075,1.0688782145269216,-0.6058287368156016,-0.016973481808963697,0.2,0.03816464,,
168,4959,837632,38.88,51.57215736999999,409,0.9375022575259209,0.0003,0.220751953125,4080,0.183500275015831,0.7459095001220704,-0.5936534906737506,-0.015733965460094625,0.2,0.04940537,,
168,4973,839680,38.46,51.62703052,410,0.9350359290838242,0.0003,0.181640625,4090,0.21538306772708893,0.806057495251298,-0.5682911998592317,-0.011441205968731083,0.2,0.0310535,,
,,840000,,,,0.938754502683878,0.0003,0.209033203125,4100,0.2963997721672058,0.8384912565350533,-0.6091880790889264,-0.013707188129774294,0.2,0.031731673,51.29621200561523,33.6
168,4989,841728,39.13,51.73280372999999,411,,,,,,,,,,,,
168,5000,843776,38.38,51.91766484,412,0.9229593947529793,0.0003,0.194140625,4110,0.29091084003448486,1.2313052753917872,-0.602236274536699,-0.01640806152136065,0.2,0.02785694,,
168,5014,845824,38.25,52.033294170000005,413,0.9544780924916267,0.0003,0.208154296875,4120,0.1320587545633316,0.49299056762829424,-0.5908789964392781,-0.01721426246513147,0.2,0.034813873,,
168,5024,847872,38.19,51.77103521,414,0.9419533200562,0.0003,0.196826171875,4130,0.1945517361164093,0.7762462775222957,-0.5923245993442834,-0.016874940863635855,0.2,0.03902565,,
168,5038,849920,38.73,51.72377664999999,415,0.9445691034197807,0.0003,0.201416015625,4140,0.22405466437339783,0.8059419729281216,-0.5958901278674602,-0.01218743976787664,0.2,0.053481176,,
,,850000,,,,0.9467783160507679,0.0003,0.212744140625,4150,0.19979560375213623,0.7610240490175784,-0.5857325678691268,-0.01717869123822311,0.2,0.0398682,47.85897445678711,38.4
168,5042,851968,38.89,51.519661840000005,416,,,,,,,,,,,,
169,5045,854016,38.43,51.22045469,417,0.9172124564647675,0.0003,0.19072265625,4160,0.23822426795959473,1.2065325715579092,-0.6100035635754466,-0.017338383939204505,0.2,0.033543013,,
169,5049,856064,38.97,51.51435887,418,0.9181264266371727,0.0003,0.19609375,4170,0.269532710313797,1.0243922502733767,-0.5828526087105275,-0.012927560991374775,0.2,0.033726133,,
169,5052,858112,37.92,51.616605970000016,419,0.946699995547533,0.0003,0.19990234375,4180,0.23923590779304504,0.7539035738445818,-0.5778062415309251,-0.007356148191320244,0.2,0.0397345,,
,,860000,,,,0.9334659352898598,0.0003,0.17177734375,4190,0.3438758850097656,0.873652794957161,-0.5846912446431816,-0.013999337883433327,0.2,0.027849244,53.12620162963867,41.4
170,5056,860160,38.11,51.821904399999994,420,,,,,,,,,,,,
170,5059,862208,38.2,51.633698849999995,421,0.9372818991541862,0.0003,0.185791015625,4200,0.15642410516738892,0.7713292763102799,-0.5706596538424492,-0.012451966185471975,0.2,0.03756077,,
170,5063,864256,37.77,51.545767510000005,422,0.9297898560762405,0.0003,0.162255859375,4210,0.07978249341249466,0.8921225536614656,-0.5653420432470739,-0.019456163528957404,0.2,0.026872545,,
170,5066,866304,38.82,51.51566513999998,423,0.9421642608940601,0.0003,0.199658203125,4220,0.17261061072349548,0.6814952114596963,-0.5620913652703166,-0.017556718611740508,0.2,0.03656376,,
171,5070,868352,38.97,51.366270480000004,424,0.9461572617292404,0.0003,0.21162109375,4230,0.3541567623615265,0.8733617698773741,-0.5531604536809027,-0.01623410112952115,0.2,0.044409517,,
,,870000,,,,0.9293400123715401,0.0003,0.184619140625,4240,0.23900844156742096,0.8564460281282663,-0.5418774976395071,-0.017424546361144166,0.2,0.031658325,50.23470764160156,39.6
171,5073,870400,38.47,51.62503219999999,425,,,,,,,,,,,,
171,5077,872448,37.24,51.28709557000001,426,0.9054076373577118,0.0003,0.20283203125,4250,0.3564416170120239,1.4569378294982016,-0.5605692083016038,-0.01685769242758397,0.2,0.03320429,,
172,5080,874496,37.53,51.702665610000004,427,0.9130084216594696,0.0003,0.196923828125,4260,0.2327488213777542,0.9684612953104079,-0.5543955537490547,-0.013610434725706,0.2,0.028219782,,
172,5083,876544,38.22,51.809027719999996,428,0.9400696493685246,0.0003,0.186572265625,4270,0.277178019285202,0.7386398441158235,-0.5562284435145557,-0.015193561299383873,0.2,0.0331852,,
172,5087,878592,38.43,51.41895153,429,0.9463434517383575,0.0003,0.207177734375,4280,0.22387610375881195,0.6899080052506179,-0.5538199781440198,-0.017237024175119586,0.2,0.032199055,,
,,880000,,,,0.9236444309353828,0.0003,0.189599609375,4290,0.31079381704330444,1.0728591958992184,-0.5500043322332203,-0.015788722221623176,0.2,0.033976402,51.26241226196289,33.0
172,5090,880640,37.51,50.84813939,430,,,,,,,,,,,,
173,5094,882688,37.57,51.13673004,431,0.9141830205917358,0.0003,0.186083984375,4300,0.20899459719657898,1.3481846844777465,-0.5255738476291298,-0.017352586949709804,0.2,0.036185026,,
173,5097,884736,38.37,51.588797510000006,432,0.9241477325558662,0.0003,0.205712890625,4310,0.14740273356437683,0.7709824067074805,-0.551808665227145,-0.020866892096819356,0.2,0.033522926,,
173,5101,886784,38.22,51.697290110000004,433,0.9302905797958374,0.0003,0.17939453125,4320,0.2344633936882019,1.031039942521602,-0.5427446789108217,-0.020521849856595508,0.2,0.029994074,,
174,5104,888832,37.92,51.8523876,434,0.9541031569242477,0.0003,0.18349609375,4330,0.1661919355392456,0.6142348760273307,-0.5267194631509483,-0.013301822876383085,0.2,0.032952465,,
,,890000,,,,0.9426969885826111,0.0003,0.184130859375,4340,0.3024697005748749,0.8881862397305668,-0.5284179573878646,-0.016035851059132255,0.2,0.03368691,52.09340591430664,36.6
174,5108,890880,39.22,51.78516277,435,,,,,,,,,,,,
174,5111,892928,38.56,51.823807099999996,436,0.9187614843249321,0.0003,0.206396484375,4350,0.21866239607334137,1.0846459645777942,-0.5460396029055119,-0.013123122448450885,0.2,0.03696035,,
174,5115,894976,38.01,51.35022695000001,437,0.9460450261831284,0.0003,0.212939453125,4360,0.13826675713062286,0.6239891448058188,-0.5105482459068298,-0.01131040689360816,0.2,0.04781909,,
175,5118,897024,37.95,51.21428758000001,438,0.9166654497385025,0.0003,0.195751953125,4370,0.45069363713264465,1.313170447293669,-0.5427273593842983,-0.017886787259340054,0.2,0.04074187,,
175,5122,899072,38.04,51.90619663,439,0.935988537967205,0.0003,0.1751953125,4380,0.26126760244369507,0.7716883186250925,-0.555409443937242,-0.01382574036178994,0.2,0.03584897,,
,,900000,,,,0.9524971581995487,0.0003,0.187841796875,4390,0.214285746216774,0.6549230542965233,-0.5421135020442307,-0.015397997022955679,0.2,0.0287899,50.98752365112305,43.8
175,5125,901120,38.77,52.11584438999999,440,,,,,,,,,,,,
176,5129,903168,38.26,51.24922844999998,441,0.9586053416132927,0.0003,0.212841796875,4400,0.14110833406448364,0.6629548743367195,-0.535076916217804,-0.012640324879612308,0.2,0.04926543,,
176,5132,905216,38.34,51.056738110000005,442,0.9457192644476891,0.0003,0.2037109375,4410,0.12256581336259842,0.5308906146325171,-0.5441510633565485,-0.013353576391818934,0.2,0.050919674,,
176,5136,907264,37.41,51.51624876000001,443,0.9388520084321499,0.0003,0.163916015625,4420,0.36754995584487915,0.85495062796399,-0.5305275515653193,-0.015624630636011716,0.2,0.030325525,,
176,5139,909312,36.81,50.96888947999999,444,0.9395667053759098,0.0003,0.182666015625,4430,0.14613868296146393,0.6389512768946588,-0.5154568910598755,-0.013593708556436468,0.2,0.04900968,,
,,910000,,,,0.843727245926857,0.0003,0.166748046875,4440,0.22038564085960388,1.17687935680151,-0.5395035104826092,-0.013170858689409214,0.2,0.023312397,51.59974670410156,33.0
177,5143,911360,37.36,50.7185168,445,,,,,,,,,,,,
177,5146,913408,38.35,51.43514358999999,446,0.8852412551641464,0.0003,0.185791015625,4450,0.3248041868209839,1.3334861398674547,-0.5467845652252435,-0.016677917058405,0.2,0.026631426,,
177,5150,915456,38.04,50.665167440000005,447,0.9520000219345093,0.0003,0.189794921875,4460,0.16645638644695282,0.5839634536765516,-0.5286824321374297,-0.013412187846552116,0.2,0.029974874,,
178,5153,917504,38.25,50.57060775000001,448,0.876722514629364,0.0003,0.137890625,4470,0.26917174458503723,1.4193275252357125,-0.5281902538612485,-0.01825280101620592,0.2,0.022181043,,
178,5156,919552,38.22,51.47869875000001,449,0.9537232257425785,0.0003,0.206494140625,4480,0.1883285492658615,0.6278675455134362,-0.5379803909920156,-0.012270348409947474,0.2,0.040480465,,
,,920000,,,,0.9577193334698677,0.0003,0.205029296875,4490,0.1312672644853592,0.5804895799607038,-0.5401682677678764,-0.01020314010384027,0.2,0.05222731,51.11868743896484,31.2
178,5160,921600,37.24,51.52309291000002,450,,,,,,,,,,,,
178,5163,923648,37.69,51.36291362,451,0.9292120561003685,0.0003,0.165869140625,4500,0.2822452187538147,0.8938806118909269,-0.545695700403303,-0.01533421935600927,0.2,0.03265551,,
179,5167,925696,37.71,51.5016645,452,0.9384259395301342,0.0003,0.18447265625,4510,0.21334208548069,0.735197730269283,-0.5285519854165613,-0.013323557484545745,0.2,0.04321351,,
179,5170,927744,38.04,51.45385298,453,0.9399916008114815,0.0003,0.186767578125,4520,0.1313582956790924,0.6928363032639027,-0.5357791141606867,-0.013097624547663144,0.2,0.046562202,,
179,5174,929792,37.74,51.18562803999999,454,0.9128985181450844,0.0003,0.1400390625,4530,0.24204528331756592,1.0774655018001795,-0.5317969291470945,-0.015485497673216742,0.2,0.020428818,,
,,930000,,,,0.9325430244207382,0.0003,0.17490234375,4540,0.29376816749572754,0.8243535988032817,-0.5617744511924684,-0.01658695603837259,0.2,0.03295193,50.02641220092774,44.4
179,5177,931840,37.93,51.158882049999995,455,,,,,,,,,,,,
180,5181,933888,38.83,51.20451820999999,456,0.9243714660406113,0.0003,0.162744140625,4550,0.14969056844711304,1.056605539470911,-0.5390390222892165,-0.013645622902549804,0.2,0.027796784,,
180,5184,935936,38.25,51.60991938000001,457,0.9486514888703823,0.0003,0.19541015625,4560,0.1640002578496933,0.5791491928976029,-0.5302213540300726,-0.010994248610222713,0.2,0.03792604,,
180,5188,937984,38.43,51.749968020000004,458,0.9480356983840466,0.0003,0.19921875,4570,0.1775835156440735,0.5797124952543526,-0.5308913595974445,-0.013078732673602645,0.2,0.034655116,,
,,940000,,,,0.9609132148325443,0.0003,0.164599609375,4580,0.13021650910377502,0.601207942282781,-0.48719983408227563,-0.01355736971308943,0.2,0.027610313,53.28862380981445,42.6
181,5191,940032,38.16,51.84440610000001,459,,,,,,,,,,,,
181,5195,942080,37.99,51.75531118,460,0.8608318120241165,0.0003,0.190673828125,4590,0.5725024342536926,1.8217282167170197,-0.5094588439911604,-0.012701903386187041,0.2,0.041560635,,
181,5198,944128,37.47,51.42866213,461,0.9497201517224312,0.0003,0.194091796875,4600,0.1965593695640564,0.6812202828936279,-0.5084178978577256,-0.013215522057726048,0.2,0.04355573,,
181,5201,946176,38.49,51.16288162000001,462,0.9367834404110909,0.0003,0.180908203125,4610,0.18233640491962433,0.8357526106759906,-0.5265789328143,-0.01751882547250716,0.2,0.030884862,,
182,5205,948224,38.04,51.442215059999995,463,0.9421370588243008,0.0003,0.19912109375,4620,0.1992158442735672,0.8114702554419637,-0.517562504298985,-0.012929003706085495,0.2,0.037052386,,
,,950000,,,,0.9436791464686394,0.0003,0.168115234375,4630,0.19500471651554108,0.7068068116903305,-0.5083087667822838,-0.01695448010286782,0.2,0.025139507,53.36511001586914,43.8
182,5209,950272,37.87,51.61795527,464,,,,,,,,,,,,
182,5212,952320,38.32,52.11725491000002,465,0.9228486940264702,0.0003,0.17373046875,4640,0.3451259136199951,1.2285302258096635,-0.49124884996563195,-0.008518084246315994,0.2,0.032377124,,
182,5215,954368,38.22,51.78465570999999,466,0.9424329325556755,0.0003,0.18017578125,4650,0.21433384716510773,0.7827349147759378,-0.5039483812637627,-0.016112029524811076,0.2,0.031249685,,
183,5219,956416,37.86,51.09007046,467,0.8988069966435432,0.0003,0.158056640625,4660,0.35928037762641907,1.2219867343083024,-0.5012771563604475,-0.014346001774538309,0.2,0.037390396,,
183,5222,958464,37.56,51.26518626,468,0.9283788055181503,0.0003,0.174560546875,4670,0.2976168394088745,1.218438548501581,-0.5031319883652031,-0.018924824171699585,0.2,0.02916843,,
,,960000,,,,0.9354714080691338,0.0003,0.16015625,4680,0.2937130331993103,0.894445876404643,-0.49303857050836086,-0.016539953790197615,0.2,0.026738811,52.60570068359375,34.8
183,5226,960512,37.96,51.424349789999994,469,,,,,,,,,,,,
184,5229,962560,38.02,51.65135388999999,470,0.9143313616514206,0.0003,0.17080078125,4690,0.30594757199287415,1.0745525505393743,-0.5068850743584334,-0.013339918066048995,0.2,0.026384465,,
184,5233,964608,38.46,52.18042004000001,471,0.9478296041488647,0.0003,0.21513671875,4700,0.13540327548980713,0.6024643165059388,-0.49951854050159455,-0.015610171529988292,0.2,0.04813315,,
184,5236,966656,38.91,51.79819585000001,472,0.9661571905016899,0.0003,0.212548828125,4710,0.1709095984697342,0.5041424848604947,-0.508641560561955,-0.011185305487015285,0.2,0.05067941,,
184,5239,968704,37.89,50.97846070000001,473,0.9272029772400856,0.0003,0.192333984375,4720,0.2524256706237793,0.8980622082017362,-0.5239457229152322,-0.01734433261299273,0.2,0.03754647,,
,,970000,,,,0.9251638874411583,0.0003,0.2115234375,4730,0.19591476023197174,0.7949294107500464,-0.5253275245428085,-0.015397293611022178,0.2,0.052796625,51.51352767944336,37.8
185,5243,970752,37.54,50.96039708,474,,,,,,,,,,,,
185,5247,972800,38.59,51.62730775,475,0.9267226085066795,0.0003,0.1736328125,4740,0.34866923093795776,1.162233189959079,-0.5347914633341133,-0.016820180596550927,0.2,0.03073779,,
185,5250,974848,38.04,51.78150264,476,0.9552970752120018,0.0003,0.188671875,4750,0.20406445860862732,0.5913850656710565,-0.5246085302904249,-0.013205391351220896,0.2,0.03209756,,
185,5253,976896,36.87,51.72453511,477,0.9453767277300358,0.0003,0.1625,4760,0.22057968378067017,0.8785155843943357,-0.5203964914195239,-0.018835074962407817,0.2,0.031159434,,
186,5257,978944,36.51,51.77417297000001,478,0.9468013532459736,0.0003,0.18681640625,4770,0.32324522733688354,0.8247860558331013,-0.5437290490604937,-0.015766267718572636,0.2,0.03231862,,
,,980000,,,,0.9465041384100914,0.0003,0.169384765625,4780,0.20662279427051544,0.7155066719278693,-0.5252831926569342,-0.014525350014446303,0.2,0.037254155,52.51607131958008,40.2
186,5261,980992,38.47,51.94156154,479,,,,,,,,,,,,
186,5264,983040,39.28,51.4139331,480,0.9170502796769142,0.0003,0.163330078125,4790,1.1348891258239746,1.4558129079639912,-0.5229148685000837,-0.010100763993250439,0.2,0.031008624,,
186,5267,985088,37.89,51.48653671,481,0.9401698186993599,0.0003,0.19560546875,4800,0.16346001625061035,0.7597225864417851,-0.5352560077793896,-0.015425428932940122,0.2,0.0375503,,
187,5271,987136,38.07,52.27898470999999,482,0.9497939385473728,0.0003,0.211865234375,4810,0.2781592011451721,0.5861640653107315,-0.536997055914253,-0.017134678227012045,0.2,0.029886192,,
187,5274,989184,38.22,52.54802830999999,483,0.9478977806866169,0.0003,0.187841796875,4820,0.1685606688261032,0.5715203050058335,-0.5018064009957015,-0.005629833878629142,0.2,0.038916536,,
,,990000,,,,0.9466619491577148,0.0003,0.198681640625,4830,0.24165137112140656,0.6164942658040673,-0.5305409813299775,-0.017211133179080206,0.2,0.029396728,52.33605804443359,34.2
187,5278,991232,37.69,51.767487179999996,484,,,,,,,,,,,,
188,5281,993280,37.51,51.368156510000006,485,0.9118935838341713,0.0003,0.16767578125,4840,0.6821458339691162,1.4056337617337704,-0.5103565723635256,-0.018623643832688684,0.2,0.02907275,,
188,5285,995328,38.52,51.354892590000006,486,0.9376038238406181,0.0003,0.164404296875,4850,0.17185980081558228,0.7451455941423774,-0.5254881489090621,-0.014185843255836517,0.2,0.028176194,,
188,5288,997376,38.04,51.410753079999985,487,0.9461212120950222,0.0003,0.18759765625,4860,0.10239990055561066,0.7152410674840212,-0.5473202671855688,-0.016537453998171258,0.2,0.038104974,,
188,5292,999424,38.28,51.42812076999999,488,0.9214678704738617,0.0003,0.173876953125,4870,1.0735399723052979,1.441527803335339,-0.5419712353497743,-0.01480322920542676,0.2,0.026772272,,
,,1000000,,,,0.9388081356883049,0.0003,0.190283203125,4880,0.2276199907064438,0.7799371489323675,-0.5312713894061745,-0.012470254563959315,0.2,0.03263753,50.840161895751955,42.0
189,5295,1001472,37.99,51.27161393,489,,,,,,,,,,,,
