time/time_elapsed,rollout/ep_rew_mean,time/iterations,time/total_timesteps,rollout/ep_len_mean,time/fps,train/policy_gradient_loss,train/learning_rate,train/clip_range,train/entropy_loss,train/loss,train/n_updates,train/clip_fraction,train/explained_variance,train/approx_kl,train/value_loss,eval/mean_reward,eval/mean_ep_length
2,-69.24828834482759,1,2048,69.10344827586206,760,,,,,,,,,,,,
5,-66.30347905084746,2,4096,68.38983050847457,687,-0.01625711499364115,0.0003,0.2,-2.058563342317939,173.90567016601562,10,0.108349609375,-0.0004690885543823242,0.013591083,452.8212587594986,,
9,-63.22039793333333,3,6144,68.03333333333333,668,-0.010639386354887393,0.0003,0.2,-2.0232623782008887,112.81298828125,20,0.075439453125,0.3274043798446655,0.009696767,305.09219381809237,,
12,-60.645862400000006,4,8192,68.4,664,-0.010385018363012932,0.0003,0.2,-2.0172326315194367,169.8191680908203,30,0.078857421875,0.4013046622276306,0.0094594415,190.44585952758788,,
,,,10000,,,-0.011361903086071833,0.0003,0.2,-2.0121153883635996,39.61103820800781,40,0.113134765625,0.48669761419296265,0.009825761,116.5536592900753,-50.57486686706543,65.4
15,-55.76669511,5,10240,67.54,643,,,,,,,,,,,,
19,-52.823925179999996,6,12288,67.87,635,-0.014523055213794578,0.0003,0.2,-1.9873773641884327,24.660179138183594,50,0.130712890625,0.5970380306243896,0.013702037,65.04638614654542,,
22,-48.95838361,7,14336,67.33,638,-0.009531222622899804,0.0003,0.2,-1.963535363599658,20.086992263793945,60,0.0708984375,0.4856368899345398,0.0081266435,59.23848797082901,,
25,-45.102772449999996,8,16384,68.02,640,-0.00773946407425683,0.0003,0.2,-1.9152850929647685,34.64860534667969,70,0.033154296875,0.5327645540237427,0.008252431,60.111783385276794,,
28,-40.86941088,9,18432,67.23,642,-0.010266870986379217,0.0003,0.2,-1.9023704133927821,6.923535346984863,80,0.064013671875,0.6854941844940186,0.01000286,19.711865992844103,,
,,,20000,,,-0.006727890815818682,0.0003,0.2,-1.8538373120129108,23.82359504699707,90,0.020361328125,0.5964336395263672,0.006649807,39.74112927466631,-47.96105804443359,61.2
32,-37.057468979999996,10,20480,67.09,635,,,,,,,,,,,,
35,-33.0173798,11,22528,66.88,638,-0.013069507087493548,0.0003,0.2,-1.8201303284615278,9.749772071838379,100,0.07314453125,0.7111018896102905,0.009658717,16.509465765953063,,
38,-28.74559151,12,24576,66.82,639,-0.00956015130141168,0.0003,0.2,-1.7746642049402,9.57827091217041,110,0.03583984375,0.6143321394920349,0.007831029,24.64740506261587,,
41,-26.661784650000005,13,26624,67.6,640,-0.010149004234699532,0.0003,0.2,-1.7644415132701396,8.624093055725098,120,0.051123046875,0.6525275707244873,0.008829813,15.885187907516956,,
44,-22.84809784,14,28672,67.62,641,-0.007740865700179711,0.0003,0.2,-1.7014225680381059,30.247655868530273,130,0.05390625,0.6462255716323853,0.007910959,21.142731660604476,,
,,,30000,,,-0.011202475802565458,0.0003,0.2,-1.661241277679801,2.1112887859344482,140,0.057373046875,0.6090055704116821,0.00853283,8.264673183858395,-23.99048171043396,69.0
48,-19.962711860000002,15,30720,68.23,636,,,,,,,,,,,,
51,-20.056971689999997,16,32768,68.2,636,-0.010383243887190474,0.0003,0.2,-1.5843472868204116,4.230240345001221,150,0.060791015625,0.5629483461380005,0.007614287,10.047766318172217,,
54,-17.83117972,17,34816,67.27,637,-0.00837204374547582,0.0003,0.2,-1.5637435600161553,3.5976836681365967,160,0.05146484375,0.7211803197860718,0.007567974,10.022034123539925,,
57,-18.06463458,18,36864,66.72,639,-0.010111548339773435,0.0003,0.2,-1.5661676049232482,5.385218143463135,170,0.07841796875,0.6990251541137695,0.009064516,11.02475368976593,,
60,-17.48201554,19,38912,66.72,639,-0.008193174972257111,0.0003,0.2,-1.5339413348585367,3.645551919937134,180,0.04755859375,0.726747989654541,0.0077543184,10.465471217781305,,
,,,40000,,,-0.00765485231531784,0.0003,0.2,-1.493933540955186,4.525106906890869,190,0.083984375,0.8154798746109009,0.009213569,7.842916502058506,-17.399252510070802,68.4
64,-17.81483728,20,40960,68.29,635,,,,,,,,,,,,
67,-17.162045570000004,21,43008,68.2,636,-0.010960107820574194,0.0003,0.2,-1.5095609620213508,2.6526060104370117,200,0.105859375,0.6836833953857422,0.0104248235,8.88202006444335,,
70,-16.713351770000003,22,45056,68.14,637,-0.009939099088660442,0.0003,0.2,-1.4761073738336563,2.345318078994751,210,0.07421875,0.7209739685058594,0.009432042,7.144396418333054,,
73,-16.75421407,23,47104,66.84,638,-0.008743626131035853,0.0003,0.2,-1.4623979084193706,1.724923014640808,220,0.0673828125,0.6602463722229004,0.006299192,5.238055165484548,,
76,-15.75272516,24,49152,66.09,640,-0.007619297316705342,0.0003,0.2,-1.4666738264262675,2.055283308029175,230,0.0755859375,0.6832172870635986,0.007538146,4.622045334428549,,
,,,50000,,,-0.008985893195495009,0.0003,0.2,-1.4091311775147914,1.253792643547058,240,0.062109375,0.5839967727661133,0.006691312,5.173213835060596,-6.5937164425849915,62.4
80,-16.49162077,25,51200,66.7,636,,,,,,,,,,,,
83,-16.59900114,26,53248,67.03,637,-0.009086379453947302,0.0003,0.2,-1.424391697719693,1.4385442733764648,250,0.075830078125,0.7380873560905457,0.008179449,6.351463935896755,,
86,-16.763335389999998,27,55296,66.7,638,-0.01005761819324107,0.0003,0.2,-1.4471678782254458,1.6381655931472778,260,0.07373046875,0.7065652012825012,0.009082932,4.957448130100966,,
89,-17.40456493,28,57344,67.38,638,-0.008850982705916976,0.0003,0.2,-1.402803597971797,1.5482630729675293,270,0.072021484375,0.7311351299285889,0.008400371,5.71065131649375,,
93,-17.21749761,29,59392,67.56,637,-0.006830920305219479,0.0003,0.2,-1.4319672860205173,2.022397994995117,280,0.05966796875,0.6921418905258179,0.007190209,6.05064777508378,,
,,,60000,,,-0.009983079657831694,0.0003,0.2,-1.4427121747285128,1.072365641593933,290,0.0841796875,0.7403448820114136,0.009227631,4.966717977821827,-16.995507299900055,71.4
96,-17.072087220000004,30,61440,68.56,635,,,,,,,,,,,,
99,-16.934548740000004,31,63488,67.96,635,-0.010438603286456783,0.0003,0.2,-1.4134644486010075,2.6771225929260254,300,0.077880859375,0.7487530708312988,0.009365156,6.379606015980244,,
103,-17.13161423,32,65536,67.99,636,-0.007916046624814044,0.0003,0.2,-1.4160105217248202,1.5624682903289795,310,0.0607421875,0.8290387988090515,0.0075009014,5.629229539632798,,
106,-15.68158066,33,67584,66.78,636,-0.008407260738749756,0.0003,0.2,-1.4310998793691396,1.507728099822998,320,0.04140625,0.807306706905365,0.005655906,5.538662746548653,,
109,-16.474526490000002,34,69632,67.53,637,-0.010088647156226215,0.0003,0.2,-1.403495953604579,1.312302827835083,330,0.068603515625,0.7959638237953186,0.009439878,6.16274677067995,,
,,,70000,,,-0.007588265897356905,0.0003,0.2,-1.4673998817801475,1.306088924407959,340,0.082763671875,0.7358932495117188,0.008943228,4.043226534128189,-3.70624084174633,66.6
112,-15.103908539999999,35,71680,68.08,634,,,,,,,,,,,,
116,-15.415657249999999,36,73728,68.23,635,-0.009644996548013296,0.0003,0.2,-1.4906505446881055,1.3044544458389282,350,0.083984375,0.7534833550453186,0.008290146,4.978460591286421,,
119,-16.10027199,37,75776,68.44,635,-0.009302539558848365,0.0003,0.2,-1.4552721805870532,0.9467700719833374,360,0.1001953125,0.7643084526062012,0.009868929,4.2739359334111215,,
122,-13.56745252,38,77824,66.93,636,-0.010822000100597506,0.0003,0.2,-1.5375903308391572,2.5647006034851074,370,0.0900390625,0.8123571872711182,0.009036824,5.180637139827013,,
125,-14.252732730000002,39,79872,67.74,636,-0.008616569067817182,0.0003,0.2,-1.5111982110887765,0.9311033487319946,380,0.088916015625,0.6049427390098572,0.010371568,3.996452381834388,,
,,,80000,,,-0.011160830015433021,0.0003,0.2,-1.5219611052423716,0.9898439049720764,390,0.0908203125,0.7177028656005859,0.012335811,3.7587807584553956,-9.488555526733398,62.4
128,-13.69672248,40,81920,68.62,635,,,,,,,,,,,,
132,-13.122059799999999,41,83968,67.99,635,-0.00864176297764061,0.0003,0.2,-1.4930010702461005,1.2616348266601562,400,0.069140625,0.7299267053604126,0.008082282,5.2617887407541275,,
135,-13.432262660000001,42,86016,67.81,636,-0.008787289609608706,0.0003,0.2,-1.4753654442727566,0.8380669355392456,410,0.08603515625,0.8100308179855347,0.008430631,3.4449560146778824,,
138,-12.198873460000002,43,88064,67.08,636,-0.008756633637676713,0.0003,0.2,-1.4464329551905393,1.7260528802871704,420,0.041748046875,0.7841429114341736,0.006727442,3.8674846861511467,,
,,,90000,,,-0.008725398169917752,0.0003,0.2,-1.4486950602382422,1.266777515411377,430,0.098193359375,0.7667694091796875,0.008519789,3.8815180018544195,-13.9057373046875,66.0
141,-11.49763977,44,90112,67.99,634,,,,,,,,,,,,
145,-11.04162789,45,92160,68.14,635,-0.013006908408715389,0.0003,0.2,-1.4079156268388033,1.2729238271713257,440,0.0876953125,0.8523491621017456,0.009365942,3.0967262560501694,,
148,-11.565432329999998,46,94208,68.8,635,-0.007940977878024568,0.0003,0.2,-1.3850210048258305,2.33943510055542,450,0.0619140625,0.7351020574569702,0.0077524823,4.62535393871367,,
151,-10.6089006,47,96256,68.08,636,-0.008575161247426877,0.0003,0.2,-1.4127649191766978,0.3557930886745453,460,0.104248046875,0.7284289002418518,0.007701504,2.4281579349189997,,
154,-10.178949029999998,48,98304,67.35,636,-0.012625686092360412,0.0003,0.2,-1.4120636627078056,0.641265332698822,470,0.118115234375,0.8121110796928406,0.010625403,2.5347791388630867,,
,,,100000,,,-0.009978945198236033,0.0003,0.2,-1.4243370477110147,1.3388689756393433,480,0.081005859375,0.7219547033309937,0.0077525037,4.820236073806882,-10.272660398483277,70.2
158,-9.66951411,49,100352,67.39,634,,,,,,,,,,,,
161,-9.692947679999998,50,102400,67.93,635,-0.0072877970640547575,0.0003,0.2,-1.36921788752079,0.9961398243904114,490,0.05595703125,0.7298071980476379,0.0073841377,5.393113451451063,,
164,-9.245202420000002,51,104448,67.69,635,-0.007580783798766788,0.0003,0.2,-1.3726430777460337,1.1758146286010742,500,0.07109375,0.6901704668998718,0.009863092,3.393121016398072,,
167,-10.26486646,52,106496,68.23,635,-0.010983973075053655,0.0003,0.2,-1.3717300452291965,0.9103010892868042,510,0.103466796875,0.7333281636238098,0.010724371,3.00974533315748,,
170,-9.509528199999998,53,108544,68.07,636,-0.008604735146218446,0.0003,0.2,-1.3417515221983194,1.4805970191955566,520,0.081494140625,0.7540158033370972,0.008772658,3.2331951521337032,,
,,,110000,,,-0.006091581461078022,0.0003,0.2,-1.3009037483483552,0.9150290489196777,530,0.063134765625,0.7420946955680847,0.008918408,3.2747854091227055,-4.427018642425537,64.2
174,-9.75625474,54,110592,69.07,634,,,,,,,,,,,,
177,-8.55390609,55,112640,68.83,634,-0.009499954596685711,0.0003,0.2,-1.3141966991126537,1.172235131263733,540,0.070166015625,0.8138652443885803,0.009453338,3.2194579038769007,,
180,-9.270805260000001,56,114688,68.83,635,-0.007376996426319238,0.0003,0.2,-1.27568602822721,1.2061877250671387,550,0.07197265625,0.6994401812553406,0.0092306435,3.20988290887326,,
183,-9.90892174,57,116736,68.98,635,-0.011899131667451001,0.0003,0.2,-1.2911986403167248,1.3369793891906738,560,0.10029296875,0.7451056241989136,0.0092517305,3.42219551615417,,
186,-9.27945623,58,118784,68.58,635,-0.010861057278816588,0.0003,0.2,-1.3100103870034219,1.521342158317566,570,0.103173828125,0.6855032444000244,0.008681358,3.5992673922330143,,
,,,120000,,,-0.0076821923947136385,0.0003,0.2,-1.285795159265399,0.6673121452331543,580,0.0783203125,0.7248803377151489,0.0088677555,3.2406663686037063,-9.293629521131516,65.4
190,-9.09292445,59,120832,68.47,634,,,,,,,,,,,,
193,-8.20122562,60,122880,68.5,634,-0.0075723616668256,0.0003,0.2,-1.2692773945629596,1.1996361017227173,590,0.072998046875,0.7308189868927002,0.008523209,3.06005248632282,,
196,-8.111826799999998,61,124928,67.81,635,-0.007598692126339302,0.0003,0.2,-1.2755067434161902,1.018759846687317,600,0.066259765625,0.7633266448974609,0.008792376,3.202273929305375,,
199,-7.01388243,62,126976,67.62,635,-0.008573364580661292,0.0003,0.2,-1.2354117460548877,0.7492161989212036,610,0.068212890625,0.8450473546981812,0.008016607,1.97812981903553,,
202,-6.215666999999999,63,129024,67.26,635,-0.007858636602759362,0.0003,0.2,-1.2634962093085051,0.8834007978439331,620,0.08505859375,0.7587341070175171,0.008898791,3.2074693612754346,,
,,,130000,,,-0.006767715842579491,0.0003,0.2,-1.227432907372713,0.8240638971328735,630,0.063671875,0.7554797530174255,0.008519245,2.9364517798647283,-5.632415127754212,66.0
206,-6.16761927,64,131072,67.18,634,,,,,,,,,,,,
209,-5.855223609999999,65,133120,66.79,634,-0.006676429867366096,0.0003,0.2,-1.2637929182499648,0.8589475154876709,640,0.059814453125,0.836374044418335,0.007997699,3.3171125549823044,,
212,-6.50124946,66,135168,67.18,635,-0.008082808319159085,0.0003,0.2,-1.2302774168550967,1.225557565689087,650,0.067626953125,0.7738847136497498,0.0075678946,3.107408023998141,,
215,-6.140332009999998,67,137216,67.47,635,-0.009203539197915233,0.0003,0.2,-1.2705745369195938,0.7435242533683777,660,0.089599609375,0.7569272518157959,0.0094024055,3.151722549088299,,
219,-5.871778420000001,68,139264,67.62,635,-0.009349323343485594,0.0003,0.2,-1.240612378716469,0.6566850543022156,670,0.094873046875,0.7363559007644653,0.009958098,2.720088763907552,,
,,,140000,,,-0.009177390512195415,0.0003,0.2,-1.2234193969517946,0.7791775465011597,680,0.0912109375,0.7899602651596069,0.010259484,3.5649793539196253,-2.1065019369125366,60.6
222,-6.697325810000001,69,141312,68.5,634,,,,,,,,,,,,
225,-6.356486759999999,70,143360,68.35,635,-0.008601161728438455,0.0003,0.2,-1.1965329442173243,0.7391132712364197,690,0.064697265625,0.7268226146697998,0.0077602505,3.379554134979844,,
228,-6.5983284200000005,71,145408,67.66,635,-0.006684772569860798,0.0003,0.2,-1.173379123955965,0.7758986949920654,700,0.077734375,0.6335444450378418,0.0071805185,2.978482084535062,,
232,-5.633276929999999,72,147456,66.87,635,-0.01116486875253031,0.0003,0.2,-1.1746204664930702,1.0890592336654663,710,0.10537109375,0.7486682534217834,0.009264896,2.7981489224359395,,
235,-5.872348130000001,73,149504,66.3,635,-0.011417441122466699,0.0003,0.2,-1.1363530717790127,0.5023269653320312,720,0.073974609375,0.791839599609375,0.007192008,2.735441176407039,,
,,,150000,,,-0.0127020368076046,0.0003,0.2,-1.1242367409169673,0.5346123576164246,730,0.11572265625,0.870444118976593,0.009365684,2.4054137291386724,-6.994124853610993,74.4
238,-5.876752010000001,74,151552,66.79,634,,,,,,,,,,,,
241,-4.283628529999999,75,153600,65.98,634,-0.007748700568481581,0.0003,0.2,-1.1230784196406602,0.6096763014793396,740,0.08291015625,0.7271608710289001,0.009272674,2.7646206552162766,,
245,-3.7992163999999997,76,155648,65.59,635,-0.009201384147309,0.0003,0.2,-1.1833074942231179,0.8660976886749268,750,0.08935546875,0.7320079803466797,0.009885186,2.7833815589547157,,
248,-4.384492319999999,77,157696,66.75,635,-0.007157234396436252,0.0003,0.2,-1.1400164023041726,0.5394058227539062,760,0.071728515625,0.7776594161987305,0.007410958,2.4024626657366754,,
251,-5.3498757,78,159744,66.63,635,-0.0063058405728952495,0.0003,0.2,-1.1161920947954058,1.0860778093338013,770,0.10185546875,0.8113560676574707,0.009966498,2.6424269331619143,,
,,,160000,,,-0.008001499230158516,0.0003,0.2,-1.120794483460486,1.1114470958709717,780,0.083984375,0.7855990529060364,0.007717492,3.281600922346115,-0.9714015245437622,67.2
254,-5.23437589,79,161792,67.0,634,,,,,,,,,,,,
258,-4.94840891,80,163840,66.76,634,-0.005937264746899018,0.0003,0.2,-1.1046020528301597,0.5792572498321533,790,0.0677734375,0.7736465334892273,0.0075864326,2.699073622748256,,
261,-5.30404958,81,165888,67.36,635,-0.01253295763162896,0.0003,0.2,-1.1078905964270234,0.8888246417045593,800,0.09619140625,0.7494782209396362,0.009523665,3.1117903046309947,,
264,-5.95697456,82,167936,68.13,635,-0.008239301928551868,0.0003,0.2,-1.1460599223151804,0.537649929523468,810,0.087109375,0.6168871521949768,0.007313484,3.0812787380069495,,
267,-5.96879407,83,169984,68.46,635,-0.0067208127307822,0.0003,0.2,-1.0971548667177558,0.6125373840332031,820,0.090869140625,0.733619749546051,0.008098101,2.5809514936059714,,
,,,170000,,,-0.007666234772477765,0.0003,0.2,-1.081521513685584,1.0848634243011475,830,0.08134765625,0.7651200294494629,0.0082432665,2.7870979154482485,-0.1522667348384857,65.4
271,-6.034005510000001,84,172032,68.83,634,,,,,,,,,,,,
274,-6.61983208,85,174080,68.89,634,-0.010946593960397877,0.0003,0.2,-1.0732339089736342,1.073182463645935,840,0.11611328125,0.7940560579299927,0.009525735,2.2026199512183666,,
277,-6.075221959999999,86,176128,69.1,634,-0.006531955691752955,0.0003,0.2,-1.0530267730355263,0.5614199042320251,850,0.06005859375,0.7787145972251892,0.0062112194,2.178707905486226,,
280,-5.042712239999999,87,178176,68.43,634,-0.006197242042981088,0.0003,0.2,-1.0372308686375618,1.058550238609314,860,0.082861328125,0.7675859928131104,0.010811335,2.6933005841448905,,
,,,180000,,,-0.01140173584135482,0.0003,0.2,-1.0747617917135357,0.38110291957855225,870,0.130908203125,0.8005985617637634,0.0110277645,1.613398203533143,0.954553148150444,63.6
284,-3.6318703599999997,88,180224,67.69,633,,,,,,,,,,,,
533,-3.3446158199999996,89,182272,67.39,341,-0.007074138463940472,0.0003,0.2,-1.0501740276813507,0.8420212864875793,880,0.078955078125,0.7759876251220703,0.0102080405,2.308330685645342,,
536,-4.68812317,90,184320,67.06,343,-0.009569473468582146,0.0003,0.2,-1.0573228128254413,0.7136461734771729,890,0.101806640625,0.7584883570671082,0.008511254,2.234708066098392,,
540,-4.9232928000000005,91,186368,67.81,345,-0.00872996749021695,0.0003,0.2,-1.045425955578685,1.2931721210479736,900,0.075439453125,0.7428430914878845,0.007922069,4.015251037105918,,
1510,-4.64088211,92,188416,68.28,124,-0.007928661019104766,0.0003,0.2,-1.0835046192631126,1.0617159605026245,910,0.1013671875,0.6479001641273499,0.009311769,2.5107521088793874,,
,,,190000,,,-0.003655687247373862,0.0003,0.2,-1.0702105436474085,0.8740763664245605,920,0.058984375,0.6349813938140869,0.006837157,3.3623043444007634,-9.770539927482606,69.0
1514,-4.5541127800000005,93,190464,68.86,125,,,,,,,,,,,,
2452,-4.90503536,94,192512,68.86,78,-0.006658064766088501,0.0003,0.2,-1.0607766520231963,0.7128592133522034,930,0.085498046875,0.7660518884658813,0.009141343,2.4321324594318865,,
2776,-3.9374015200000003,95,194560,68.26,70,-0.009958565622218885,0.0003,0.2,-1.0749236783012748,0.7018274068832397,940,0.0705078125,0.8539612889289856,0.008627032,2.562645764090121,,
2779,-3.4777764800000006,96,196608,67.72,70,-0.004780713137006387,0.0003,0.2,-1.0777253082022071,0.4183095097541809,950,0.087646484375,0.7064677476882935,0.0091538,2.333879089355469,,
2783,-3.4183828300000005,97,198656,67.23,71,-0.0050244986239704305,0.0003,0.2,-1.0614973735064268,0.8050106167793274,960,0.08037109375,0.7594127058982849,0.0093649365,3.030905282497406,,
,,,200000,,,-0.006795533435797552,0.0003,0.2,-1.0786147080361843,0.4696301221847534,970,0.106689453125,0.7868747711181641,0.009454067,2.800116272084415,-5.827726483345032,68.4
2786,-3.1758066300000003,98,200704,67.36,72,,,,,,,,,,,,
2790,-2.7896599299999996,99,202752,66.88,72,-0.008660518001124728,0.0003,0.2,-1.0575979461893439,0.38013067841529846,980,0.1310546875,0.8128921389579773,0.009307107,1.8869727762416004,,
2793,-3.67046218,100,204800,67.45,73,-0.008409223658964038,0.0003,0.2,-1.0807940619066359,0.5829561948776245,990,0.124609375,0.846936047077179,0.013344292,1.9570159431546927,,
2796,-3.1361372500000004,101,206848,66.93,73,-0.008114630538329948,0.0003,0.2,-1.064364890009165,0.41915082931518555,1000,0.0849609375,0.6857295632362366,0.007058327,2.8352282576262953,,
2800,-3.6533889800000003,102,208896,66.93,74,-0.006527664458553772,0.0003,0.2,-1.0635399887338282,2.20674204826355,1010,0.088623046875,0.838967502117157,0.010549493,2.3429873451590537,,
,,,210000,,,-0.006711224590253551,0.0003,0.2,-1.089761476032436,0.6568458080291748,1020,0.091455078125,0.7937226891517639,0.010302119,2.1675562553107737,1.2693451166152954,67.8
2803,-3.21344862,103,210944,67.72,75,,,,,,,,,,,,
2808,-4.25262876,104,212992,68.08,75,-0.009223054546600907,0.0003,0.2,-1.0906218061223627,0.662546694278717,1030,0.115380859375,0.8473508954048157,0.010699891,2.4192993946373464,,
2811,-4.04916728,105,215040,67.15,76,-0.0037915313889243405,0.0003,0.2,-1.0601378474384546,0.7085789442062378,1040,0.057177734375,0.8443109393119812,0.0071369326,1.9647533988580108,,
2815,-4.072605190000001,106,217088,67.08,77,-0.008863272640883223,0.0003,0.2,-1.081094298698008,1.0570645332336426,1050,0.1130859375,0.7514408826828003,0.009745566,2.700155932083726,,
2818,-4.026616590000001,107,219136,67.32,77,-0.006943099072668701,0.0003,0.2,-1.0662462366744876,0.7730818390846252,1060,0.098388671875,0.7598596215248108,0.009159675,2.2594663385301827,,
,,,220000,,,-0.007306734834855888,0.0003,0.2,-1.0726706275716424,0.3988109230995178,1070,0.114208984375,0.7930489182472229,0.009870699,1.7554589540697634,-1.0369564056396485,67.2
2822,-3.6796722400000004,108,221184,67.96,78,,,,,,,,,,,,
2825,-4.35960888,109,223232,68.41,79,-0.0070346665117540395,0.0003,0.2,-1.048201299831271,0.708736777305603,1080,0.095068359375,0.8763813376426697,0.008127877,1.999890530668199,,
2828,-3.93892143,110,225280,68.35,79,-0.011137502094788943,0.0003,0.2,-1.0550753228366374,0.37062007188796997,1090,0.118212890625,0.772365927696228,0.010112222,2.233750308305025,,
2832,-4.44024598,111,227328,68.43,80,-0.006405785753304372,0.0003,0.2,-1.0107737263664602,0.6162153482437134,1100,0.06962890625,0.7600818276405334,0.0074300254,2.946627924218774,,
2835,-3.971597640000001,112,229376,68.07,80,-0.007232105544244405,0.0003,0.2,-1.0092717524617911,0.7044274210929871,1110,0.087060546875,0.8331512212753296,0.008688999,2.837423745729029,,
,,,230000,,,-0.007278852639137768,0.0003,0.2,-0.9794437577947974,0.5576918721199036,1120,0.088671875,0.7361201643943787,0.009763805,2.6145853616297243,-6.707262182235718,69.6
2839,-3.94307807,113,231424,68.2,81,,,,,,,,,,,,
2842,-3.6658605099999995,114,233472,68.5,82,-0.010237561908434145,0.0003,0.2,-0.9872448552399874,0.8497441411018372,1130,0.11357421875,0.7995883226394653,0.01111922,2.5295947274193167,,
2846,-3.593949669999999,115,235520,68.44,82,-0.006872180760547053,0.0003,0.2,-1.0404821971431375,0.4187852442264557,1140,0.118017578125,0.8835338950157166,0.013821526,1.5067528706043958,,
2849,-3.92329002,116,237568,68.19,83,-0.008457976436329773,0.0003,0.2,-1.0373583264648913,0.6219867467880249,1150,0.123046875,0.8382461071014404,0.010265812,2.0242314537987114,,
2852,-3.9341052400000005,117,239616,69.06,83,-0.007609269035310717,0.0003,0.2,-1.0671611733734607,0.7484142184257507,1160,0.091162109375,0.7788621187210083,0.008061148,2.59384701307863,,
,,,240000,,,-0.008109270806744461,0.0003,0.2,-1.08508480489254,0.7984051704406738,1170,0.085498046875,0.8013051748275757,0.01018874,2.4602246169000863,3.0143274784088137,65.4
2857,-3.95153915,118,241664,68.83,84,,,,,,,,,,,,
2860,-3.6108663900000004,119,243712,68.95,85,-0.00698740037769312,0.0003,0.2,-1.0939148573204875,0.656120240688324,1180,0.103857421875,0.6904271245002747,0.009066347,2.674124598503113,,
2863,-2.9202414799999996,120,245760,67.75,85,-0.005739375844132155,0.0003,0.2,-1.1212913814932108,0.5587359666824341,1190,0.1296875,0.7662602663040161,0.01589068,1.5557500960305333,,
2866,-2.6740307099999994,121,247808,67.86,86,-0.004566644443548285,0.0003,0.2,-1.1067895613610745,0.7830424904823303,1200,0.082421875,0.7845385074615479,0.009047979,2.478081790357828,,
2869,-1.9905367900000002,122,249856,67.11,87,-0.007434570674377028,0.0003,0.2,-1.08838924523443,0.5796693563461304,1210,0.11015625,0.7509897947311401,0.012390517,1.8329576881602407,,
,,,250000,,,-0.007014063924725633,0.0003,0.2,-1.0719065381214024,0.9772326350212097,1220,0.12744140625,0.7816895842552185,0.011418607,2.374011132493615,-0.897619104385376,62.4
2873,-1.7146178399999996,123,251904,67.36,87,,,,,,,,,,,,
2876,-1.57011486,124,253952,66.67,88,-0.005060989042249275,0.0003,0.2,-1.0834549337625503,0.39925092458724976,1230,0.07841796875,0.8233134746551514,0.0068931174,2.2435262560844422,,
2879,-2.0746185699999997,125,256000,66.88,88,-0.006727019089157693,0.0003,0.2,-1.0546061098575592,0.9182562828063965,1240,0.14697265625,0.850996732711792,0.014306614,1.9584779964759946,,
2882,-1.59872488,126,258048,66.3,89,-0.008159052030532622,0.0003,0.2,-1.0651213360950351,0.4513806700706482,1250,0.09326171875,0.7908983826637268,0.009346668,1.8599380427971481,,
,,,260000,,,-0.009390859204722801,0.0003,0.2,-1.0524270741268993,0.9830300211906433,1260,0.10556640625,0.7986130714416504,0.008219764,2.0806281376630067,2.9930280804634095,63.6
2886,-2.1003802799999995,127,260096,67.51,90,,,,,,,,,,,,
2889,-2.18913137,128,262144,67.9,90,-0.007856673808419146,0.0003,0.2,-1.0745549339801073,0.5312932729721069,1270,0.09482421875,0.8159689903259277,0.009333674,1.7997320948168636,,
2892,-2.84545876,129,264192,67.96,91,-0.008222718458273447,0.0003,0.2,-1.0285885285586118,0.29954418540000916,1280,0.09208984375,0.8198847770690918,0.0079988,1.7140146037563682,,
2896,-2.71382432,130,266240,68.5,91,-0.008234490618633572,0.0003,0.2,-1.0050566060468555,0.6150312423706055,1290,0.1068359375,0.7477154731750488,0.010804968,2.38765533156693,,
2899,-4.136238970000001,131,268288,67.71,92,-0.006092668289420544,0.0003,0.2,-1.0170346785336732,0.5256925225257874,1300,0.078955078125,0.831531822681427,0.0075134016,1.8112926886416971,,
,,,270000,,,-0.008588902732299175,0.0003,0.2,-1.000919766537845,0.48800501227378845,1310,0.083056640625,0.7353155016899109,0.009907221,2.106784987449646,-3.8299012660980223,64.2
2903,-4.48894196,132,270336,67.87,93,,,,,,,,,,,,
2906,-5.89342029,133,272384,68.5,93,-0.006079564023821149,0.0003,0.2,-1.0082544960081576,1.8954112529754639,1320,0.09873046875,0.788476288318634,0.008763036,3.1390023555606605,,
2909,-5.36457233,134,274432,68.41,94,-0.006455305795680033,0.0003,0.2,-1.020622119307518,0.9053802490234375,1330,0.071728515625,0.8011478781700134,0.008721324,2.8170210305601358,,
2912,-4.07406835,135,276480,68.02,94,-0.00557233014551457,0.0003,0.2,-1.0363281846046448,0.8444315791130066,1340,0.088671875,0.7259433269500732,0.011498699,3.3495564671233296,,
2915,-2.79963335,136,278528,66.78,95,-0.005445748387137428,0.0003,0.2,-1.0383368713781238,0.5537095069885254,1350,0.090283203125,0.8468006253242493,0.014000281,2.2278194669634104,,
,,,280000,,,-0.006751658593566389,0.0003,0.2,-1.0238125232979656,1.2365022897720337,1360,0.081689453125,0.7446584701538086,0.010382834,3.3697324484586715,-1.9483177065849304,67.2
2919,-2.98317112,137,280576,67.12,96,,,,,,,,,,,,
2922,-3.5327502199999996,138,282624,67.42,96,-0.00713496635435149,0.0003,0.2,-1.01484778765589,0.559231698513031,1370,0.099267578125,0.8447291851043701,0.010390689,2.6123477330431344,,
2925,-3.8211744999999997,139,284672,67.72,97,-0.006435486332338769,0.0003,0.2,-1.043282758258283,0.6009680032730103,1380,0.10517578125,0.7704979181289673,0.0114606805,2.693392005749047,,
2928,-2.7187943399999996,140,286720,66.94,97,-0.006382099144684616,0.0003,0.2,-1.05342369209975,0.9451724886894226,1390,0.06796875,0.7641765475273132,0.00777733,3.5712728805840017,,
2931,-1.9040914599999998,141,288768,66.21,98,-0.005456984884222038,0.0003,0.2,-1.034207441098988,0.6296302080154419,1400,0.0927734375,0.8312907218933105,0.007908254,1.8769067285582424,,
,,,290000,,,-0.004455881239118753,0.0003,0.2,-1.0281829660758377,0.5479518175125122,1410,0.10546875,0.7627765536308289,0.009348944,1.7673066020011903,0.08922100067138672,69.6
2935,-1.3509254800000001,142,290816,66.94,99,,,,,,,,,,,,
2938,-1.78721126,143,292864,67.45,99,-0.005098532846750459,0.0003,0.2,-0.9986489893868565,0.3375757038593292,1420,0.0978515625,0.7666468620300293,0.01326634,1.641320832632482,,
2942,-1.9305583999999998,144,294912,67.51,100,-0.007983069427427835,0.0003,0.2,-0.9845142714679241,0.9324872493743896,1430,0.084326171875,0.6779475212097168,0.009947091,2.6088681127876043,,
2945,-1.47200347,145,296960,66.15,100,-0.008029016352520558,0.0003,0.2,-0.9955968864262104,0.4147847890853882,1440,0.08740234375,0.7930499315261841,0.012144119,2.5120416052639483,,
2948,-2.6227372200000003,146,299008,66.87,101,-0.008637665859714616,0.0003,0.2,-0.9737160002812744,1.1214545965194702,1450,0.094091796875,0.8084864020347595,0.009518921,2.65050615221262,,
,,,300000,,,-0.007456949267361779,0.0003,0.2,-0.9633491646498442,0.4924595355987549,1460,0.109912109375,0.7869541049003601,0.00960604,1.8537735739722847,0.2950486056506634,67.8
2952,-1.6635045200000005,147,301056,66.37,101,,,,,,,,,,,,
2955,-2.5284986500000004,148,303104,66.76,102,-0.010619154151936528,0.0003,0.2,-1.0103571763262154,0.701543390750885,1470,0.128857421875,0.8198578357696533,0.012048067,1.9725625349208713,,
2958,-2.13049871,149,305152,65.95,103,-0.008053309122624341,0.0003,0.2,-1.0046571146696806,0.37198957800865173,1480,0.121875,0.8645573854446411,0.013180101,1.6544975874945522,,
2961,-2.7834621399999997,150,307200,66.09,103,-0.007357874585432,0.0003,0.2,-1.0126149222254752,0.5535265207290649,1490,0.095703125,0.8720031976699829,0.008636869,2.2166082883253693,,
2965,-3.6498061699999997,151,309248,66.87,104,-0.006912684952840209,0.0003,0.2,-1.0113177683204413,0.47024986147880554,1500,0.104248046875,0.8031470775604248,0.008593645,2.1223782105371356,,
,,,310000,,,-0.0067290740214957625,0.0003,0.2,-1.016714882850647,0.7746540307998657,1510,0.088134765625,0.8474910259246826,0.0104144765,2.049580805376172,-2.729464292526245,70.8
2968,-3.5098802900000003,152,311296,67.75,104,,,,,,,,,,,,
2972,-2.9178940100000004,153,313344,68.02,105,-0.00693983406672487,0.0003,0.2,-1.0179482474923134,0.5216137170791626,1520,0.103857421875,0.8897832632064819,0.009555399,1.8753196660429239,,
2975,-2.68230575,154,315392,68.62,105,-0.0038839484011987226,0.0003,0.2,-0.9965746661648154,0.6359800696372986,1530,0.093359375,0.8452302813529968,0.010749079,1.643428791500628,,
2978,-1.52172627,155,317440,68.04,106,-0.005420427200442645,0.0003,0.2,-1.062017916701734,0.354658305644989,1540,0.105224609375,0.8196021914482117,0.010780567,1.4931635634973646,,
2981,-2.4392422000000007,156,319488,68.85,107,-0.006569620648224373,0.0003,0.2,-1.0070441789925098,0.2817785441875458,1550,0.1248046875,0.8429948687553406,0.009162486,1.3543540391139686,,
,,,320000,,,-0.007150150340748951,0.0003,0.2,-1.0062735859304666,0.6800364851951599,1560,0.09345703125,0.846825122833252,0.011929115,1.5009621379896998,-3.0826353803277016,64.2
2985,-2.88299177,157,321536,69.34,107,,,,,,,,,,,,
2989,-3.5942356099999997,158,323584,69.76,108,-0.004675241727090907,0.0003,0.2,-1.0335635820403695,0.4389600157737732,1570,0.079931640625,0.791010856628418,0.009464189,1.5484197515062987,,
2992,-2.7360576199999995,159,325632,68.95,108,-0.005951402794016758,0.0003,0.2,-1.0168745957314969,0.5394665598869324,1580,0.09775390625,0.779181718826294,0.011672901,2.185135860927403,,
2995,-1.8499165299999996,160,327680,67.8,109,-0.006355815062124748,0.0003,0.2,-0.9860290974378586,0.5350865125656128,1590,0.0931640625,0.8400752544403076,0.008452139,1.5282245749607681,,
2998,-1.7945004400000002,161,329728,67.65,109,-0.0052305062461528,0.0003,0.2,-0.9771600602194667,0.5931780934333801,1600,0.114599609375,0.8558508157730103,0.0152839925,1.6176802951842546,,
,,,330000,,,-0.006217426969669759,0.0003,0.2,-0.9709618153050542,0.42744511365890503,1610,0.09501953125,0.8533453941345215,0.011494389,1.3451023087836802,2.3410792350769043,67.8
3002,-2.0289605,162,331776,68.29,110,,,,,,,,,,,,
3005,-2.9341225300000002,163,333824,69.13,111,-0.004879345365043264,0.0003,0.2,-0.9688150597736239,0.4020410180091858,1620,0.123388671875,0.8855639100074768,0.014873775,1.2553842414170504,,
3008,-2.80399565,164,335872,68.92,111,-0.006007755231257761,0.0003,0.2,-0.9653027646243573,0.42828404903411865,1630,0.093359375,0.7763755321502686,0.009142277,1.546451806742698,,
3012,-1.9144887,165,337920,67.62,112,-0.006190582444833126,0.0003,0.2,-0.9558268731459976,0.42381778359413147,1640,0.0986328125,0.820966899394989,0.013566319,1.9141365438699722,,
3015,-1.42768698,166,339968,66.75,112,-0.006880459828244057,0.0003,0.2,-0.9896161790937186,0.2897185683250427,1650,0.105078125,0.8184331655502319,0.012230164,1.6932319059967995,,
,,,340000,,,-0.0043388090402004306,0.0003,0.2,-0.9557458655908704,0.4951767921447754,1660,0.106005859375,0.7246191501617432,0.010698062,1.7331111000850796,-0.8869047403335572,64.8
3018,-0.50340438,167,342016,66.76,113,,,,,,,,,,,,
3022,-1.1695274199999997,168,344064,66.88,113,-0.007356907971552573,0.0003,0.2,-0.9796030269935727,0.3477896451950073,1670,0.144482421875,0.8331238031387329,0.013902051,1.2925774832256138,,
3025,-1.3995111299999998,169,346112,67.81,114,-0.00687825463610352,0.0003,0.2,-0.9846882371231913,0.36652740836143494,1680,0.116796875,0.8763078451156616,0.009627195,1.4424187324009836,,
3028,-0.8895470199999999,170,348160,67.32,114,-0.007278846389090177,0.0003,0.2,-0.9553004579618574,0.4640791714191437,1690,0.091943359375,0.8268548250198364,0.008831831,2.1542054932564496,,
,,,350000,,,-0.00770014189365611,0.0003,0.2,-0.9308044658973813,0.31715086102485657,1700,0.107763671875,0.7840715646743774,0.013669649,1.7331589714623987,3.220004606246948,62.4
3032,-0.59669125,171,350208,67.18,115,,,,,,,,,,,,
3035,-0.4693657499999999,172,352256,67.18,116,-0.007674615539144725,0.0003,0.2,-0.9001884493976832,0.8954172134399414,1710,0.102001953125,0.7535472512245178,0.011132307,2.5243911711499094,,
3038,-0.2614142000000001,173,354304,66.85,116,-0.006991762520920019,0.0003,0.2,-0.9199370518326759,0.9452162384986877,1720,0.09619140625,0.8011853098869324,0.013589666,2.1801083646714687,,
3041,-0.1788907900000001,174,356352,66.7,117,-0.00775664327738923,0.0003,0.2,-0.8824755899608135,0.5262427926063538,1730,0.0876953125,0.8408046364784241,0.00772839,1.7278004793450237,,
3044,1.18079506,175,358400,65.67,117,-0.006331046580453403,0.0003,0.2,-0.8777559669688344,0.3120606243610382,1740,0.090625,0.8144052028656006,0.009540798,1.5044324493966996,,
,,,360000,,,-0.0051900404272601005,0.0003,0.2,-0.8636472534388304,0.4153742790222168,1750,0.134228515625,0.8424507975578308,0.016495785,1.0650394709780813,-3.959047532081604,72.0
3048,-0.5282798499999998,176,360448,66.64,118,,,,,,,,,,,,
3051,-0.78808149,177,362496,66.52,118,-0.007565836230060086,0.0003,0.2,-0.8359257511794567,0.559901773929596,1760,0.080712890625,0.7793508768081665,0.0073594875,2.070528377592564,,
3054,-0.6803274499999997,178,364544,66.22,119,-0.006118270954175387,0.0003,0.2,-0.8572539564222097,0.328561931848526,1770,0.097021484375,0.8326436281204224,0.012300098,1.625536147877574,,
3058,-0.7168462600000001,179,366592,66.7,119,-0.008801841009699274,0.0003,0.2,-0.8263591848313808,0.376869261264801,1780,0.132568359375,0.8647058010101318,0.013491766,1.420013285893947,,
3061,-0.8589742299999998,180,368640,67.5,120,-0.006562991793907713,0.0003,0.2,-0.8517976796254516,0.24626357853412628,1790,0.10546875,0.8938407301902771,0.01068854,1.1552804762497544,,
,,,370000,,,-0.0071558328927494586,0.0003,0.2,-0.8674321975558996,0.6321731209754944,1800,0.120751953125,0.8344089984893799,0.01158983,1.432490463927388,0.29405961036682127,67.2
3065,-1.4860655600000001,181,370688,68.8,120,,,,,,,,,,,,
3068,-1.82915516,182,372736,68.68,121,-0.00844399684210657,0.0003,0.2,-0.853693763166666,0.6266737580299377,1810,0.109814453125,0.7284718751907349,0.009568643,2.0938057623803616,,
3071,-2.0690431499999997,183,374784,68.17,122,-0.006585071315930691,0.0003,0.2,-0.8182180257514119,0.5148991346359253,1820,0.10302734375,0.786361813545227,0.012224375,1.7944949209690093,,
3075,-1.4890370299999998,184,376832,67.05,122,-0.006255592289380729,0.0003,0.2,-0.8258523717522621,0.5763384699821472,1830,0.10302734375,0.772305965423584,0.018265527,1.6775563802570104,,
3078,-2.5371245600000005,185,378880,67.26,123,-0.010743701834144304,0.0003,0.2,-0.8158647641539574,0.4245028495788574,1840,0.1330078125,0.7266460657119751,0.017955665,1.9268793702125548,,
,,,380000,,,-0.0058371072729642036,0.0003,0.2,-0.8062136629596353,0.503435492515564,1850,0.116748046875,0.8087447881698608,0.0106426,1.9037628207355737,-5.914802360534668,70.8
3081,-1.4639963400000002,186,380928,66.82,123,,,,,,,,,,,,
3084,-1.6276285099999999,187,382976,66.49,124,-0.004166666927631013,0.0003,0.2,-0.7831574687734246,0.4490536153316498,1860,0.07841796875,0.8419365286827087,0.011250569,1.6502952652052045,,
3088,-0.5050619900000001,188,385024,66.49,124,-0.005715375005092937,0.0003,0.2,-0.822858508117497,0.43130841851234436,1870,0.107080078125,0.8736686110496521,0.014353018,1.3880525907501577,,
3091,-0.03238263999999978,189,387072,65.91,125,-0.00709616227686638,0.0003,0.2,-0.7873371262103319,0.6642661094665527,1880,0.1048828125,0.8608165383338928,0.011238419,1.6164192935451864,,
3094,-0.3660956899999999,190,389120,66.78,125,-0.004409616992052179,0.0003,0.2,-0.8099225638434291,0.5004605650901794,1890,0.11640625,0.7741293907165527,0.011191562,1.460032839793712,,
,,,390000,,,-0.006164142393390648,0.0003,0.2,-0.8075363481417298,0.2910042405128479,1900,0.125244140625,0.8554322123527527,0.0111491345,1.338372985739261,2.7948138773441316,69.6
3098,0.47660835000000007,191,391168,67.33,126,,,,,,,,,,,,
3101,-0.17042626000000008,192,393216,67.69,126,-0.00588975769787794,0.0003,0.2,-0.7880867315456271,0.4350772500038147,1910,0.1083984375,0.7577200531959534,0.017064923,1.761762920115143,,
3104,-0.16128014000000002,193,395264,67.66,127,-0.007289658524314291,0.0003,0.2,-0.7565943818539381,0.30985429883003235,1920,0.079443359375,0.7924233078956604,0.0077294856,1.75349639961496,,
3108,-0.63569704,194,397312,66.63,127,-0.006921760953264311,0.0003,0.2,-0.747851487994194,0.8759499192237854,1930,0.094482421875,0.8359329700469971,0.009706372,2.119273057021201,,
3111,-0.08998519999999985,195,399360,66.99,128,-0.005369697307469323,0.0003,0.2,-0.7665731187909841,0.3922649025917053,1940,0.103466796875,0.9110246896743774,0.0075127827,1.4277434896677732,,
,,,400000,,,-0.00485854068028857,0.0003,0.2,-0.7287459069862962,0.32962286472320557,1950,0.102197265625,0.8657354116439819,0.009406894,1.6104518182575702,0.08093819618225098,66.0
3114,0.7025359700000002,196,401408,67.09,128,,,,,,,,,,,,
3118,1.38476412,197,403456,67.06,129,-0.004005061041243607,0.0003,0.2,-0.76950842179358,0.47560080885887146,1960,0.095703125,0.8086317777633667,0.0119341295,1.454750687815249,,
3121,1.2494742599999997,198,405504,67.06,129,-0.005096941384545061,0.0003,0.2,-0.7570075403898955,0.41396671533584595,1970,0.122412109375,0.878160834312439,0.015196528,1.3300741633400321,,
3124,0.8225151400000001,199,407552,66.84,130,-0.007030393560853554,0.0003,0.2,-0.7559794208034873,0.4018975496292114,1980,0.13623046875,0.8325838446617126,0.018234853,1.2544533658772707,,
3127,-0.09543419000000009,200,409600,67.59,130,-0.0058663036383222785,0.0003,0.2,-0.7354050371795893,0.2875863015651703,1990,0.09794921875,0.7694445848464966,0.008354729,1.2297571698203682,,
,,,410000,,,-0.0033791431458666922,0.0003,0.2,-0.7426913194358349,0.4239724576473236,2000,0.088427734375,0.8085408806800842,0.01222788,1.3775870645418764,-0.6228354334831238,66.6
3131,-0.022939189999999884,201,411648,68.2,131,,,,,,,,,,,,
3134,-0.42532450999999993,202,413696,68.32,131,-0.005965850521170069,0.0003,0.2,-0.7300382442772388,0.288112998008728,2010,0.1158203125,0.8854585886001587,0.013388877,1.053810142725706,,
3138,-1.6167726999999996,203,415744,69.19,132,-0.0059743540186900645,0.0003,0.2,-0.7277199950069189,0.48672449588775635,2020,0.091064453125,0.8462865352630615,0.008619144,1.4582579620182514,,
3141,-1.3383923499999995,204,417792,68.97,133,-0.008627532827813412,0.0003,0.2,-0.72553042024374,0.37522777915000916,2030,0.107275390625,0.868598461151123,0.014545674,1.3656901107169688,,
3144,-0.8561001899999998,205,419840,68.4,133,-0.004596561247308273,0.0003,0.2,-0.7073769584298134,0.4274276793003082,2040,0.076806640625,0.821118950843811,0.00889501,1.727957948949188,,
,,,420000,,,-0.0021724275313317774,0.0003,0.2,-0.7000910539180041,0.28320130705833435,2050,0.1015625,0.8665997982025146,0.010269134,1.2110439146868885,-0.2753749847412109,70.2
3148,-0.1585903600000001,206,421888,68.23,134,,,,,,,,,,,,
3151,0.45746415,207,423936,68.05,134,-0.0024063178709184284,0.0003,0.2,-0.7155118333175778,0.17855912446975708,2060,0.088720703125,0.8805564641952515,0.010667112,1.0508919968269765,,
3154,0.34571595,208,425984,68.26,135,-0.007741180036100559,0.0003,0.2,-0.735301866941154,0.4468323588371277,2070,0.111865234375,0.8563775420188904,0.01049566,1.3558130278252065,,
3157,0.15402538999999993,209,428032,67.32,135,-0.004927207104628906,0.0003,0.2,-0.738942882232368,0.5622842311859131,2080,0.10400390625,0.7969100475311279,0.010648256,1.2080765119753778,,
,,,430000,,,-0.005806140029744711,0.0003,0.2,-0.7269578373059631,0.31652793288230896,2090,0.119580078125,0.87960284948349,0.013822451,1.202614933811128,-0.15102977752685548,66.6
3161,0.0003274900000001324,210,430080,67.3,136,,,,,,,,,,,,
3164,-0.08204078999999995,211,432128,67.42,136,-0.006355427554808557,0.0003,0.2,-0.7072846906259656,0.3508710563182831,2100,0.117041015625,0.7731575965881348,0.010879378,1.6261784320697188,,
3167,0.7509769599999998,212,434176,66.52,137,-0.007941813678189646,0.0003,0.2,-0.7252910615876317,0.2856532633304596,2110,0.0916015625,0.8766262531280518,0.009208327,1.447140105906874,,
3171,1.2532011200000002,213,436224,66.16,137,-0.007417932372482028,0.0003,0.2,-0.7034516744315624,0.4132458567619324,2120,0.11259765625,0.827620267868042,0.012053885,1.4263532891869546,,
3174,0.6951746599999998,214,438272,66.57,138,-0.007373199010908138,0.0003,0.2,-0.7025899883359671,0.27881938219070435,2130,0.1017578125,0.8730316162109375,0.009163679,1.2213877578265966,,
,,,440000,,,-0.0036033836018759756,0.0003,0.2,-0.6903351923450828,0.33936792612075806,2140,0.0876953125,0.8322681784629822,0.0088859955,1.486325941886753,-4.102480745315551,66.0
3178,0.26263591000000025,215,440320,67.93,138,,,,,,,,,,,,
3181,-0.6851517,216,442368,68.26,139,-0.008047907093714456,0.0003,0.2,-0.6861882586032152,0.24673059582710266,2150,0.115771484375,0.8706955909729004,0.012429338,1.5251076121814549,,
3184,-0.03949639999999986,217,444416,68.17,139,-0.00609625452052569,0.0003,0.2,-0.6832947244867682,0.4614851176738739,2160,0.0994140625,0.7985740303993225,0.013640873,1.6065715527161957,,
3187,0.7124066099999999,218,446464,67.48,140,-0.00495452705072239,0.0003,0.2,-0.7030444258823991,0.2962777614593506,2170,0.13388671875,0.8841574788093567,0.019752983,0.8857238408178091,,
3191,1.8116231400000005,219,448512,66.36,140,-0.004683756389567861,0.0003,0.2,-0.6947062009945512,0.21872234344482422,2180,0.084521484375,0.833322286605835,0.008265147,1.274617108423263,,
,,,450000,,,-0.008268129562202376,0.0003,0.2,-0.7256873199716211,0.32513222098350525,2190,0.129150390625,0.8669660091400146,0.01670042,1.0779281155206264,3.4480519235134124,63.6
3194,1.2807368900000002,220,450560,67.15,141,,,,,,,,,,,,
3198,0.9882173900000001,221,452608,67.54,141,-0.007053108515538043,0.0003,0.2,-0.7114317985251546,0.6686446666717529,2200,0.1103515625,0.9151611328125,0.010794456,0.9062724358402192,,
3202,-0.43241133,222,454656,68.89,141,-0.0029389755058218726,0.0003,0.2,-0.7121346948668361,0.29080283641815186,2210,0.098388671875,0.8637725114822388,0.01056164,1.0010715014766902,,
3206,-0.9436691199999998,223,456704,69.1,142,-0.006525891615456203,0.0003,0.2,-0.7254125567153096,0.6265406608581543,2220,0.0802734375,0.8953457474708557,0.011439992,1.6249366278760136,,
3209,-0.8865565599999998,224,458752,68.43,142,-0.004579702430055477,0.0003,0.2,-0.7164833210408688,0.2258991003036499,2230,0.09794921875,0.8584079742431641,0.01109853,1.1114267671480775,,
,,,460000,,,-0.004995285223412793,0.0003,0.2,-0.7056193357333541,0.2894282341003418,2240,0.118994140625,0.8741785287857056,0.012621829,1.0747388845309616,3.227687454223633,70.8
3213,-0.42225473999999985,225,460800,68.26,143,,,,,,,,,,,,
3216,1.2073909399999998,226,462848,66.91,143,-0.003782522318942938,0.0003,0.2,-0.7035775596275926,0.24857625365257263,2250,0.1419921875,0.8932388424873352,0.017461102,0.9462343355640769,,
3219,1.4036172399999998,227,464896,67.42,144,-0.0037085377203766256,0.0003,0.2,-0.6788470050320029,0.15084627270698547,2260,0.122998046875,0.8468325138092041,0.01772179,1.0217753488570451,,
3222,1.54620671,228,466944,67.11,144,-0.004373090517037781,0.0003,0.2,-0.6767800814472139,0.2577500343322754,2270,0.118115234375,0.8831268548965454,0.011771186,1.0082607387565077,,
3225,1.94740489,229,468992,67.29,145,-0.007096231242758222,0.0003,0.2,-0.6976325307041407,0.25878727436065674,2280,0.114111328125,0.9006271362304688,0.011707069,1.1211693653836847,,
,,,470000,,,-0.005449037400831002,0.0003,0.2,-0.6693832940421999,0.36053669452667236,2290,0.07705078125,0.8914592862129211,0.012072187,1.1516296432353557,-6.285302985459566,71.4
3229,1.4571097100000001,230,471040,67.93,145,,,,,,,,,,,,
3232,2.0180388999999996,231,473088,67.3,146,-0.006428922389750369,0.0003,0.2,-0.6845861230045557,0.3945496082305908,2300,0.111083984375,0.830544114112854,0.01179683,1.3836385334841907,,
3235,0.79275454,232,475136,68.26,146,-0.005648104033025447,0.0003,0.2,-0.6968260482884944,0.18333348631858826,2310,0.12734375,0.8906205892562866,0.0207152,0.9900716879405081,,
3239,0.6394952899999999,233,477184,68.13,147,-0.005049421994044678,0.0003,0.2,-0.6858462058007717,0.45702439546585083,2320,0.11416015625,0.8233814239501953,0.024379766,1.2490539916791021,,
3242,0.9507452899999999,234,479232,67.74,147,-0.005072377483884338,0.0003,0.2,-0.6789035460911691,0.3113873302936554,2330,0.0734375,0.846248984336853,0.008523354,1.4034424668177963,,
,,,480000,,,-0.004017451983236242,0.0003,0.2,-0.6653972793370485,0.4019419550895691,2340,0.11416015625,0.8958647847175598,0.011476951,1.1546158583834767,1.1982369422912598,67.2
3246,1.78296744,235,481280,67.15,148,,,,,,,,,,,,
3249,1.26360371,236,483328,67.12,148,-0.0049701902142260225,0.0003,0.2,-0.6585966744460166,0.3452089726924896,2350,0.098486328125,0.9057449102401733,0.012962306,1.3803613295778632,,
3252,0.3436844699999999,237,485376,67.9,149,-0.007825130835408345,0.0003,0.2,-0.6464249590411782,0.3154776096343994,2360,0.105078125,0.8978767991065979,0.014017609,1.1296779987402261,,
3256,-0.03514647999999994,238,487424,68.73,149,-0.004327189277682919,0.0003,0.2,-0.6257904480211437,0.48595088720321655,2370,0.072802734375,0.9041526317596436,0.01068509,1.3406088969670236,,
3259,1.47888614,239,489472,67.83,150,-0.004818381545192096,0.0003,0.2,-0.6742366963997484,0.36107736825942993,2380,0.075927734375,0.8968206644058228,0.01268583,1.229157457035035,,
,,,490000,,,-0.006529247003345518,0.0003,0.2,-0.6547205102629959,0.2726142108440399,2390,0.109033203125,0.852482259273529,0.012153895,1.346960974112153,-1.0965848222374917,71.4
3263,2.37306117,240,491520,67.9,150,,,,,,,,,,,,
3267,2.9473318,241,493568,66.79,151,-0.003721995127853006,0.0003,0.2,-0.6684420889243483,0.33065861463546753,2400,0.113623046875,0.7922499179840088,0.019510008,1.2661839053966104,,
3270,2.48800276,242,495616,67.12,151,-0.0024161110442946663,0.0003,0.2,-0.6494359400123357,0.33342301845550537,2410,0.075537109375,0.8145009279251099,0.010040561,1.205279287789017,,
3273,2.2499972599999998,243,497664,66.87,152,-0.00775236987246899,0.0003,0.2,-0.6662029460072517,0.26819223165512085,2420,0.10927734375,0.8917677402496338,0.015355776,0.8329185840673745,,
3277,2.24506131,244,499712,67.05,152,-0.003779310261234059,0.0003,0.2,-0.6595460530370474,0.4783599376678467,2430,0.097705078125,0.8859742283821106,0.012993571,1.27931345468387,,
,,,500000,,,-0.003835005484870635,0.0003,0.2,-0.6308379934169352,0.5177870988845825,2440,0.07978515625,0.8200172781944275,0.010089309,1.2677771971561014,-1.0335918188095092,72.0
3281,1.7241040299999997,245,501760,67.33,152,,,,,,,,,,,,
3284,1.74392067,246,503808,67.69,153,-0.005500156477501151,0.0003,0.2,-0.6306653989478945,0.29635173082351685,2450,0.095751953125,0.8500003814697266,0.014994609,1.4370706105604767,,
3287,1.12404209,247,505856,67.78,153,-0.00607239986420609,0.0003,0.2,-0.6161981476470828,0.2107831984758377,2460,0.098095703125,0.8661290407180786,0.010834927,1.2018429778516293,,
3290,1.64583782,248,507904,67.05,154,-0.007543991174316034,0.0003,0.2,-0.6132750949822366,0.40072283148765564,2470,0.091015625,0.8362947106361389,0.0108292885,1.7273451654240488,,
3293,1.14659076,249,509952,66.81,154,-0.00675036882457789,0.0003,0.2,-0.5984361615963281,0.4188936650753021,2480,0.094189453125,0.8699924349784851,0.0125306975,1.4285002186894418,,
,,,510000,,,-0.006557907865499146,0.0003,0.2,-0.5752248064614832,0.6734517812728882,2490,0.083203125,0.8653639554977417,0.0109089995,1.482631935738027,5.388647663593292,63.6
3297,0.7762330100000002,250,512000,67.6,155,,,,,,,,,,,,
3300,0.14288855000000011,251,514048,67.99,155,-0.003481891506817192,0.0003,0.2,-0.5932540189474821,0.3049558699131012,2500,0.08857421875,0.900854766368866,0.009294447,1.5238328913226724,,
3303,0.6540675699999998,252,516096,68.05,156,-0.006223352967208484,0.0003,0.2,-0.5697555596940219,0.3602515161037445,2510,0.096826171875,0.9201790690422058,0.013622796,1.64190312884748,,
3306,1.0780245400000001,253,518144,66.99,156,-0.006943220445828046,0.0003,0.2,-0.5908151706680655,0.5002825856208801,2520,0.084619140625,0.8755744099617004,0.009067498,1.8545560589060188,,
,,,520000,,,-0.0069990319556382016,0.0003,0.2,-0.5800525612197817,0.2116948962211609,2530,0.083203125,0.9202414155006409,0.010962643,1.1749183636158704,0.5670665264129638,69.0
3310,1.06066812,254,520192,67.03,157,,,,,,,,,,,,
3313,1.51826403,255,522240,67.3,157,-0.007185052573913708,0.0003,0.2,-0.6054959502071142,0.3557431399822235,2540,0.085693359375,0.8975796699523926,0.0077898805,1.6230729680508376,,
3316,1.60949065,256,524288,67.57,158,-0.0060515457473229615,0.0003,0.2,-0.6013910334557295,0.22695715725421906,2550,0.1142578125,0.9038935899734497,0.017226906,0.6973371162079275,,
3319,1.85738079,257,526336,67.96,158,-0.006447362276230706,0.0003,0.2,-0.597580471355468,0.3379964828491211,2560,0.10556640625,0.8176451921463013,0.011449361,0.8243616869673133,,
3322,2.01252202,258,528384,67.71,159,-0.0050718175349175,0.0003,0.2,-0.5819073237478734,0.2577798664569855,2570,0.088525390625,0.8552873730659485,0.008369204,1.0163603095337748,,
,,,530000,,,-0.003923731267423136,0.0003,0.2,-0.5994590005837381,0.2454041987657547,2580,0.072119140625,0.8845003843307495,0.008433828,1.0316576652228833,3.142385387420654,67.2
3326,1.7027041399999998,259,530432,67.42,159,,,,,,,,,,,,
3329,1.5213124900000004,260,532480,67.78,159,-0.005670628390362253,0.0003,0.2,-0.6000765515491366,0.4150064289569855,2590,0.0783203125,0.8546517491340637,0.010483818,1.2145044198259711,,
3332,0.89306629,261,534528,68.17,160,-0.00551194550935179,0.0003,0.2,-0.5811372300609946,0.3179115951061249,2600,0.110009765625,0.9107452034950256,0.011855779,1.1346822437830268,,
3335,0.9505221999999999,262,536576,68.8,160,-0.0036518460787192454,0.0003,0.2,-0.5817314655520022,0.3962877690792084,2610,0.064794921875,0.8931064009666443,0.008045997,1.6145501282066106,,
3339,0.8131752,263,538624,68.64,161,-0.004843176977738039,0.0003,0.2,-0.5684935658238828,0.3355448246002197,2620,0.0951171875,0.8338821530342102,0.01523405,1.0908709540031851,,
,,,540000,,,-0.0003540939767844975,0.0003,0.2,-0.5927351443096995,0.3077027201652527,2630,0.096728515625,0.8152045607566833,0.017443992,1.1215713953599333,-0.4672537088394165,66.6
3342,1.32400033,264,540672,68.62,161,,,,,,,,,,,,
3345,1.5206252600000005,265,542720,67.9,162,-0.002213907309487695,0.0003,0.2,-0.5949451403692365,0.2547171115875244,2640,0.105078125,0.8589276075363159,0.021039959,1.1703729715198279,,
3348,1.2496609599999997,266,544768,67.72,162,-0.005299249463860178,0.0003,0.2,-0.5834484936669468,0.2769562602043152,2650,0.083056640625,0.8585752844810486,0.008897657,1.255577164143324,,
3352,0.9969700100000002,267,546816,68.17,163,-0.005367922112054657,0.0003,0.2,-0.5473575532436371,0.3664117753505707,2660,0.081982421875,0.802038311958313,0.010612592,1.454043963458389,,
3355,0.9499838900000002,268,548864,67.77,163,-0.0035254140871984418,0.0003,0.2,-0.5704029057174921,0.32024872303009033,2670,0.093115234375,0.9064475297927856,0.010950446,0.9580590087920428,,
,,,550000,,,0.0029057216350338423,0.0003,0.2,-0.5722751388326287,0.22666394710540771,2680,0.121826171875,0.8889905214309692,0.008284502,0.8979828301817179,8.716219902038574,63.0
3358,0.19382965999999993,269,550912,69.04,164,,,,,,,,,,,,
3361,-0.5674249800000001,270,552960,68.98,164,-0.0030923612444894387,0.0003,0.2,-0.5871281107887626,0.47828829288482666,2690,0.090576171875,0.8732894062995911,0.009819845,1.6875472181476652,,
3365,0.10873572999999986,271,555008,68.44,164,-0.006386568071320653,0.0003,0.2,-0.5453873570077121,0.3081924617290497,2700,0.083349609375,0.8645398616790771,0.012250491,1.9032512104138732,,
3368,-0.03117061000000011,272,557056,68.1,165,-0.004329083849006566,0.0003,0.2,-0.5447369950823486,0.45832720398902893,2710,0.079296875,0.8521129488945007,0.008228827,1.314799495972693,,
3371,1.16685087,273,559104,67.68,165,-0.004099287520512007,0.0003,0.2,-0.5660512516275048,0.41913241147994995,2720,0.085693359375,0.8565453290939331,0.010564983,1.6140246893279255,,
,,,560000,,,-0.0027344270507455803,0.0003,0.2,-0.5445455935783684,0.4399775266647339,2730,0.0857421875,0.8580774068832397,0.010764025,1.302769337501377,0.07455532550811768,67.8
3374,1.11746267,274,561152,68.32,166,,,,,,,,,,,,
3378,1.70439787,275,563200,67.96,166,-0.005292469212145079,0.0003,0.2,-0.5588200947269797,0.34442204236984253,2740,0.106201171875,0.8559975028038025,0.012409653,1.2175174828618764,,
3381,1.6732077400000003,276,565248,67.87,167,-0.005912753587472253,0.0003,0.2,-0.5672196413390338,0.2089797556400299,2750,0.083154296875,0.8918231725692749,0.00906172,1.1118033611215652,,
3384,1.6099802200000002,277,567296,67.41,167,-0.005576546739030163,0.0003,0.2,-0.5655821320600808,0.31328970193862915,2760,0.091259765625,0.8778480291366577,0.013385881,1.439795015566051,,
3387,1.16947473,278,569344,67.62,168,-0.0037200687562290113,0.0003,0.2,-0.5484298582188785,0.5161980986595154,2770,0.073828125,0.9162876605987549,0.011378082,1.4187009168788791,,
,,,570000,,,-0.004604572241078131,0.0003,0.2,-0.5495148472487926,0.31792768836021423,2780,0.092333984375,0.7360657453536987,0.012118442,1.2078004507347941,3.2088886737823485,66.0
3391,0.9924613799999998,279,571392,68.53,168,,,,,,,,,,,,
3394,1.1245183200000002,280,573440,68.44,168,-0.002789052722073393,0.0003,0.2,-0.5468883006833494,0.2466306984424591,2790,0.090185546875,0.7978775501251221,0.013969939,1.1971125431358813,,
3397,1.06711432,281,575488,68.71,169,-0.004597565121366642,0.0003,0.2,-0.5412766025401652,0.3745328485965729,2800,0.0931640625,0.840400755405426,0.010525499,1.1634838923811912,,
3400,1.11922599,282,577536,68.34,169,-0.0028788600975531153,0.0003,0.2,-0.5486781546846032,0.1882530152797699,2810,0.092041015625,0.8854846954345703,0.008465546,1.0378469757735729,,
3403,1.8020297499999998,283,579584,68.4,170,-0.002189471021119971,0.0003,0.2,-0.5284221764653921,0.3690013587474823,2820,0.08583984375,0.8041682243347168,0.016740194,1.176033424772322,,
,,,580000,,,-0.00448161405074643,0.0003,0.2,-0.5397225840948522,0.4840255379676819,2830,0.080419921875,0.8054670095443726,0.008339649,1.3534200952388347,4.3102272033691404,65.4
3407,1.7293302,284,581632,68.8,170,,,,,,,,,,,,
3410,2.27395729,285,583680,68.89,171,-0.005343905198969878,0.0003,0.2,-0.5435503476299346,0.41987961530685425,2840,0.106298828125,0.8490026593208313,0.015999524,1.1268539705313743,,
3413,2.2235862999999996,286,585728,68.17,171,-0.0067793600348522885,0.0003,0.2,-0.5452133155427873,0.20276856422424316,2850,0.091552734375,0.8452378511428833,0.009969802,0.9486887745559216,,
3416,1.9431295700000002,287,587776,67.83,172,-0.004389793994050706,0.0003,0.2,-0.5616148309782147,0.3608130216598511,2860,0.0892578125,0.8574907779693604,0.009662645,1.0433620621450246,,
3419,1.7804996800000001,288,589824,67.83,172,-0.005987764896417502,0.0003,0.2,-0.5446014914661645,0.36747777462005615,2870,0.068603515625,0.8212368488311768,0.011570485,1.3466962413862347,,
,,,590000,,,-0.0026938530791085213,0.0003,0.2,-0.5540849927812814,0.31128960847854614,2880,0.069970703125,0.8885183930397034,0.0102597205,1.3734363403171301,7.375270652770996,64.2
3423,1.27801485,289,591872,68.65,172,,,,,,,,,,,,
3426,2.8349789299999997,290,593920,68.02,173,-0.0054712860117433594,0.0003,0.2,-0.5987812853418291,0.3036709427833557,2890,0.11865234375,0.8420326709747314,0.020081725,1.468541264347732,,
3429,3.43944125,291,595968,67.6,173,-0.007853334669198376,0.0003,0.2,-0.5770862579345704,0.21420758962631226,2900,0.106884765625,0.8396784663200378,0.012257649,1.1623058361001313,,
3432,3.14311944,292,598016,66.9,174,-0.002559547657438088,0.0003,0.2,-0.5848497508093715,0.42661622166633606,2910,0.091357421875,0.8838893175125122,0.0078099743,1.1629528919234873,,
,,,600000,,,-0.004358433054585475,0.0003,0.2,-0.5687216038815677,0.4977589547634125,2920,0.091845703125,0.9020421504974365,0.008471321,1.2686753416433931,7.105172133445739,62.4
3436,2.6949396,293,600064,67.2,174,,,,,,,,,,,,
3439,2.8511301,294,602112,67.33,175,-0.006476045681483811,0.0003,0.2,-0.5567157891578972,0.3262566328048706,2930,0.1205078125,0.9230915904045105,0.017379664,0.7921465919818729,,
3442,2.0878351500000005,295,604160,67.99,175,-0.0054250220171525145,0.0003,0.2,-0.5378011317923665,0.3566104769706726,2940,0.098486328125,0.8855293393135071,0.014345499,1.241960534825921,,
3445,2.07927895,296,606208,67.63,175,-0.0033104352871305308,0.0003,0.2,-0.5457767760381103,0.22366571426391602,2950,0.09296875,0.8628731369972229,0.010712689,0.9739436002448201,,
3449,1.2961988900000003,297,608256,67.92,176,-0.0016262908553471788,0.0003,0.2,-0.5381421016529202,0.3031770586967468,2960,0.0908203125,0.8548518419265747,0.014591696,1.3055089879781008,,
,,,610000,,,-0.0049165685049956664,0.0003,0.2,-0.5485481914132834,0.21675506234169006,2970,0.094580078125,0.902076244354248,0.0127102,0.9335727750789374,-4.803532600402832,69.0
3452,0.7401253399999999,298,610304,68.71,176,,,,,,,,,,,,
3455,0.91751995,299,612352,68.2,177,-0.0011894596354977693,0.0003,0.2,-0.5344821900129318,0.36443138122558594,2980,0.109716796875,0.8864644765853882,0.011158256,1.0843265547417105,,
3458,1.2881696200000001,300,614400,67.99,177,-0.004569819064636249,0.0003,0.2,-0.5572678487747907,0.7899447083473206,2990,0.083349609375,0.8653821349143982,0.008674015,1.644316791370511,,
3462,1.54914692,301,616448,68.08,178,-0.004633824475604342,0.0003,0.2,-0.5485692792572081,0.4060004651546478,3000,0.093701171875,0.8891177177429199,0.010333718,1.0813836408779025,,
3465,2.62495122,302,618496,66.84,178,-0.0026190903736278415,0.0003,0.2,-0.5507640107534826,0.16912855207920074,3010,0.110791015625,0.9079437255859375,0.015196995,0.7765881502535195,,
,,,620000,,,-0.006074009471922182,0.0003,0.2,-0.5287627687677741,0.47827571630477905,3020,0.094140625,0.9196737408638,0.00981774,1.2941000597551464,-2.606614923477173,73.2
3468,2.33444619,303,620544,67.12,178,,,,,,,,,,,,
3471,2.4124373300000004,304,622592,67.42,179,-0.0029566517237981315,0.0003,0.2,-0.5334876983426511,0.24723687767982483,3030,0.084033203125,0.8858816027641296,0.014823191,1.0509124917909503,,
3475,2.6179994399999997,305,624640,67.54,179,-0.005721624429861549,0.0003,0.2,-0.5521667738445103,0.1658816635608673,3040,0.106689453125,0.8912160396575928,0.01251374,1.0148172482848168,,
3478,3.0124869500000004,306,626688,67.54,180,-0.007716461070958758,0.0003,0.2,-0.5571197992190718,0.5061257481575012,3050,0.10400390625,0.9071170091629028,0.015958171,1.4430939719080924,,
3481,3.82465547,307,628736,67.14,180,-0.0038182598062121544,0.0003,0.2,-0.5467954909428954,0.36824536323547363,3060,0.116259765625,0.9210768342018127,0.014332497,1.1497473661787807,,
,,,630000,,,-0.003353967836301308,0.0003,0.2,-0.529611696023494,0.3353848457336426,3070,0.076513671875,0.9303769469261169,0.007290727,1.0508968168869615,5.2791666984558105,64.2
3484,2.8500014300000003,308,630784,68.38,181,,,,,,,,,,,,
3488,2.5267709299999996,309,632832,68.89,181,-0.004745808365987614,0.0003,0.2,-0.5599392381496727,0.3415498733520508,3080,0.09853515625,0.9434012174606323,0.00998022,1.2563166376203299,,
3491,2.61479695,310,634880,68.65,181,-0.003659427877573762,0.0003,0.2,-0.5298526326194406,0.20274531841278076,3090,0.094775390625,0.9323925375938416,0.017980836,0.9297381247393787,,
3494,2.7166830199999996,311,636928,67.71,182,-0.0025725450344907586,0.0003,0.2,-0.5352579499594867,0.16792665421962738,3100,0.097705078125,0.941283643245697,0.018389238,0.6243495868518949,,
3497,3.5781438000000003,312,638976,66.93,182,-0.0011332757752825274,0.0003,0.2,-0.5033937692642212,0.31180575489997864,3110,0.085546875,0.9309502243995667,0.012934676,0.8803856585174799,,
,,,640000,,,-0.000821454580000136,0.0003,0.2,-0.5102233605459332,0.344454824924469,3120,0.09873046875,0.9172353148460388,0.0101222135,0.6903114970773458,-1.9714437484741212,72.0
3501,3.8749020499999993,313,641024,66.97,183,,,,,,,,,,,,
3504,3.922088279999999,314,643072,67.6,183,-0.003864144872932229,0.0003,0.2,-0.4878772350028157,0.46381840109825134,3130,0.074853515625,0.9112379550933838,0.00967492,1.2222001283429562,,
3507,3.5342323199999996,315,645120,68.14,183,-0.0010216881200904027,0.0003,0.2,-0.4994030291214585,0.1384611427783966,3140,0.101318359375,0.9412875771522522,0.0135899,0.8618755175732076,,
3510,2.42656922,316,647168,68.16,184,-0.004527904759015655,0.0003,0.2,-0.49865212561562655,0.2945329248905182,3150,0.08759765625,0.9164348840713501,0.00916753,0.96157410684973,,
3513,3.14376713,317,649216,67.71,184,-0.003625546426337678,0.0003,0.2,-0.4614469856955111,0.19661462306976318,3160,0.080517578125,0.8922737836837769,0.011471279,1.1075237375684082,,
,,,650000,,,-0.0009593125054379925,0.0003,0.2,-0.4851989379152656,0.1795080602169037,3170,0.072607421875,0.8764504790306091,0.01943528,0.8371824720874429,5.163429021835327,67.8
3517,2.4336103500000004,318,651264,68.26,185,,,,,,,,,,,,
3520,3.188836300000001,319,653312,67.39,185,-0.005000377040414605,0.0003,0.2,-0.5095033555291593,0.14082680642604828,3180,0.116259765625,0.9221389293670654,0.019145112,0.8417377087287605,,
3523,2.8910929,320,655360,67.63,185,-0.0037578923045657577,0.0003,0.2,-0.5183709749951959,0.3410741090774536,3190,0.128369140625,0.9129005074501038,0.022550996,0.9566894796211273,,
3526,2.42864568,321,657408,67.47,186,-0.0030495946295559405,0.0003,0.2,-0.4800974757410586,0.14948579668998718,3200,0.072802734375,0.9346393942832947,0.007422854,0.7551266408525408,,
3529,2.23488046,322,659456,67.89,186,-0.005038797261659056,0.0003,0.2,-0.4651905789971352,0.17208483815193176,3210,0.0763671875,0.9139948487281799,0.008331776,0.9632749851793051,,
,,,660000,,,-0.0032723603493650445,0.0003,0.2,-0.45634329654276373,0.10242290794849396,3220,0.0916015625,0.9468674659729004,0.018304087,0.7922367505263537,3.5177592992782594,68.4
3533,2.4234046000000005,323,661504,68.29,187,,,,,,,,,,,,
3536,2.3208367,324,663552,68.32,187,-0.0022174981320858935,0.0003,0.2,-0.47870552260428667,0.1884402483701706,3230,0.08408203125,0.9281574487686157,0.017918523,0.7412332659121603,,
3539,2.75100653,325,665600,68.32,188,-0.003423753912647953,0.0003,0.2,-0.4684426271356642,0.2791106402873993,3240,0.0791015625,0.9268081784248352,0.010815172,1.0928329651243984,,
3543,2.2694160500000002,326,667648,67.89,188,-0.0034259573818417265,0.0003,0.2,-0.49316922668367624,0.22021237015724182,3250,0.084814453125,0.825212299823761,0.013849536,1.0513259193859994,,
3546,1.94361954,327,669696,68.55,188,-0.00027664689332596026,0.0003,0.2,-0.49021347919479014,0.22580379247665405,3260,0.112255859375,0.9237790107727051,0.010928551,0.624775021802634,,
,,,670000,,,-0.00252567295829067,0.0003,0.2,-0.4924176886677742,0.1688033789396286,3270,0.0875,0.9341093897819519,0.016468495,0.7019520848523826,-1.8232960939407348,66.6
3549,2.02419273,328,671744,68.14,189,,,,,,,,,,,,
3552,1.9427203199999996,329,673792,68.2,189,-0.0026725096176960506,0.0003,0.2,-0.477285750862211,0.3243231177330017,3280,0.09619140625,0.896867036819458,0.008423671,1.0940951015800238,,
3556,2.10518979,330,675840,68.53,190,-0.004584125521796522,0.0003,0.2,-0.48273110426962373,0.259012907743454,3290,0.072314453125,0.8968637585639954,0.0106626805,0.9810467296279967,,
3559,2.92187953,331,677888,67.38,190,-0.0037590876781905536,0.0003,0.2,-0.500375822931528,0.15776176750659943,3300,0.083740234375,0.9204410314559937,0.009975046,0.631315338332206,,
3562,3.7182056100000005,332,679936,67.08,190,-0.004199883267574478,0.0003,0.2,-0.4739286777563393,0.20526111125946045,3310,0.074267578125,0.9094773530960083,0.008385096,0.78768306132406,,
,,,680000,,,0.004386802313820226,0.0003,0.2,-0.4824898228049278,0.295500248670578,3320,0.113134765625,0.8977506756782532,0.022465553,1.1416224318556487,3.5390916764736176,66.6
3566,3.427463510000001,333,681984,66.94,191,,,,,,,,,,,,
3569,3.31283815,334,684032,66.79,191,-0.00024307933199452236,0.0003,0.2,-0.4708984263241291,0.31722646951675415,3330,0.066357421875,0.885077714920044,0.007985644,1.0866513207089157,,
3572,2.965621450000001,335,686080,67.57,192,-0.004836381100176368,0.0003,0.2,-0.492134496755898,0.26194608211517334,3340,0.08193359375,0.9250844120979309,0.01445026,1.1303973969072103,,
3575,3.07039442,336,688128,67.29,192,-0.0038626006495178443,0.0003,0.2,-0.5081550100818276,0.19074788689613342,3350,0.08232421875,0.8995968699455261,0.009865804,1.0623201500624417,,
,,,690000,,,0.0010089554823935031,0.0003,0.2,-0.4958154053427279,0.15641576051712036,3360,0.07998046875,0.93071049451828,0.008378713,0.6948732792865485,3.1261404037475584,66.6
3579,2.8509777100000004,337,690176,67.81,192,,,,,,,,,,,,
3582,3.51193695,338,692224,67.0,193,-0.004774421846377663,0.0003,0.2,-0.496500993706286,0.34597155451774597,3370,0.104736328125,0.9043380618095398,0.009619476,0.6839934640098363,,
3585,2.5070269,339,694272,67.54,193,-0.006435200530540896,0.0003,0.2,-0.494084469974041,0.13762302696704865,3380,0.097412109375,0.9070514440536499,0.01328586,0.5367096228525042,,
3588,3.0391080699999997,340,696320,67.09,194,-0.0061108151348889805,0.0003,0.2,-0.49616668689996,0.29805511236190796,3390,0.06474609375,0.9438275694847107,0.008477869,0.9323701788671315,,
3591,3.2564450799999998,341,698368,66.87,194,-0.005356163965916494,0.0003,0.2,-0.5045232445001602,0.40635210275650024,3400,0.08369140625,0.9132683873176575,0.008034015,0.9764859789051116,,
,,,700000,,,-0.005614277759741526,0.0003,0.2,-0.5016082252375782,0.29612985253334045,3410,0.099755859375,0.922235369682312,0.014776645,0.8825035450980068,5.145577323436737,65.4
3595,4.446543719999999,342,700416,66.46,194,,,,,,,,,,,,
3598,3.20888464,343,702464,66.82,195,-0.0033775899770262185,0.0003,0.2,-0.5284751594997943,0.15228962898254395,3420,0.09755859375,0.9096527099609375,0.019519437,0.7854036148171872,,
3601,3.1361962800000005,344,704512,67.09,195,-0.004545802880602423,0.0003,0.2,-0.5162224604748189,0.24864783883094788,3430,0.126025390625,0.7984554171562195,0.027946435,1.1249543780460953,,
3604,2.6414890100000004,345,706560,66.97,196,-0.0033595842454815284,0.0003,0.2,-0.5121170907281339,0.240320086479187,3440,0.105224609375,0.8701090812683105,0.026126804,0.938561393879354,,
3607,2.99240643,346,708608,67.38,196,-0.004570352629525587,0.0003,0.2,-0.5303497613407672,0.34891819953918457,3450,0.094384765625,0.909923255443573,0.010804585,0.9417690398637205,,
,,,710000,,,-0.007158771227113903,0.0003,0.2,-0.5336678544990718,0.6656616926193237,3460,0.0888671875,0.9026450514793396,0.01353284,0.8604366469662637,4.507260179519653,64.8
3611,3.4171753199999997,347,710656,66.82,196,,,,,,,,,,,,
3614,2.8571267999999996,348,712704,67.99,197,-0.0019050044364121276,0.0003,0.2,-0.499563857074827,0.27369803190231323,3470,0.084521484375,0.9278654456138611,0.016605232,0.8165480784140527,,
3617,2.926506759999999,349,714752,67.42,197,-0.004236077427049167,0.0003,0.2,-0.5122672686353326,0.16509045660495758,3480,0.133544921875,0.9397768974304199,0.017179355,0.46661432669498026,,
3620,1.7433535199999997,350,716800,68.68,197,-0.0064440694572112985,0.0003,0.2,-0.5021705855615437,0.1670462042093277,3490,0.10380859375,0.9392973184585571,0.013703802,0.8362208581529558,,
3623,1.6264756299999998,351,718848,68.82,198,-0.0007649998093256727,0.0003,0.2,-0.53375777695328,0.25756028294563293,3500,0.086767578125,0.8909697532653809,0.015515914,0.8902687891386449,,
,,,720000,,,-0.000794249982573092,0.0003,0.2,-0.5162880763411521,0.3236143887042999,3510,0.077001953125,0.9078352451324463,0.0077743568,1.1680428337305784,4.2569663524627686,64.2
3627,2.52135289,352,720896,68.05,198,,,,,,,,,,,,
3630,1.9065607600000005,353,722944,67.99,199,-0.003553217132866848,0.0003,0.2,-0.5425491143018008,0.1462845504283905,3520,0.10654296875,0.8927186727523804,0.014457509,0.9988228119909763,,
3634,1.4409084600000002,354,724992,67.63,199,-0.004570850143500138,0.0003,0.2,-0.5337240601889789,0.3389751613140106,3530,0.0916015625,0.8917468190193176,0.018277049,1.3251966466195881,,
3637,0.93359705,355,727040,67.38,199,-0.007360049041744787,0.0003,0.2,-0.5039852381683886,0.4720571041107178,3540,0.08544921875,0.9072632789611816,0.013659488,1.373141848295927,,
3640,1.3321545000000001,356,729088,67.65,200,-0.0028580270663951524,0.0003,0.2,-0.506385004054755,0.25743529200553894,3550,0.070703125,0.8572741746902466,0.009069073,1.2998402697965503,,
,,,730000,,,-0.005785446775189484,0.0003,0.2,-0.5284399587661028,0.22954031825065613,3560,0.0951171875,0.9219129681587219,0.015241854,0.7887935136444867,3.083850932121277,67.8
3644,2.19260274,357,731136,68.05,200,,,,,,,,,,,,
3647,3.2190933400000006,358,733184,67.6,201,-0.006479080731514842,0.0003,0.2,-0.5103334633633494,0.4138980507850647,3570,0.10390625,0.8940188884735107,0.01336034,1.1682102156803011,,
3650,2.714601,359,735232,68.11,201,-0.00599993046344025,0.0003,0.2,-0.5011007291264832,0.3445183336734772,3580,0.071337890625,0.8864905834197998,0.00806347,1.3936707095243037,,
3653,2.1512635300000005,360,737280,67.11,201,-0.0018851712084142491,0.0003,0.2,-0.5208569357171655,0.23722602427005768,3590,0.09599609375,0.918962836265564,0.012080045,0.9618324327282608,,
3656,0.9124605299999999,361,739328,67.95,202,-0.0028123365904320964,0.0003,0.2,-0.5002589751034975,0.8289759755134583,3600,0.106982421875,0.9161972403526306,0.01691705,1.1777778277173638,,
,,,740000,,,-0.0018304940749658272,0.0003,0.2,-0.4547986603341997,0.2900024652481079,3610,0.078515625,0.8688355088233948,0.017556503,1.2917282856069505,3.595006561279297,69.6
3660,0.5211956000000001,362,741376,68.71,202,,,,,,,,,,,,
3663,1.3101610799999996,363,743424,68.83,202,-0.0012216764691402205,0.0003,0.2,-0.4614254981279373,0.2823375463485718,3620,0.08740234375,0.9219192266464233,0.022687713,0.9230230461806059,,
3666,3.1702834400000004,364,745472,67.93,203,-0.0036032025353051724,0.0003,0.2,-0.4684992665424943,0.4391213059425354,3630,0.0853515625,0.9247909784317017,0.014497467,1.3227827051654457,,
3669,3.55944969,365,747520,67.2,203,-0.0010781796678202226,0.0003,0.2,-0.470106943231076,0.2194473147392273,3640,0.084912109375,0.9130187034606934,0.010125078,0.7262741981539875,,
3672,4.27792628,366,749568,66.57,204,-0.0022930260322027605,0.0003,0.2,-0.45509561188519,0.1363918036222458,3650,0.080029296875,0.9088950157165527,0.013598383,1.002271638158709,,
,,,750000,,,-0.0010902213776716962,0.0003,0.2,-0.4387305212207139,0.17486277222633362,3660,0.08486328125,0.927627444267273,0.014631086,0.7337574568577111,3.7997377634048464,67.2
3676,4.3051214,367,751616,65.98,204,,,,,,,,,,,,
3679,4.11707216,368,753664,66.25,204,-0.0023545279065729117,0.0003,0.2,-0.4283249106258154,0.1689777970314026,3670,0.081201171875,0.911931037902832,0.007724336,1.160820586234331,,
3682,4.11583281,369,755712,66.13,205,-0.0021218533802311867,0.0003,0.2,-0.4476931780576706,0.21250078082084656,3680,0.117919921875,0.9130287766456604,0.03283063,0.8379861650057137,,
3686,2.9168921599999997,370,757760,67.38,205,-0.0031955398804711876,0.0003,0.2,-0.43670791322365404,0.44224458932876587,3690,0.09560546875,0.9230831861495972,0.015456636,0.9736461052671075,,
3689,2.5898472600000004,371,759808,67.86,205,-0.00215424492926104,0.0003,0.2,-0.4405549899674952,0.40410280227661133,3700,0.090576171875,0.9277558326721191,0.014248143,1.0467566417530179,,
,,,760000,,,0.0005435963859781623,0.0003,0.2,-0.4479422361589968,0.20552733540534973,3710,0.1060546875,0.9199732542037964,0.011215547,0.6577748024836183,-2.8411413192749024,72.6
3692,1.56033966,372,761856,67.87,206,,,,,,,,,,,,
3695,2.2985820500000003,373,763904,67.63,206,-0.0047497144267254045,0.0003,0.2,-0.42330610631033777,0.2379339039325714,3720,0.0802734375,0.9285993576049805,0.012891048,0.8666043613106013,,
3699,1.86362393,374,765952,68.41,207,-0.002527913045923924,0.0003,0.2,-0.43554310128092766,0.24656139314174652,3730,0.064404296875,0.9332239627838135,0.014112353,0.9062654055655003,,
3702,1.7874888899999997,375,768000,68.67,207,-0.0006520910945255309,0.0003,0.2,-0.43550070757046344,0.2748478949069977,3740,0.1001953125,0.9480371475219727,0.0098432,0.7311684198677539,,
,,,770000,,,-0.0030948890002036934,0.0003,0.2,-0.4333343544974923,0.31895482540130615,3750,0.094677734375,0.9017370343208313,0.013217689,0.7708515299484133,4.9947846829891205,64.8
3705,2.8174965399999996,376,770048,68.1,207,,,,,,,,,,,,
3709,2.09077294,377,772096,68.35,208,-0.005242404474120122,0.0003,0.2,-0.4316170776262879,0.28683948516845703,3760,0.090576171875,0.9107970595359802,0.009603274,0.73882907461375,,
3712,2.89005672,378,774144,67.72,208,-0.00615510584502772,0.0003,0.2,-0.4320905562490225,0.274617463350296,3770,0.078564453125,0.943135678768158,0.016280703,0.8561472011730075,,
3715,2.59805076,379,776192,67.93,208,-0.004010310728335753,0.0003,0.2,-0.428312114905566,0.29862919449806213,3780,0.055859375,0.9078441858291626,0.0074475184,0.9335282764397561,,
3718,2.29681989,380,778240,68.13,209,-0.002829672035295516,0.0003,0.2,-0.4188269509002566,0.3548610508441925,3790,0.06435546875,0.9245794415473938,0.006790148,1.017218097206205,,
,,,780000,,,-0.0033962962901568972,0.0003,0.2,-0.4147325553931296,0.275651752948761,3800,0.070751953125,0.8733389377593994,0.010726659,0.9789039173163474,1.2974046468734741,66.6
3722,2.8565344400000003,381,780288,68.56,209,,,,,,,,,,,,
3725,2.7042891099999995,382,782336,68.62,210,-0.0014860568713629617,0.0003,0.2,-0.40378405721858146,0.3740096688270569,3810,0.06748046875,0.9156135320663452,0.010692678,0.8779684311710299,,
3728,3.87357341,383,784384,67.51,210,-0.0036270855882321483,0.0003,0.2,-0.4161672660149634,0.24935345351696014,3820,0.090966796875,0.9055378437042236,0.022314426,0.7748942361213267,,
3731,3.14348449,384,786432,67.66,210,-0.0041024129226570945,0.0003,0.2,-0.4486463421955705,0.21949583292007446,3830,0.10595703125,0.9371582865715027,0.018263467,0.6664206458255648,,
3734,2.5257364,385,788480,67.38,211,-0.003990269415953662,0.0003,0.2,-0.46497534699738025,0.41828280687332153,3840,0.08623046875,0.9159507751464844,0.014352144,0.9623804882168769,,
,,,790000,,,-0.0037118154257768767,0.0003,0.2,-0.43768438007682564,0.24556571245193481,3850,0.0931640625,0.9042079448699951,0.015724914,1.1036612913943826,5.399086761474609,66.6
3738,0.8285195799999998,386,790528,68.68,211,,,,,,,,,,,,
3741,1.1299632200000003,387,792576,68.44,211,-0.006984090246260166,0.0003,0.2,-0.43556484980508686,0.6303439140319824,3860,0.08046875,0.8881526589393616,0.021742512,2.0537896120920776,,
3744,1.0231253000000002,388,794624,68.26,212,-0.0046886052121408285,0.0003,0.2,-0.4546656687743962,0.5215483903884888,3870,0.077392578125,0.9154115915298462,0.012051273,1.2110715304501354,,
3747,2.0997656700000005,389,796672,67.87,212,-0.004438754309376236,0.0003,0.2,-0.4539519210346043,0.2931954264640808,3880,0.0986328125,0.8118678331375122,0.025147082,1.4285487201996148,,
3750,1.5857486300000005,390,798720,68.37,212,-0.007546999701298773,0.0003,0.2,-0.44263378363102673,0.2018774300813675,3890,0.0892578125,0.9241339564323425,0.013909968,1.2011201076209546,,
,,,800000,,,-0.003543237653502729,0.0003,0.2,-0.46163205094635484,0.3362610638141632,3900,0.0900390625,0.921051561832428,0.019158244,1.07077504824847,5.117710736393929,63.0
3754,2.33513391,391,800768,68.59,213,,,,,,,,,,,,
3757,3.0487911700000008,392,802816,68.35,213,-0.003766691558121238,0.0003,0.2,-0.44668275089934467,0.16541630029678345,3910,0.092333984375,0.9398046135902405,0.01747023,0.805595938442275,,
3760,4.491471890000001,393,804864,66.91,214,-0.0010998868747265078,0.0003,0.2,-0.4500555126927793,0.16365042328834534,3920,0.096337890625,0.8776068687438965,0.032606427,0.7131968147587031,,
3763,4.355114230000001,394,806912,66.51,214,-0.00556717890794971,0.0003,0.2,-0.4429310169070959,0.2810478210449219,3930,0.109375,0.9233550429344177,0.016738601,0.7451928546186537,,
3766,4.222182869999999,395,808960,66.39,214,-0.004251101338741137,0.0003,0.2,-0.43419352676719425,0.3259287178516388,3940,0.07607421875,0.9316914081573486,0.012864071,0.9038334961980581,,
,,,810000,,,-0.0029706459819863083,0.0003,0.2,-0.4468691680580378,0.3679758310317993,3950,0.074365234375,0.9306053519248962,0.019099813,0.976216236781329,-2.8129624724388123,72.6
3770,3.33104754,396,811008,68.14,215,,,,,,,,,,,,
3773,2.5155878,397,813056,68.44,215,-0.0034156252491811755,0.0003,0.2,-0.46151376590132714,0.3496930003166199,3960,0.071728515625,0.8910189867019653,0.013671486,1.0468756033107638,,
3776,2.62816532,398,815104,68.38,215,-0.006328220093564596,0.0003,0.2,-0.47213233467191457,0.42000821232795715,3970,0.078857421875,0.7911399602890015,0.026999641,1.512359759863466,,
3780,2.08020963,399,817152,67.56,216,-0.002333479314984288,0.0003,0.2,-0.45489356722682717,0.2725542187690735,3980,0.105908203125,0.9163875579833984,0.01743373,0.9915217228699476,,
3783,2.05645938,400,819200,67.65,216,-0.007228334437240846,0.0003,0.2,-0.47702740635722873,0.1936611533164978,3990,0.128759765625,0.9378549456596375,0.022370476,1.019086614623666,,
,,,820000,,,0.002998152415966615,0.0003,0.2,-0.4850078492425382,1.229205846786499,4000,0.10517578125,0.8754825592041016,0.045091324,1.8078390234149992,6.560106086730957,63.0
3786,2.21788368,401,821248,67.24,216,,,,,,,,,,,,
3789,2.66977745,402,823296,67.63,217,-0.0029052123398287224,0.0003,0.2,-0.47277133641764524,0.21467991173267365,4010,0.11083984375,0.9216899275779724,0.011523439,0.7140297217760235,,
3793,3.1315370200000006,403,825344,67.51,217,-0.00375254544778727,0.0003,0.2,-0.4779634863138199,0.21338197588920593,4020,0.094384765625,0.8823496103286743,0.024734365,1.1270299942232669,,
3796,2.79784597,404,827392,67.62,217,-0.004250103852245957,0.0003,0.2,-0.48202329184859993,0.20063811540603638,4030,0.11123046875,0.84181147813797,0.011988202,0.8720420803874731,,
3799,3.6598383800000005,405,829440,67.23,218,-0.0076839313653181305,0.0003,0.2,-0.4949637916870415,0.16595681011676788,4040,0.096728515625,0.9008631110191345,0.013108918,0.7984501522965729,,
,,,830000,,,-0.003077015082453727,0.0003,0.2,-0.4810383979231119,0.29466134309768677,4050,0.097314453125,0.9247256517410278,0.0171673,0.8047316676005721,6.30580883026123,61.8
3802,3.6523158700000007,406,831488,67.57,218,,,,,,,,,,,,
3805,4.28183314,407,833536,66.37,219,-0.006263287483307067,0.0003,0.2,-0.48197557386010886,0.22458341717720032,4060,0.09921875,0.9021580815315247,0.010819581,0.8292926651425659,,
3809,3.013863,408,835584,67.06,219,-0.00759571091766702,0.0003,0.2,-0.4920456764288247,0.3016064763069153,4070,0.1013671875,0.8609766960144043,0.024684943,1.0639421357773244,,
3812,3.1291157600000004,409,837632,66.84,219,-0.0029885273390391374,0.0003,0.2,-0.46428309585899113,0.46352195739746094,4080,0.092431640625,0.9047136902809143,0.014492929,1.3644499006681143,,
3815,1.5674954099999996,410,839680,67.89,220,-0.007019425067119301,0.0003,0.2,-0.47942216265946624,0.6714187860488892,4090,0.079150390625,0.8698103427886963,0.012166236,1.4611602533608674,,
,,,840000,,,-0.0063037896368769,0.0003,0.2,-0.4718449837528169,0.5461677312850952,4100,0.091650390625,0.9014377593994141,0.009507157,1.193353382870555,0.19807777404785157,70.8
3819,1.5963902800000003,411,841728,68.32,220,,,,,,,,,,,,
3822,2.3810616199999997,412,843776,67.54,220,-0.0065144164393132085,0.0003,0.2,-0.4865989476442337,0.5045546889305115,4110,0.107275390625,0.7420282363891602,0.028467579,2.16512183919549,,
3825,2.588732399999999,413,845824,67.75,221,-0.005414784217282431,0.0003,0.2,-0.4808525745756924,0.6605527997016907,4120,0.073388671875,0.8688867092132568,0.010743278,1.654460273310542,,
3828,4.480659029999999,414,847872,66.78,221,-0.006477297340461518,0.0003,0.2,-0.5142173735424876,0.37887847423553467,4130,0.114306640625,0.912577211856842,0.019760922,1.0273005299270153,,
3831,3.4519785800000005,415,849920,67.23,221,-0.005240989274170715,0.0003,0.2,-0.5067527184262872,0.2095813900232315,4140,0.119091796875,0.946213960647583,0.035911668,0.9316560346633196,,
,,,850000,,,-0.005504622697480954,0.0003,0.2,-0.488676081597805,0.5256609916687012,4150,0.1017578125,0.8734208941459656,0.020697445,1.4655634004622697,1.3918090261518956,69.6
3835,3.64472563,416,851968,67.33,222,,,,,,,,,,,,
3838,3.392634459999999,417,854016,67.36,222,-0.0037114395410753785,0.0003,0.2,-0.4946567449718714,0.4099702835083008,4160,0.092578125,0.8987200856208801,0.02154293,1.1081122382543982,,
3841,4.37412204,418,856064,66.52,222,-0.002367369290732313,0.0003,0.2,-0.4911184865050018,0.49040329456329346,4170,0.118505859375,0.9231798052787781,0.01807591,0.7888871083036065,,
3844,4.311306480000001,419,858112,66.63,223,-0.0034943616585223934,0.0003,0.2,-0.49568824665620925,0.2577122747898102,4180,0.107080078125,0.9031981825828552,0.011936319,0.908294331561774,,
,,,860000,,,3.7296667869668454e-05,0.0003,0.2,-0.5223404593765736,0.1262773871421814,4190,0.09306640625,0.9452793598175049,0.021159016,0.7389718591235578,1.5661643505096436,69.6
3848,4.240644069999999,420,860160,67.24,223,,,,,,,,,,,,
3851,3.91357488,421,862208,67.93,223,-0.007329207411385141,0.0003,0.2,-0.5156914382241666,0.4035157859325409,4200,0.083935546875,0.8863651752471924,0.01291305,1.0940448540262877,,
3854,3.8636219200000004,422,864256,68.02,224,-0.004145957819855539,0.0003,0.2,-0.5139857373200357,0.28996020555496216,4210,0.096875,0.9205214381217957,0.027318772,0.886291379109025,,
3857,3.6892234599999996,423,866304,68.35,224,-0.005033353264298057,0.0003,0.2,-0.5222493739798665,0.36933577060699463,4220,0.094140625,0.8854721784591675,0.013943704,1.1881769388914107,,
3860,3.1374590799999997,424,868352,67.59,224,-0.002331784371199319,0.0003,0.2,-0.528263845667243,0.2809469997882843,4230,0.10703125,0.9212449193000793,0.03408723,1.0583617142401636,,
,,,870000,,,-0.00276504763023695,0.0003,0.2,-0.5394724814221263,0.3196224570274353,4240,0.094140625,0.9372788667678833,0.01120919,0.9175773247145116,1.610597825050354,65.4
3864,2.5983658700000003,425,870400,68.47,225,,,,,,,,,,,,
3867,2.4990571900000003,426,872448,68.53,225,-0.003821326163597405,0.0003,0.2,-0.5348349646665156,0.3631221055984497,4250,0.113427734375,0.8850323557853699,0.018035073,1.298306667432189,,
3870,1.05897353,427,874496,68.71,225,0.002478841609263327,0.0003,0.2,-0.5143428601324558,0.27329570055007935,4260,0.104345703125,0.9062861800193787,0.03681147,1.1078199324198068,,
3873,1.62489473,428,876544,68.41,226,-0.004070231973310001,0.0003,0.2,-0.5069262502714992,0.32069310545921326,4270,0.06748046875,0.9210127592086792,0.008850374,1.2120638189837336,,
3877,0.45053944,429,878592,68.25,226,-0.006123936014046194,0.0003,0.2,-0.5371119466610252,0.21697655320167542,4280,0.133740234375,0.9326844811439514,0.032772016,1.0433169544674457,,
,,,880000,,,-0.002708207366231363,0.0003,0.2,-0.5264477352611721,0.3790806531906128,4290,0.1234375,0.8477922081947327,0.022118494,1.1175286015495658,-6.386632800102234,71.4
3880,1.3558348900000003,430,880640,68.14,226,,,,,,,,,,,,
3883,-0.21278627000000014,431,882688,68.89,227,-0.0040936864119430535,0.0003,0.2,-0.5766591176390647,0.2490864098072052,4300,0.137841796875,0.8956760168075562,0.014983062,1.0103832754306494,,
3887,-0.20376575000000002,432,884736,69.25,227,-0.003735051449621096,0.0003,0.2,-0.5566202947869897,0.4511939287185669,4310,0.076025390625,0.8407974243164062,0.0103637595,1.5716502705588937,,
3890,-0.33822087,433,886784,69.34,227,-0.007305620078113861,0.0003,0.2,-0.5525410073809326,0.5176860690116882,4320,0.11640625,0.864711582660675,0.01060902,1.4588621128350496,,
3893,0.6172283199999999,434,888832,68.73,228,-0.0021218356108875015,0.0003,0.2,-0.5425856585614384,0.4028003513813019,4330,0.1111328125,0.8625288009643555,0.015056578,1.3077148986980318,,
,,,890000,,,-0.0005689509722287767,0.0003,0.2,-0.5510472651571036,0.38735145330429077,4340,0.103271484375,0.8342322111129761,0.029703438,0.9964245954528451,2.081422805786133,65.4
3896,0.85748598,435,890880,68.35,228,,,,,,,,,,,,
3900,1.52698891,436,892928,67.78,228,-0.006659519398817792,0.0003,0.2,-0.5605972318910062,0.44338274002075195,4350,0.142578125,0.8887901306152344,0.0241476,1.6020791756920516,,
3903,1.0626959699999998,437,894976,67.93,229,-0.005053012947610114,0.0003,0.2,-0.5380255685187876,0.33277207612991333,4360,0.096044921875,0.9069606065750122,0.014378468,1.2289186208508909,,
3906,0.47908991,438,897024,68.4,229,-0.00347725529645686,0.0003,0.2,-0.5765761888585985,0.5456666946411133,4370,0.107470703125,0.7857040762901306,0.017178826,1.5060029997490347,,
3909,1.34187657,439,899072,67.65,229,-0.005437162202724721,0.0003,0.2,-0.5607740178704261,0.24771904945373535,4380,0.133251953125,0.8665032982826233,0.020738011,1.4793038936331868,,
,,,900000,,,-0.0001488939655246213,0.0003,0.2,-0.560895565804094,0.3407524824142456,4390,0.129833984375,0.8009320497512817,0.045642465,1.3699596217833458,4.217149829864502,67.2
3913,1.5651609499999999,440,901120,67.87,230,,,,,,,,,,,,
3916,2.9288992199999995,441,903168,67.42,230,-0.0001385268522426486,0.0003,0.2,-0.5589611678384244,0.2855827510356903,4400,0.131982421875,0.9081109166145325,0.030024633,1.0189315415918827,,
3919,2.1120605100000005,442,905216,68.5,230,-0.008285848250670825,0.0003,0.2,-0.5563119173049926,0.39933305978775024,4410,0.10419921875,0.8996484279632568,0.011496758,1.3340877328068017,,
3922,1.69307913,443,907264,68.22,231,-0.004317294737847988,0.0003,0.2,-0.5445860215462744,0.33400464057922363,4420,0.150537109375,0.8585355281829834,0.020011485,1.0726385255344213,,
3925,2.64395829,444,909312,67.17,231,-0.006391543005884159,0.0003,0.2,-0.523860888928175,0.5430259704589844,4430,0.0935546875,0.8244885802268982,0.023758061,2.486142204515636,,
,,,910000,,,-0.0015249345553456806,0.0003,0.2,-0.5366170718334615,0.303762823343277,4440,0.126708984375,0.8771792054176331,0.022355337,1.260448647942394,4.432954639196396,64.8
3929,2.3838739199999996,445,911360,67.54,231,,,,,,,,,,,,
3932,3.2904220799999995,446,913408,67.18,232,0.0025015694664034527,0.0003,0.2,-0.5407365331426263,0.33177679777145386,4450,0.14853515625,0.8841534852981567,0.043318633,0.8151259479112923,,
3935,2.5089688,447,915456,67.75,232,-0.0024471359894960186,0.0003,0.2,-0.523964395467192,0.34700313210487366,4460,0.115478515625,0.9115086793899536,0.01843789,0.9912573957815767,,
3938,2.6010988,448,917504,67.32,232,-0.0005669551974278875,0.0003,0.2,-0.5060760746710002,0.47417908906936646,4470,0.110791015625,0.8923115134239197,0.021416739,1.0767159868963063,,
3942,1.95448605,449,919552,67.5,233,0.004146717412368162,0.0003,0.2,-0.5019011842086911,0.3194372355937958,4480,0.143798828125,0.8835828900337219,0.07839687,1.1210873008705675,,
,,,920000,,,-0.0045241871383041145,0.0003,0.2,-0.5007166206836701,0.5652380585670471,4490,0.095068359375,0.869749903678894,0.017244158,1.4286673991940915,-0.5242696285247803,75.6
3945,2.5130799300000004,450,921600,67.78,233,,,,,,,,,,,,
3948,2.29027094,451,923648,67.42,233,-0.0037556365714408457,0.0003,0.2,-0.5355720553547144,0.34710702300071716,4500,0.123681640625,0.862052321434021,0.021820027,1.3351880498230457,,
3952,2.3338228400000003,452,925696,67.54,234,-0.004021160452975891,0.0003,0.2,-0.4985842453315854,0.2718299627304077,4510,0.1046875,0.8970751166343689,0.019535497,0.9871854644268752,,
3955,2.1597902099999997,453,927744,67.41,234,-0.006057314698409755,0.0003,0.2,-0.5077812474220991,0.3696897625923157,4520,0.12001953125,0.8911855816841125,0.01929571,1.0097895014099776,,
3958,2.9503998,454,929792,67.02,234,-0.00041338786686537785,0.0003,0.2,-0.4864897707477212,0.24541355669498444,4530,0.119921875,0.904000461101532,0.024915513,0.7781214822083712,,
,,,930000,,,0.0034584187640575694,0.0003,0.2,-0.4594818899407983,0.22871750593185425,4540,0.129052734375,0.9048479795455933,0.04249555,0.6453951855190099,-3.134166640043259,69.6
3961,3.54239622,455,931840,66.97,235,,,,,,,,,,,,
3965,3.7523024200000004,456,933888,66.64,235,-0.004651268148882082,0.0003,0.2,-0.4856858864426613,0.4092617630958557,4550,0.095654296875,0.75191330909729,0.020265875,1.44997618785128,,
3968,3.1665950499999997,457,935936,66.79,235,-0.0011609231471084059,0.0003,0.2,-0.47155417399480937,0.31522706151008606,4560,0.11865234375,0.8959366679191589,0.016674321,0.7560290629975498,,
3971,2.6835754499999998,458,937984,66.57,236,-0.001881803861761,0.0003,0.2,-0.4739697802811861,0.2873166799545288,4570,0.10576171875,0.8586269021034241,0.015819889,1.2092203271575273,,
,,,940000,,,-0.004663390138739487,0.0003,0.2,-0.49287310149520636,0.30126720666885376,4580,0.093603515625,0.7948940992355347,0.015693415,1.2316225089132786,0.39016653299331666,69.6
3975,2.88964246,459,940032,66.45,236,,,,,,,,,,,,
3978,2.86705894,460,942080,67.06,236,-0.0014748780158697627,0.0003,0.2,-0.4945050189271569,0.192156583070755,4590,0.147802734375,0.8874638676643372,0.04793645,0.8721668648533523,,
3981,3.4567651600000007,461,944128,67.0,237,0.0003194384087692015,0.0003,0.2,-0.45948349637910724,0.22245287895202637,4600,0.1013671875,0.9089621305465698,0.010779794,0.7287466733716428,,
3984,3.6962856000000004,462,946176,67.21,237,-0.0023368543785181827,0.0003,0.2,-0.4573615415021777,0.22517359256744385,4610,0.086376953125,0.9375137686729431,0.018884279,0.7657583637163043,,
3987,3.9307685400000003,463,948224,67.02,237,-0.003707618026237469,0.0003,0.2,-0.4531605618074536,0.16689668595790863,4620,0.1171875,0.9459713101387024,0.014326829,0.8587475709151476,,
,,,950000,,,-0.0028816558253311085,0.0003,0.2,-0.4537323021329939,0.3741370141506195,4630,0.060595703125,0.9020620584487915,0.009347141,1.0826017341576517,5.976141560077667,66.6
3991,3.94592977,464,950272,67.42,238,,,,,,,,,,,,
3994,3.5623947899999995,465,952320,67.57,238,-0.002529713780677412,0.0003,0.2,-0.4612231240607798,0.4540915787220001,4640,0.1107421875,0.8858110904693604,0.015008016,0.9560743068344891,,
3997,3.4988113999999992,466,954368,67.84,238,-0.003463896407629363,0.0003,0.2,-0.456808854918927,0.26842764019966125,4650,0.115283203125,0.887068510055542,0.02408512,0.575850538443774,,
4001,2.7298285000000004,467,956416,68.38,239,-0.0020948688732460143,0.0003,0.2,-0.4798847586847842,0.1451614797115326,4660,0.109130859375,0.9042845964431763,0.036502127,0.6783661074470728,,
4004,2.9866362200000003,468,958464,68.67,239,-0.002076611494703684,0.0003,0.2,-0.4579823757521808,0.3262569010257721,4670,0.0763671875,0.8870477080345154,0.00899997,0.9120971912518143,,
,,,960000,,,-0.003071565099526197,0.0003,0.2,-0.4693399685434997,0.17725259065628052,4680,0.129345703125,0.9351520538330078,0.04530618,0.6036558800376952,-0.033219766616821286,69.6
4007,3.7846761300000002,469,960512,67.6,239,,,,,,,,,,,,
4010,3.8317921099999994,470,962560,67.75,239,-0.008396774025459307,0.0003,0.2,-0.462645816244185,0.2193048596382141,4690,0.100146484375,0.9309442639350891,0.011889556,0.8392746084835381,,
4014,4.04431288,471,964608,67.3,240,-0.003987587372830603,0.0003,0.2,-0.49357454674318435,0.23109105229377747,4700,0.093603515625,0.9279470443725586,0.022245474,0.6309988498222083,,
4017,4.27776578,472,966656,67.96,240,-0.003837956134520937,0.0003,0.2,-0.48458050228655336,0.15800805389881134,4710,0.116064453125,0.9427018761634827,0.011695686,0.7200094319880008,,
4020,3.30551787,473,968704,68.07,240,-0.001901308169180993,0.0003,0.2,-0.5077823480591178,0.06113671883940697,4720,0.10478515625,0.939769446849823,0.022407211,0.5098241558298469,,
,,,970000,,,-0.002367440739180893,0.0003,0.2,-0.4775402843952179,0.10124842822551727,4730,0.073486328125,0.936444103717804,0.009872247,0.7192406526766717,5.291919159889221,64.8
4023,3.5374871799999994,474,970752,68.23,241,,,,,,,,,,,,
4027,3.1686823499999996,475,972800,67.57,241,-0.00048043471833807415,0.0003,0.2,-0.48306422811001537,0.13378912210464478,4740,0.10390625,0.9502138495445251,0.018165942,0.648660252103582,,
4030,3.5042804000000003,476,974848,67.78,241,-0.0017845026464783586,0.0003,0.2,-0.4873097433708608,0.20325499773025513,4750,0.1072265625,0.943888247013092,0.023037734,0.5652580095455051,,
4033,4.0714494299999995,477,976896,67.26,242,-0.00729233528545592,0.0003,0.2,-0.5005325214006007,0.10007010400295258,4760,0.11806640625,0.9515119791030884,0.014899442,0.6023402483202517,,
4036,3.60168652,478,978944,68.28,242,-0.003118707133035059,0.0003,0.2,-0.4959851468913257,0.16751091182231903,4770,0.08408203125,0.9265713095664978,0.013755254,0.5774137825937942,,
,,,980000,,,-0.0037534875838900915,0.0003,0.2,-0.5244340045377612,0.35778236389160156,4780,0.1083984375,0.9127398729324341,0.011389326,0.5043063177261502,4.347952651977539,64.8
4040,3.26581561,479,980992,69.52,242,,,,,,,,,,,,
4043,3.2475740500000008,480,983040,69.79,243,-0.005084068803989794,0.0003,0.2,-0.538192031159997,0.2502780556678772,4790,0.0755859375,0.9333854913711548,0.0208583,0.759040480852127,,
4046,2.7429286100000003,481,985088,70.06,243,-0.0027935695376072544,0.0003,0.2,-0.5298914007842541,0.22587116062641144,4800,0.11806640625,0.8552079200744629,0.013808358,1.0311767284758389,,
4049,2.4213948300000006,482,987136,70.2,243,-0.0007455775521520991,0.0003,0.2,-0.5295494938269257,0.444452166557312,4810,0.0921875,0.909845232963562,0.014699744,1.0212671036832035,,
4052,2.67608267,483,989184,69.27,244,-0.0028875657750177196,0.0003,0.2,-0.536396006681025,0.22031909227371216,4820,0.104248046875,0.9138495922088623,0.015273418,0.734854444488883,,
,,,990000,,,0.0006568879893166013,0.0003,0.2,-0.49989665048196913,0.3763546347618103,4830,0.10859375,0.8380586504936218,0.019109491,0.9148176656104624,6.069660472869873,66.0
4056,3.26467487,484,991232,69.34,244,,,,,,,,,,,,
4059,3.77733002,485,993280,68.59,244,-0.00403436859633075,0.0003,0.2,-0.5415006878785789,0.21336498856544495,4840,0.114306640625,0.8967114090919495,0.020429553,0.8077829479239881,,
4062,3.5285187800000006,486,995328,68.56,244,-3.938194422516972e-05,0.0003,0.2,-0.542033392842859,0.43479999899864197,4850,0.122412109375,0.8762676119804382,0.020958226,0.9414387094788254,,
4066,3.5662379899999994,487,997376,68.01,245,-0.0016746821595006623,0.0003,0.2,-0.5178693341091275,0.24734392762184143,4860,0.09345703125,0.8992204666137695,0.02238793,0.7861945545300841,,
4069,3.8128172000000005,488,999424,68.01,245,-0.0009165265983028803,0.0003,0.2,-0.49875665130093694,0.14737166464328766,4870,0.09755859375,0.9144532680511475,0.01172932,0.9394978679716587,,
,,,1000000,,,-0.0027042348679970018,0.0003,0.2,-0.5030789005570113,0.32240960001945496,4880,0.085205078125,0.8673380613327026,0.012811418,1.0776169193908571,2.972445774078369,66.6
4072,3.2308452900000004,489,1001472,67.75,245,,,,,,,,,,,,
